
SET SQL_MODE = "NO_AUTO_VALUE_ON_ZERO";
SET time_zone = "+00:00";


/*!40101 SET @OLD_CHARACTER_SET_CLIENT=@@CHARACTER_SET_CLIENT */;
/*!40101 SET @OLD_CHARACTER_SET_RESULTS=@@CHARACTER_SET_RESULTS */;
/*!40101 SET @OLD_COLLATION_CONNECTION=@@COLLATION_CONNECTION */;
/*!40101 SET NAMES utf8 */;


-- --------------------------------------------------------

--
-- Estructura de tabla para la tabla `agrupacion_tipo_contrato`
--

CREATE TABLE IF NOT EXISTS `agrupacion_tipo_contrato` (
  `id` int(11) NOT NULL,
  `descripcion` varchar(256) NOT NULL,
  PRIMARY KEY (`id`)
) ENGINE=InnoDB DEFAULT CHARSET=latin1;

--
-- Volcado de datos para la tabla `agrupacion_tipo_contrato`
--

INSERT INTO `agrupacion_tipo_contrato` (`id`, `descripcion`) VALUES
(1, 'Permanente'),
(2, 'Temporal');

-- --------------------------------------------------------

--
-- Estructura de tabla para la tabla `clase_minimo`
--

CREATE TABLE IF NOT EXISTS `clase_minimo` (
  `id` int(11) NOT NULL,
  `descripcion` varchar(64) NOT NULL,
  PRIMARY KEY (`id`)
) ENGINE=InnoDB DEFAULT CHARSET=latin1;

--
-- Volcado de datos para la tabla `clase_minimo`
--

INSERT INTO `clase_minimo` (`id`, `descripcion`) VALUES
(0, 'NO CONSTA '),
(1, 'MINIMOS SIN CONYUGE '),
(2, 'MINIMOS CON CONYUGE '),
(3, 'MINIMOS CONYUGE 93'),
(4, 'MIN. CON CARGAS FAMILIARES'),
(5, 'MIN. DISCAPACIDAD '),
(6, 'MIN.CARGAS Y DISCAPACIDAD'),
(7, 'MIN. CON CONYUGE NO A CARGO'),
(8, 'MIN. UNIPERSONALES');

-- --------------------------------------------------------

--
-- Estructura de tabla para la tabla `clase_prestacion`
--

CREATE TABLE IF NOT EXISTS `clase_prestacion` (
  `id` varchar(2) NOT NULL,
  `descripcion` varchar(64) NOT NULL,
  `tipo_prestacion` int(11) NOT NULL,
  PRIMARY KEY (`id`),
  KEY `tipo_prestacion` (`tipo_prestacion`)
) ENGINE=InnoDB DEFAULT CHARSET=latin1;

--
-- Volcado de datos para la tabla `clase_prestacion`
--

INSERT INTO `clase_prestacion` (`id`, `descripcion`, `tipo_prestacion`) VALUES
('10', 'Incapacidad con resolución provisional', 2),
('11', 'Incapacidad absoluta', 2),
('12', 'Incapacidad total', 2),
('13', 'Incapacidad permanente parcial', 2),
('14', 'Gran invalidez', 2),
('15', 'Incapacidad complementaria silicosis', 2),
('16', 'Inc. temporal., inv.provisional, larga enferm.', 2),
('17', 'Inc. temporal e inv.provisional (AT y EP)', 2),
('18', 'Otros grados de incapacidad', 2),
('19', 'Otros grados de incapacidad', 2),
('20', 'Jubilación con resolución provisional', 3),
('21', 'Jubilaciones en general', 3),
('22', 'Jub. anticipadas antiguas de distintos tipos', 3),
('23', 'Ayudas previas a la jub. ordinaria y anticipada', 3),
('24', 'Jubilación especial a los 64 años', 3),
('25', 'Jubilación parcial', 3),
('26', 'Exceso SOVI total', 3),
('30', 'Viudedad con resolución provisional', 4),
('31', 'Viudedad en general', 4),
('32', 'Viudedad MUNPAL', 4),
('40', 'Orfandad con resolución provisional', 5),
('41', 'Orfandad simple', 5),
('42', 'Orfandad absoluta', 5),
('51', 'A favor de familiares', 6),
('52', 'A favor de familiares', 6),
('53', 'A favor de familiares', 6),
('54', 'A favor de familiares', 6),
('J1', 'Incapacidad absoluta >65 años', 1),
('J2', 'Incapacidad total >65 años', 1),
('J3', 'Incapacidad permanente parcial >65 años', 1),
('J4', 'Gran invalidez >65 años', 1),
('J5', 'Inc. complementaria silicosis >65 años', 1);

-- --------------------------------------------------------

--
-- Estructura de tabla para la tabla `cnae93`
--

CREATE TABLE IF NOT EXISTS `cnae93` (
  `id` varchar(64) NOT NULL,
  `descripcion` varchar(512) NOT NULL,
  PRIMARY KEY (`id`)
) ENGINE=InnoDB DEFAULT CHARSET=latin1;

--
-- Volcado de datos para la tabla `cnae93`
--

INSERT INTO `cnae93` (`id`, `descripcion`) VALUES
('01', 'Agricultura, ganadería, caza y actividades de servicios relacionados con las mismas'),
('011', 'Producción agrícola'),
('0111', 'Cultivo de cereales y otros cultivos'),
('01110', 'Cultivo de cereales y otros cultivos'),
('0112', 'Cultivo de hortalizas, especialidades de horticultura y productos de vivero'),
('01121', 'Cultivo de hortalizas'),
('01122', 'Cultivo de flores y plantas ornamentales'),
('0113', 'Cultivo de frutas, frutos secos, especias y cultivos para bebidas'),
('01131', 'Cultivo de la vid'),
('01132', 'Cultivo de agrios'),
('01133', 'Cultivo del olivo'),
('01134', 'Cultivo de otras frutas, frutos secos, especias y cultivos para bebidas'),
('012', 'Producción ganadera'),
('0121', 'Explotación de ganado bovino y producción de leche cruda'),
('01210', 'Explotación de ganado bovino y producción de leche cruda'),
('0122', 'Explotación de ganado ovino, caprino y equino'),
('01221', 'Explotación de ganado ovino y caprino'),
('01222', 'Explotación de ganado equino'),
('0123', 'Explotación de ganado porcino'),
('01231', 'Explotación de ganado porcino intensivo'),
('01232', 'Explotación de ganado porcino extensivo'),
('0124', 'Avicultura'),
('01240', 'Avicultura'),
('0125', 'Otras explotaciones de ganado'),
('01250', 'Otras explotaciones de ganado'),
('013', 'Producción agraria combinada con producción ganadera'),
('0130', 'Producción agraria combinada con producción ganadera'),
('01300', 'Producción agraria combinada con producción ganadera'),
('014', 'Actividades de servicios relacionados con la agricultura y ganadería, excepto actividades veterinarias'),
('0141', 'Actividades de servicios relacionados con la agricultura'),
('01410', 'Actividades de servicios relacionados con la agricultura'),
('0142', 'Actividades de servicios relacionados con la ganadería, excepto las actividades vetenarias'),
('01420', 'Actividades de servicios relacionados con la ganadería, excepto las actividades vetenarias'),
('015', 'Caza, captura de animales y repoblación cinegética, incluidas las actividades de los servicios relacionadas con las mismas'),
('0150', 'Caza, colocación de trampas y repoblación cinegética, incluidas las actividades de los servicios relacionados con las mismas'),
('01501', 'Caza y captura de animales'),
('01502', 'Repoblación cinegética'),
('01503', 'Actividades de los servicios relacionados con la caza'),
('02', 'Silvicultura, explotación forestal y actividades de los servicios relacionados con las mismas'),
('020', 'Silvicultura, explotación forestal y actividades de los servicios relacionadas con las mismas'),
('0201', 'Silvicultura y explotación forestal'),
('02011', 'Silvicultura'),
('02012', 'Explotación forestal'),
('0202', 'Actividades de los servicios relacionados con la silvicultura y la explotación forestal'),
('02020', 'Actividades de los servicios relacionados con la silvicultura y la explotación forestal'),
('05', 'Pesca, acuicultura y actividades de los servicios relacionados con las mismas'),
('050', 'Pesca, acuicultura y actividades de los servicios relacionados con las mismas'),
('0501', 'Pesca'),
('05010', 'Pesca'),
('0502', 'Acuicultura'),
('05021', 'Acuicultura de aguas continentales'),
('05022', 'Acuicultura de aguas marinas'),
('10', 'Extracción y aglomeración de antracita, hulla, lignito y turba'),
('101', 'Extracción y aglomeración de antracita y hulla'),
('1010', 'Extracción y aglomeración de antracita y hulla'),
('10101', 'Extracción y aglomeración de antracita'),
('10102', 'Extracción y aglomeración de hulla'),
('10103', 'Extracción y aglomeración de hulla subituminosa'),
('102', 'Extracción y aglomeración de lignito pardo'),
('1020', 'Extracción y aglomeración de lignito pardo'),
('10200', 'Extracción y aglomeración de lignito pardo'),
('103', 'Extracción y aglomeración de turba'),
('1030', 'Extracción y aglomeración de turba'),
('10300', 'Extracción y aglomeración de turba'),
('11', 'Extracción de crudos de petróleo y gas natural; actividades de los servicios relacionados con las explotaciones petrolíferas y de gas, excepto actividades de prospección'),
('111', 'Extracción de crudos de petróleo y gas natural'),
('1110', 'Extracción de crudos de petróleo y gas natural'),
('11100', 'Extracción de crudos de petróleo y gas natural'),
('112', 'Actividades de los servicios relacionados con las explotaciones petrolíferas y de gas, excepto las actividades de prospección'),
('1120', 'Actividades de los servicios relacionados con las explotaciones petrolíferas y de gas, excepto las actividades de prospección'),
('11200', 'Actividades de los servicios relacionados con las explotaciones petrolíferas y de gas, excepto las actividades de prospección'),
('12', 'Extracción de minerales de uranio y de torio'),
('120', 'Extracción de minerales de uranio y de torio'),
('1200', 'Extracción de minerales de uranio y de torio'),
('12000', 'Extracción de minerales de uranio y de torio'),
('13', 'Extracción de minerales metálicos'),
('131', 'Extracción de mineral de hierro'),
('1310', 'Extracción de mineral de hierro'),
('13100', 'Extracción de mineral de hierro'),
('132', 'Extracción de minerales métalicos no férreos, excepto minerales de uranio y torio'),
('1320', 'Extracción de minerales métalicos no férreos, excepto minerales de uranio y torio'),
('13201', 'Extracción de cobre, plomo y cinc'),
('13202', 'Extracción de metales preciosos'),
('13203', 'Extracción de otros minerales metálicos no férreos'),
('14', 'Extracción de minerales no métalicos ni energéticos'),
('141', 'Extracción de piedra'),
('1411', 'Extracción de piedra para la construcción'),
('14111', 'Extracción de mármol'),
('14112', 'Extracción de granito'),
('14113', 'Extracción de otros tipos de piedra'),
('1412', 'Extracción de piedra caliza, yeso y creta'),
('14121', 'Extracción de yeso'),
('14122', 'Extracción de creta'),
('14123', 'Extracción de otras piedras'),
('1413', 'Extracción de pizarras'),
('14130', 'Extracción de pizarras'),
('142', 'Extracción de arenas y arcillas'),
('1421', 'Extracción de gravas y arenas'),
('14210', 'Extracción de gravas y arenas'),
('1422', 'Extracción de arcilla y caolín'),
('14221', 'Extracción de caolín'),
('14222', 'Extracción de arcilla'),
('143', 'Extracción de minerales para abonos y productos químicos'),
('1430', 'Extracción de minerales para abonos y productos químicos'),
('14301', 'Extracción de fosfatos y nitratos'),
('14302', 'Extracción de sales potásicas'),
('14303', 'Extracción de piritas y azufre'),
('14304', 'Extracción de fluorita'),
('14305', 'Extracción de otros minerales para abonos y productos químicos'),
('144', 'Producción de sal'),
('1440', 'Producción de sal'),
('14401', 'Producción de sal marina'),
('14402', 'Producción de sal manantial y sal gema'),
('145', 'Extracción de otros minerales no metálicos ni energéticos'),
('1450', 'Extracción de otros minerales no metálicos ni energéticos'),
('14501', 'Extracción de feldespatos'),
('14502', 'Extracción de otros minerales'),
('15', 'Industria de productos alimenticios y bebidas'),
('151', 'Industria cárnica'),
('1511', 'Sacrificio de ganado y conservación de carne'),
('15110', 'Sacrificio de ganado y conservación de carne'),
('1512', 'Sacrificio y conservación de volatería'),
('15120', 'Sacrificio y conservación de volatería'),
('1513', 'Fabricación de productos cárnicos'),
('15130', 'Fabricación de productos cárnicos'),
('152', 'Elaboración y conservación de pescado y productos a base de pescado'),
('1520', 'Elaboración y conservación de pescado y productos a base de pescado'),
('15201', 'Elaboración de productos congelados o refrigerados de pescados y otros productos marinos'),
('15202', 'Fabricación de conservas de pescado'),
('15203', 'Elaboración de productos de la pesca ahumados'),
('153', 'Preparación y conservación de frutas y hortalizas'),
('1531', 'Preparación y conservación de patatas'),
('15310', 'Preparación y conservación de patatas'),
('1532', 'Fabricación de jugos de frutas y hortalizas'),
('15321', 'Fabricación de jugo de uva'),
('15322', 'Fabricación de otros jugos de frutas y hortalizas'),
('1533', 'Fabricación de conservas de frutas y hortalizas'),
('15331', 'Preparación de hortalizas congeladas'),
('15332', 'Preparación y conservación de hortalizas no congeladas'),
('15333', 'Preparación y conservación de aceitunas'),
('15334', 'Fabricación de conservas de frutas'),
('154', 'Fabricación de grasas y aceites (vegetales y animales)'),
('1541', 'Fabricación de aceites y grasas sin refinar'),
('15411', 'Obtención de aceite de oliva sin refinar'),
('15412', 'Obtención de otras grasas y aceites vegetales sin refinar'),
('15413', 'Obtención de otras grasas y aceites animales no comestibles'),
('1542', 'Fabricación de aceites y grasas refinades'),
('15420', 'Fabricación de aceites y grasas refinades'),
('1543', 'Fabricación de margarina y grasas comestibles similares'),
('15430', 'Fabricación de margarina y grasas comestibles similares'),
('155', 'Industrias lácteas'),
('1551', 'Fabricación de productos lácteos'),
('15511', 'Preparación de leche, fabricación de mantequilla y otros productos lácteos'),
('15512', 'Fabricación de quesos'),
('1552', 'Elaboración de helados'),
('15520', 'Elaboración de helados'),
('156', 'Fabricación de productos de molinería, almidones y productos amiláceos'),
('1561', 'Fabricación de productos de molinería'),
('15611', 'Molturación de trigo'),
('15612', 'Molturación de otros granos'),
('15613', 'Fabricación de otros productos de molinería'),
('1562', 'Fabricación de almidones y productos amiláceos'),
('15620', 'Fabricación de almidones y productos amiláceos'),
('157', 'Fabricación de productos para la alimentación animal'),
('1571', 'Fabricación de productos para la alimentación de animales de granja'),
('15710', 'Fabricación de productos para la alimentación de animales de granja'),
('1572', 'Fabricación de productos para la alimentación de animales de compañía'),
('15720', 'Fabricación de productos para la alimentación de animales de compañía'),
('158', 'Fabricación de otros productos alimenticios'),
('1581', 'Fabricación de pan y de productos de panadería y pastelería frescos'),
('15811', 'Fabricación de pan y otros productos de panadería frescos'),
('15812', 'Fabricación de productos de pastelería'),
('1582', 'Fabricación de galletas y productos de panadería y pastelería de larga duración'),
('15821', 'Fabricación de galletas'),
('15822', 'Fabricación de productos de panadería y pastelería de larga duración'),
('1583', 'Industria del azúcar'),
('15830', 'Industria del azúcar'),
('1584', 'Industria del cacao, chocolate y confitería'),
('15841', 'Industria del cacao y chocolate'),
('15842', 'Industria de productos de confitería'),
('1585', 'Fabricación de pastas alimenticias'),
('15850', 'Fabricación de pastas alimenticias'),
('1586', 'Elaboración de café, té e infusiones'),
('15860', 'Elaboración de café, te e infusiones'),
('1587', 'Elaboración de especias, salsas y condimentos'),
('15870', 'Elaboración de especias, salsas y condimentos'),
('1588', 'Elaboración de preparados para la alimentación infantil y preparados dietéticos'),
('15881', 'Elaboración de preparados para la alimentación infantil'),
('15882', 'Elaboración de otros preparados dietéticos'),
('1589', 'Elaboración de otros productos alimenticios'),
('15890', 'Elaboración de otros productos alimenticios'),
('159', 'Elaboración de bebidas'),
('1591', 'Destilación de bebidas alcohólicas'),
('15911', 'Obtención de aguardientes naturales'),
('15912', 'Obtención de otras bebidas alcohólicas destiladas'),
('1592', 'Destilación de alcohol etílico procedente de fermentación'),
('15920', 'Destilación de alcohol etílico procedente de fermentación'),
('1593', 'Elaboración de vinos'),
('15931', 'Elaboración de cavas y vinos espumosos naturales'),
('15932', 'Elaboración y crianza de vinos'),
('1594', 'Elaboración de sidra y otras bebidas fermentadas, a partir de frutas'),
('15940', 'Elaboración de sidra y otras bebidas fermentadas, a partir de frutas'),
('1595', 'Elaboración de otras bebidas no destiladas, procedentes de fermentación'),
('15950', 'Elaboración de otras bebidas no destiladas, procedentes de fermentación'),
('1596', 'Fabricación de cerveza'),
('15960', 'Fabricación de cerveza'),
('1597', 'Fabricación de malta'),
('15970', 'Fabricación de malta'),
('1598', 'Producción de aguas minerales y bebidas analcohólicas'),
('15981', 'Envasado de agua mineral natural, de manantial y potable preparada'),
('15982', 'Producción de bebidas refrescantes sin alcohol'),
('16', 'Industria del tabaco'),
('160', 'Industria del tabaco'),
('1600', 'Industria del tabaco'),
('16000', 'Industria del tabaco'),
('17', 'Industria textil'),
('171', 'Preparación e hilado de fibras textiles'),
('1711', 'Preparación e hilado de fibras de algodón y sus mezclas'),
('17110', 'Preparación e hilado de fibras de algodón y sus mezclas'),
('1712', 'Preparación e hilado de fibras de lana cardada y sus mezclas'),
('17120', 'Preparación e hilado de fibras de lana cardada y sus mezclas'),
('1713', 'Preparación e hilado de fibras de lana peinada y sus mezclas'),
('17130', 'Preparación e hilado de fibras de lana peinada y sus mezclas'),
('1714', 'Preparación e hilado de fibras de lino y sus mezclas'),
('17140', 'Preparación e hilado de fibras de lino y sus mezclas'),
('1715', 'Torcido y preparación de la seda ; torcido y textura de filamentos sintéticos y artificiales'),
('17150', 'Torcido y preparación de la seda ; torcido y textura de filamentos sintéticos y artificiales'),
('1716', 'Fabricación de hilo de coser'),
('17160', 'Fabricación de hilo de coser'),
('1717', 'Preparación e hilatura de otras fibras textiles'),
('17170', 'Preparación e hilatura de otras fibras textiles'),
('172', 'Fabricación de tejidos textiles'),
('1721', 'Fabricación de tejidos de algodón y sus mezclas'),
('17210', 'Fabricación de tejidos de algodón y sus mezclas'),
('1722', 'Fabricación de tejidos de lana cardada y sus mezclas'),
('17220', 'Fabricación de tejidos de lana cardada y sus mezclas'),
('1723', 'Fabricación de tejidos de lana peinada y sus mezclas'),
('17230', 'Fabricación de tejidos de lana peinada y sus mezclas'),
('1724', 'Fabricación de tejidos de seda'),
('17240', 'Fabricación de tejidos de seda'),
('1725', 'Fabricación de otros tejidos textiles'),
('17250', 'Fabricación de otros tejidos textiles'),
('173', 'Acabado de textiles'),
('1730', 'Acabado de textiles'),
('17301', 'Teñido de textiles'),
('17302', 'Estampación de textiles'),
('17303', 'Otros acabados de textiles'),
('174', 'Fabricación de otros artículos textiles confeccionados, excepto prendas de vestir'),
('1740', 'Fabricación de otros artículos textiles confeccionados, excepto prendas de vestir'),
('17400', 'Fabricación de artículos textiles confeccionados, excepto prendas de vestir'),
('175', 'Otras industrias textiles'),
('1751', 'Fabricación de alfombras y moquetas'),
('17510', 'Fabricación de alfombras y moquetas'),
('1752', 'Fabricación de cuerdas, cordeles, bramantes y redes'),
('17520', 'Fabricación de cuerdas, cordeles, bramantes y redes'),
('1753', 'Fabricación de telas no tejidas y artículos confeccionados con éstas, excepto prendas de vestir'),
('17530', 'Fabricación de telas no tejidas y artículos confeccionados con éstas, excepto prendas de vestir'),
('1754', 'Fabricación de otros artículos textiles'),
('17541', 'Fabricación de tejidos estrechos'),
('17542', 'Fabricación de tejidos impregnados, endurecidos o recubiertos en materias plásticas'),
('17543', 'Fabricación de otros artículos textiles'),
('176', 'Fabricación de tejidos de punto'),
('1760', 'Fabricación de tejidos de punto'),
('17600', 'Fabricación de tejidos de punto'),
('177', 'Fabricación de artículos en tejidos de punto'),
('1771', 'Fabricación de calcetería'),
('17710', 'Fabricación de calcetería'),
('1772', 'Fabricación de otros artículos en tejidos de punto'),
('17720', 'Fabricación de otros artículos en tejidos de punto'),
('18', 'Industria de la confección y de la peletería'),
('181', 'Confección de prendas de cuero'),
('1810', 'Confección de prendas de cuero'),
('18100', 'Confección de prendas de cuero'),
('182', 'Confección de prendas de vestir en textiles y accesorios'),
('1821', 'Confección de ropa de trabajo'),
('18210', 'Confección de ropa de trabajo'),
('1822', 'Confección de otras prendas exteriores'),
('18221', 'Confección industrial'),
('18222', 'Confección a medida'),
('1823', 'Confección de ropa interior'),
('18231', 'Confección de ropa interior masculina'),
('18232', 'Confección de lencería femenina'),
('1824', 'Confección de otras prendas de vestir y accesorios'),
('18241', 'Confección de ropa para bebé y primera infancia'),
('18242', 'Confección de ropa deportiva'),
('18243', 'Confección de otras prendas de vestir y accesorios'),
('183', 'Preparación y teñido de pieles de peletería; fabricación de artículos de peletería'),
('1830', 'Preparación y teñido de pieles de peleteria; fabricación de artículos de peletería'),
('18301', 'Preparación, curtido y teñido de pieles de peletería'),
('18302', 'Fabricación de artículos de peletería'),
('19', 'Preparación, curtido y acabado del cuero; fabricación de artículos de marroquinería y viaje; artículos de guarnicionería, talabartería y zapatería'),
('191', 'Preparación, curtido y acabado del cuero'),
('1910', 'Preparación, curtido y acabado del cuero'),
('19100', 'Preparación, curtido y acabado del cuero'),
('192', 'Fabricación de artículos de marroquinería y viaje; artículos de guarnicionería y talabartería'),
('1920', 'Fabricación de artículos de marroquinería y viaje; artículos de guarnicionería y talabartería'),
('19201', 'Fabricación de artículos de marroquinería y viaje'),
('19202', 'Fabricación de otros artículos de piel'),
('193', 'Fabricación de calzado'),
('1930', 'Fabricación de calzado'),
('19300', 'Fabricación de calzado'),
('20', 'Industria de la madera y del corcho, excepto muebles; cestería y espartería'),
('201', 'Aserrado y cepillado de la madera:preparación industrial de la madera'),
('2010', 'Aserrado y cepillado de la madera:preparación industrial de la madera'),
('20101', 'Aserrado y cepillado de la madera'),
('20102', 'Preparación industrial de la madera'),
('202', 'Fabricación de chapas, tableros contrachapados, alistonados, de partículas aglomeradas, de fibras y otros tableros y paneles'),
('2020', 'Fabricación de chapas, tableros contrachapados, alistonados, de partículas aglomeradas, de fibras y otros tableros y paneles'),
('20200', 'Fabricación de chapas, tableros contrachapados, alistonados, de partículas aglomeradas, de fibras y otros tableros y paneles'),
('203', 'Fabricación de estructuras de madera y piezas de carpintería y ebanistería para la construcción'),
('2030', 'Fabricación de estructuras de madera y piezas de carpintería y ebanistería para la construcción'),
('20301', 'Fabricación de piezas de carpintería y ebanistería para la construcción'),
('20302', 'Fabricación de estructuras de madera'),
('204', 'Fabricación de envases y embalajes de madera'),
('2040', 'Fabricación de envases y embalajes de madera'),
('20400', 'Fabricación de envases y embalajes de madera'),
('205', 'Fabricación de otros productos de madera. Fabricación de artículos de corcho, cestería y espartería'),
('2051', 'Fabricación de otros productos de madera'),
('20510', 'Fabricación de otros productos de madera'),
('2052', 'Fabricación de productos de corcho, cestería y espartería'),
('20521', 'Tratamiento del corcho bruto y fabricación de productos de corcho'),
('20522', 'Fabricación de artículos de cestería y espartería'),
('21', 'Industria del papel'),
('211', 'Fabricación de pasta papelera, papel y cartón'),
('2111', 'Fabricación de pasta papelera'),
('21111', 'Fabricación de pasta papelera a partir de fibra virgen'),
('21112', 'Fabricación de pasta papelera a partir de fibra regenerada'),
('2112', 'Fabricación de papel y cartón'),
('21120', 'Fabricación de papel y cartón'),
('212', 'Fabricación de artículos de papel y de cartón'),
('2121', 'Fabricación de papel y cartón ondulados; fabricación de envases y embalajes de papel y cartón'),
('21210', 'Fabricación de papel y cartón ondulados; fabricación de envases y embalajes de papel y cartón'),
('2122', 'Fabricación de artículos de papel y cartón para uso doméstico y sanitario'),
('21220', 'Fabricación de artículos de papel y cartón para uso doméstico y sanitario'),
('2123', 'Fabricación de artículos de papelería'),
('21230', 'Fabricación de artículos de papelería'),
('2124', 'Fabricación de papeles pintados'),
('21240', 'Fabricación de papeles pintados'),
('2125', 'Fabricación de otros artículos de papel y cartón'),
('21250', 'Fabricación de otros artículos de papel y cartón'),
('22', 'Edición, artes gráficas y reproducción de soportes grabados'),
('221', 'Edición'),
('2211', 'Edición de libros'),
('22110', 'Edición de libros'),
('2212', 'Edición de periódicos'),
('22120', 'Ed[Bición de periódicos'),
('2213', 'Edición de revistas'),
('22130', 'Edición de revistas'),
('2214', 'Edición de soportes de sonido grabado'),
('22140', 'Edición de soportes de sonido grabado'),
('2215', 'Otras actividades de edición'),
('22150', 'Otras actividades de edición'),
('222', 'Artes gráficas y actividades de los servicios relacionados con las mismas'),
('2221', 'Impresión de periódicos'),
('22210', 'Impresión de periódicos'),
('2222', 'Otras actividades de impresión'),
('22220', 'Otras actividades de impresión'),
('2223', 'Encuadernación y acabado'),
('22230', 'Encuadernación y acabado'),
('2224', 'Composición y fotograbado'),
('22240', 'Composición y fotograbado'),
('2225', 'Otras actividades gráficas'),
('22250', 'Otras actividades gráficas'),
('223', 'Reproducción de soportes grabados'),
('2231', 'Reproducción de soportes de sonido grabado'),
('22310', 'Reproducción de soportes de sonido grabado'),
('2232', 'Reproducción de soportes de vídeo grabado'),
('22320', 'Reproducción de soportes de vídeo grabado'),
('2233', 'Reproducción de soportes de informática grabados'),
('22330', 'Reproducción de soportes de informática grabados'),
('23', 'Coquerías, refino de petróleo y tratamiento de combustibles nucleares'),
('231', 'Coquerías'),
('2310', 'Coquerías'),
('23100', 'Coquerías'),
('232', 'Refino de petróleo'),
('2320', 'Refino de petróleo'),
('23200', 'Refino de petróleo'),
('233', 'Tratamiento de combustibles nucleares y residuos radiactivos'),
('2330', 'Tratamiento de combustibles nucleares y residuos radiactivos'),
('23301', 'Producción de combustibles nucleares e isótopos radiactivos'),
('23302', 'Procesado de combustibles nucleares y gestión de residuos radiactivos'),
('24', 'Industria química'),
('241', 'Fabricación de productos químicos básicos'),
('2411', 'Fabricación de gases industriales'),
('24110', 'Fabricación de gases industriales'),
('2412', 'Fabricación de colorantes y pigmentos'),
('24120', 'Fabricación de colorantes y pigmentos'),
('2413', 'Fabricación de productos básicos de química inorgánica'),
('24130', 'Fabricación de productos básicos de química inorgánica'),
('2414', 'Fabricación de productos básicos de química orgánica'),
('24141', 'Fabricación de productos químicos orgánicos de origen petroquímico'),
('24142', 'Fabricación de otros productos básicos de química orgánica'),
('2415', 'Fabricación de abonos y compuestos nitrogenados fertilizantes'),
('24150', 'Fabricación de abonos y compuestos nitrogenados fertilizantes'),
('2416', 'Fabricación de primeras materias plásticas'),
('24160', 'Fabricación de primeras materias plásticas'),
('2417', 'Fabricación de caucho sintético en forma primaria'),
('24170', 'Fabricación de caucho sintético en forma primaria'),
('242', 'Fabricación de pesticidas y otros productos agroquímicos'),
('2420', 'Fabricación de pesticidas y otros productos agroquímicos'),
('24200', 'Fabricación de pesticidas y otros productos agroquímicos'),
('243', 'Fabricación de pinturas, barnices y revestimientos similares; tintas de imprenta y masillas'),
('2430', 'Fabricación de pinturas, barnices y revestimientos similares; tintas de imprenta y masillas'),
('24301', 'Fabricación de pinturas, barnices y revestimientos similares'),
('24302', 'Fabricación de tintas de imprenta'),
('244', 'Fabricación de productos farmacéuticos'),
('2441', 'Fabricación de productos farmacéuticos de base'),
('24410', 'Fabricación de productos farmacéuticos de base'),
('2442', 'Fabricación de preparaciones farmacéuticas y otros productos farmacéuticos de uso medicinal'),
('24421', 'Fabricación de especialidades farmacéuticas'),
('24422', 'Fabricación de otros productos de farmacia'),
('245', 'Fabricación de jabones, detergentes y otros artículos de limpieza y abrillantamiento. Fabricación de perfumes y productos de belleza e higiene'),
('2451', 'Fabricación de jabones, detergentes y otros artículos de limpieza y abrillantamiento'),
('24510', 'Fabricación de jabones, detergentes y otros productos de limpieza y abrillantamiento'),
('2452', 'Fabricación de perfumes y productos de belleza e higiene'),
('24520', 'Fabricación de perfumes y productos de belleza e higiene'),
('246', 'Fabricación de otros productos químicos'),
('2461', 'Fabricación de explosivos y artículos pirotécnicos'),
('24611', 'Fabricación de explosivos'),
('24612', 'Fabricación de artículos pirotécnicos'),
('2462', 'Fabricación de colas y gelatinas'),
('24620', 'Fabricación de colas y gelatinas'),
('2463', 'Fabricación de aceites esenciales'),
('24630', 'Fabricación de aceites esenciales'),
('2464', 'Fabricación de material fotográfico virgen y preparados químicos para fotografía'),
('24640', 'Fabricación de material fotográfico virgen y preparados químicos para fotografía'),
('2465', 'Fabricación de soportes vírgenes para grabación'),
('24650', 'Fabricación de soportes vírgenes para grabación'),
('2466', 'Fabricación de otros productos químicos'),
('24661', 'Tratamiento de aceites y grasas para usos industriales'),
('24662', 'Fabricación de otros productos químicos'),
('247', 'Fabricación de fibras artificiales y sintéticas'),
('2470', 'Fabricación de fibras artificiales y sintéticas'),
('24700', 'Fabricación de fibras artificiales y sintéticas'),
('25', 'Fabricación de productos de caucho y materias plásticas'),
('251', 'Fabricación de productos de caucho'),
('2511', 'Fabricación de neumáticos y cámaras de caucho'),
('25110', 'Fabricación de neumáticos y cámaras de caucho'),
('2512', 'Reconstrucción y recauchutado de neumáticos'),
('25120', 'Reconstrucción y recauchutado de neumáticos'),
('2513', 'Fabricación de otros productos de caucho'),
('25130', 'Fabricación de otros productos de caucho'),
('252', 'Fabricación de productos de materias plásticas'),
('2521', 'Fabricación de placas, hojas, tubos y perfiles de materias plásticas'),
('25210', 'Fabricación de placas, hojas, tubos y perfiles de materias plásticas'),
('2522', 'Fabricación de envases y embalajes materias plásticas'),
('25220', 'Fabricación de envases y embalajes materias plásticas'),
('2523', 'Fabricación de productos de materias plásticas para la construcción'),
('25230', 'Fabricación de productos de materias plásticas para la construcción'),
('2524', 'Fabricación de otros productos de materias plásticas'),
('25241', 'Fabricación de productos diversos en materias plásticas'),
('25242', 'Fabricación de piezas técnicas en materias plásticas'),
('26', 'Fabricación de otros productos minerales no metálicos'),
('261', 'Fabricación de vidrio y productos de vidrio'),
('2611', 'Fabricación de vidrio plano'),
('26110', 'Fabricación de vidrio plano'),
('2612', 'Manipulado y transformación de vidrio plano'),
('26120', 'Manipulado y transformación de vidrio plano'),
('2613', 'Fabricación de vidrio hueco'),
('26130', 'Fabricación de vidrio hueco'),
('2614', 'Fabricación de fibras de vidrio'),
('26140', 'Fabricación de fibras de vidrio'),
('2615', 'Fabricación y manipulado de otro vidrio (incluido el vidrio técnico)'),
('26150', 'Fabricación y manipulado de otro vidrio (incluido el vidrio técnico)'),
('262', 'Fabricación de productos cerámicos no refractarios excepto los destinados a la construcción; fabricación de productos cerámicos refractarios'),
('2621', 'Fabricación de artículos cerámicos de uso doméstico y ornamental'),
('26210', 'Fabricación de artículos cerámicos de uso doméstico y ornamental'),
('2622', 'Fabricación de aparatos sanitarios cerámicos'),
('26220', 'Fabricación de aparatos sanitarios cerámicos'),
('2623', 'Fabricación de aisladores y piezas aislantes de material cerámico'),
('26230', 'Fabricación de aisladores y piezas aislantes de material cerámico'),
('2624', 'Fabricación de otros productos cerámicos de uso técnico'),
('26240', 'Fabricación de productos cerámicos de uso técnico'),
('2625', 'Fabricación de otros productos cerámicos'),
('26250', 'Fabricación de otros productos cerámicos'),
('2626', 'Fabricación de productos cerámicos refractarios'),
('26260', 'Fabricación de productos cerámicos refractarios'),
('263', 'Fabricación de azulejos y baldosas de cerámica'),
('2630', 'Fabricación de azulejos y baldosas de cerámica'),
('26300', 'Fabricación de azulejos y baldosas de cerámica'),
('264', 'Fabricación de ladrillos, tejas y productos de tierras cocidas para la construcción'),
('2640', 'Fabricación de ladrillos, tejas y productos de tierras cocidas para la construcción'),
('26400', 'Fabricación de ladrillos, tejas y productos de tierras cocidas para la construcción'),
('265', 'Fabricación de cemento, cal y yeso'),
('2651', 'Fabricación de cemento'),
('26510', 'Fabricación de cemento'),
('2652', 'Fabricación de cal'),
('26520', 'Fabricación de cal'),
('2653', 'Fabricación de yeso'),
('26530', 'Fabricación de yeso'),
('266', 'Fabricación de elementos de hormigón, yeso y cemento'),
('2661', 'Fabricación de elementos de hormigón para la construcción'),
('26610', 'Fabricación de elementos de hormigón para la construcción'),
('2662', 'Fabricación de elementos de yeso para la construcción'),
('26620', 'Fabricación de elementos de yeso para la construcción'),
('2663', 'Fabricación de hormigón fresco'),
('26630', 'Fabricación de hormigón fresco'),
('2664', 'Fabricación de mortero'),
('26640', 'Fabricación de mortero'),
('2665', 'Fabricación de fibrocemento'),
('26650', 'Fabricación de fibrocemento'),
('2666', 'Fabricación de otros productos de hormigón, yeso y cemento'),
('26660', 'Fabricación de otros productos de hormigón, yeso y cemento'),
('267', 'Industria de la piedra'),
('2670', 'Industria de la piedra'),
('26701', 'Corte, tallado y acabado de la piedra'),
('26702', 'Fabricación de piedras artificiales con ligantes sintéticos'),
('268', 'Fabricación de productos minerales no metálicos diversos'),
('2681', 'Fabricación de productos abrasivos'),
('26810', 'Fabricación de productos abrasivos'),
('2682', 'Fabricación de otros productos minerales no metálicos'),
('26820', 'Fabricación de otros productos minerales no metálicos'),
('27', 'Metalurgia'),
('271', 'Fabricación de productos básicos de hierro, acero y ferroaleación CECA'),
('2710', 'Fabricación de productos básicos de hierro, acero y ferroaleación CECA'),
('27100', 'Fabricación de productos básicos de hierro, acero y ferroaleación CECA'),
('272', 'Fabricación de tubos'),
('2721', 'Fabricación de tubos de hierro'),
('27211', 'Producción de tubos de hierro'),
('27212', 'Producción de accesorios de tubos de hierro'),
('2722', 'Fabricación de tubos de acero'),
('27221', 'Producción de tubos de acero'),
('27222', 'Producción de accesorios de tubos de acero'),
('273', 'Otras actividades de la transformacióndel hierro y del acero y de ferroaleaciones no CECA*'),
('2731', 'Estirado en frío'),
('27310', 'Estirado en frío'),
('2732', 'Laminación en frío'),
('27320', 'Laminación en frío'),
('2733', 'Laminación de perfiles en frío por conformación con plegado'),
('27330', 'Laminación de perfiles en frío por conformación con plegado'),
('2734', 'Trefilado en frío'),
('27340', 'Trefilado en frío'),
('2735', 'Producción de ferroaleaciones no CECA (*) y otros procesos de transformación del hierro y del acero'),
('27351', 'Ferroaleaciones no CECA (*)'),
('27352', 'Otros procesos de la transformación del hierro y del acero'),
('274', 'Producción y primera transformación de metales preciosos y de otros metales no férreos'),
('2741', 'Producción y primera transformación de metales preciosos'),
('27410', 'Producción y primera transformación de metales preciosos'),
('2742', 'Producción y primera transformación de aluminio'),
('27420', 'Producción y primera transformación de aluminio'),
('2743', 'Producción y primera transformación de plomo, zinc y estaño'),
('27431', 'Producción y primera transformación de plomo'),
('27432', 'Producción y primera transformación de zinc'),
('27433', 'Producción y primera transformación de estaño'),
('2744', 'Producción y primera transformación de cobre'),
('27440', 'Producción y primera transformación de cobre'),
('2745', 'Producción y primera transformación de otros metales no férreos'),
('27450', 'Producción y primera transformación de otros metales no férreos'),
('275', 'Fundición de metales'),
('2751', 'Fundición de hierro'),
('27510', 'Fundición de hierro'),
('2752', 'Fundición de acero'),
('27520', 'Fundición de acero'),
('2753', 'Fundición de metales ligeros'),
('27530', 'Fundición de metales ligeros'),
('2754', 'Fundición de otros metales no férreos'),
('27540', 'Fundición de otros metales no férreos'),
('28', 'Fabricación de productos metálicos, excepto maquinaria y equipo'),
('281', 'Fabricación de elementos metálicos para la construcción'),
('2811', 'Fabricación de estructuras metálicas y sus partes'),
('28110', 'Fabricación de estructuras metálicas y sus partes'),
('2812', 'Fabricación de carpintería metálica'),
('28120', 'Fabricación de carpintería metálica'),
('282', 'Fabricación de cisternas, grandes depósitos y contenedores de metal; fabricación de radiadores y calderas para la calefacción centralricación de radiadores y calderas para calefacción central'),
('2821', 'Fabricación de cisternas, grandes depósitos y contenedores de metal'),
('28210', 'Fabricación de cisternas, grandes depósitos y contenedores de metal'),
('2822', 'Fabricación de radiadores y calderas para la calefacción central'),
('28220', 'Fabricación de radiadores y calderas para la calefacción central'),
('283', 'Fabricación de generadores de vapor'),
('2830', 'Fabricación de generadores de vapor'),
('28300', 'Fabricación de generadores de vapor'),
('284', 'Forja, estampación y embutición de metales; metalurgia de polvos'),
('2840', 'Forja, estampación y embutición de metales; metalurgia de polvos'),
('28401', 'Forja y estampación de metales'),
('28402', 'Troquelado y embutición de metales'),
('28403', 'Metalurgia de polvos'),
('285', 'Tratamiento y revestimiento de metales.Ingeniería mecánica general por cuenta de terceros'),
('2851', 'Tratamiento y revestimiento de metales'),
('28510', 'Tratamiento y revestimiento de metales'),
('2852', 'Ingeniería mecánica general por cuenta de terceros'),
('28520', 'Ingeniería mecánica general por cuenta de terceros'),
('286', 'Fabricación de artículos de cuchillería y cubertería, herramientas y ferretería'),
('2861', 'Fabricación de artículos de cuchillería y cubertería'),
('28610', 'Fabricación de artículos de cuchillería y cubertería'),
('2862', 'Fabricación de herramientas y de útiles intercambiables para máquinas herramienta'),
('28621', 'Fabricación de herraminetas manuales'),
('28622', 'Fabricación de herramientas mecánicas'),
('2863', 'Fabricación de cerraduras y herrajes'),
('28630', 'Fabricación de cerraduras y herrajes'),
('287', 'Fabricación de productos metálicos diversos, excepto muebles'),
('2871', 'Fabricación de bidones y toneles de hierro o acero'),
('28710', 'Fabricación de bidones y toneles de hierro o acero'),
('2872', 'Fabricación de envases y embalajes ligeros, en metal'),
('28720', 'Fabricación de envases y embalajes ligeros, en metal'),
('2873', 'Fabricación de productos de alambre'),
('28730', 'Fabricación de productos de alambre'),
('2874', 'Fabricación de pernos, tornillos, cadenas y muelles'),
('28740', 'Fabricación de pernos, tornillos, cadenas y muelles'),
('2875', 'Fabricación de otros productos metálicos'),
('28751', 'Fabricación de artículos metálicos de menaje doméstico'),
('28752', 'Fabricación de cajas fuertes y puertas de seguridad'),
('28753', 'Fabricación de otros productos metálicos diversos'),
('29', 'Industria de la construcción de maquinaria y equipo mecánico'),
('291', 'Fabricación de máquinas, equipo y material mecánico'),
('2911', 'Fabricación de motores y turbinas, excepto los destinados a aeronaves, vehículos automóviles y ciclomotores'),
('29110', 'Fabricación de motores y turbinas, excepto los destinados a aeronaves, vehículos automóviles y ciclomotores'),
('2912', 'Fabricación de bombas, compresores y sistemas hidráulicos'),
('29121', 'Fabricación de bombas'),
('29122', 'Fabricación de compresores'),
('29123', 'Fabricación de transmisiones hidráulicas y neumáticas'),
('2913', 'Fabricación de válvulas y grifería'),
('29130', 'Fabricación de válvulas y grifería'),
('2914', 'Fabricación de cojinetes, engranajes y órganos mecánicos de transmisión'),
('29141', 'Fabricación de rodamientos'),
('29142', 'Fabricación de órganos mecánicos de transmisión'),
('292', 'Fabricación de otra maquinaria, equipo y material mecánico de uso general'),
('2921', 'Fabricación de hornos y quemadores'),
('29210', 'Fabricación de hornos y quemadores'),
('2922', 'Fabricación de maquinaria de elevación y manipulación'),
('29221', 'Fabricación de ascensores, montecargas, escaleras metálicas y similares'),
('29222', 'Fabricación de otro material de elevación y manipulación'),
('2923', 'Fabricación de maquinaria de ventilación y refrigeración no doméstica'),
('29230', 'Fabricación de maquinaria de ventilación y refrigeración no doméstica'),
('2924', 'Fabricación de otra maquinaria de uso general'),
('29241', 'Fabricación de maquinaria y equipo de embalaje y acondicionamiento'),
('29242', 'Fabricación de material para pesar'),
('29243', 'Fabricación de otra maquinaria de uso general para la industria'),
('293', 'Fabricación de maquinaria agraria'),
('2931', 'Fabricación de tractores agrícolas'),
('29310', 'Fabricación de tractores agrícolas'),
('2932', 'Fabricación de otra maquinaria agraria'),
('29321', 'Producción de otra maquinaria agraria'),
('29322', 'Reparación de maquinaria y material agrario'),
('294', 'Fabricación de máquinas-herramienta'),
('2940', 'Fabricación de máquinas-herramienta'),
('29401', 'Fabricación de máquinas-herramienta para trabajar los metales'),
('29402', 'Fabricación de máquinas-herramienta para trabajar la madera'),
('29403', 'Fabricación de otras máquinas-herramienta'),
('295', 'Fabricación de maquinaria diversa para usos específicos'),
('2951', 'Fabricación de maquinaria para la industria metalúrgica'),
('29510', 'Fabricación de maquinaria para la industria metalúrgica'),
('2952', 'Fabricación de maquinaria para las industrias extractivas y de la construcción'),
('29520', 'Fabricación de maquinaria para las industrias extractivas y de la construcción'),
('2953', 'Fabricación de maquinaria para la industria de la alimentación, bebidas y tabaco'),
('29530', 'Fabricación de maquinaria para la industria de la alimentación, bebidas y tabaco'),
('2954', 'Fabricación de maquinaria para la industria textil, de la confección y del cuero'),
('29541', 'Fabricación de maquinaria para la industria textil y de la confección'),
('29542', 'Fabricación de maquinaria de lavado y limpieza en seco'),
('29543', 'Fabricación de maquinaria para la industria del cuero y del calzado'),
('2955', 'Fabricación de maquinaria para la industria del papel y del cartón'),
('29550', 'Fabricación de maquinaria para la industria del papel y del cartón'),
('2956', 'Fabricación de otra maquinaria para usos específicos'),
('29561', 'Fabricación de maquinaria y equipo para artes gráficas'),
('29562', 'Fabricación de máquinas para trabajar el caucho y materias plásticas'),
('29563', 'Fabricación de moldes'),
('29564', 'Fabricación de otra maquinaria para usos específicos'),
('296', 'Fabricación de armas y municiones'),
('2960', 'Fabricación de armas y municiones'),
('29601', 'Fabricación de armamento pesado'),
('29602', 'Fabricación de armas ligeras'),
('297', 'Fabricación de aparatos domésticos'),
('2971', 'Fabricación de aparatos electrodomésticos'),
('29710', 'Fabricación de aparatos electrodomésticos'),
('2972', 'Fabricación de aparatos domésticos no eléctricos'),
('29720', 'Fabricación de aparatos domésticos no eléctricos'),
('30', 'Fabricación de máquinas de oficina y equipos informáticos'),
('300', 'Fabricación de máquinas de oficina y equipos informáticos'),
('3001', 'Fabricación de máquinas de oficina'),
('30010', 'Fabricación de máquinas de oficina'),
('3002', 'Fabricación de ordenadores y otro equipo informático'),
('30020', 'Fabricación de ordenadores y otro equipo informático'),
('31', 'Fabricación de maquinaria y material eléctrico'),
('311', 'Fabricación de motores eléctricos, transformadores y generadores'),
('3110', 'Fabricación de motores eléctricos, transformadores y generadores'),
('31100', 'Fabricación de motores eléctricos, transformadores y generadores'),
('312', 'Fabricación de aparatos de distribución y control eléctrico'),
('3120', 'Fabricación de aparatos de distribución y control eléctrico'),
('31200', 'Fabricación de aparatos de distribución y control eléctrico'),
('313', 'Fabricación de hilos y cables eléctricos aislados'),
('3130', 'Fabricación de hilos y cables eléctricos aislados'),
('31300', 'Fabricación de hilos y cables eléctricos aislados'),
('314', 'Fabricación de acumuladores y pilas eléctricas'),
('3140', 'Fabricación de acumuladores y pilas eléctricas'),
('31400', 'Fabricación de acumuladores y pilas eléctricas'),
('315', 'Fabricación de lámparas eléctricas y aparatos de iluminación'),
('3150', 'Fabricación de lámparas eléctricas y aparatos de iluminación'),
('31501', 'Fabricación de lámparas y tubos eléctricos'),
('31502', 'Fabricación de aparatos de iluminación'),
('316', 'Fabricación de otro equipo eléctrico'),
('3161', 'Fabricación de material y equipo eléctrico para motores y vehículos'),
('31611', 'Fabricación de aparatos y dispositivos eléctricos para motores de combustión interna'),
('31612', 'Fabricación de aparatos eléctricos de iluminación y señalización para material de transporte'),
('3162', 'Fabricación de otro equipo y material eléctrico'),
('31620', 'Fabricación de otro equipo y material eléctrico'),
('32', 'Fabricación de material electrónico; fabricación de equipo y aparatos de radio, televisión y comunicaciones'),
('321', 'Fabricación de válvulas, tubos y otros componentes electrónicos'),
('3210', 'Fabricación de válvulas, tubos y otros componentes electrónicos'),
('32100', 'Fabricación de válvulas, tubos y otros componentes electrónicos'),
('322', 'Fabricación de transmisores de radiodifusión y televisión y de aparatos para la radiotelefonía y radiotelegrafía con hilos'),
('3220', 'Fabricación de transmisores de radiodifusión y televisión y de aparatos para la radiotelefonía y radiotelegrafía con hilos'),
('32201', 'Fabricación de equipos de emisión de radio y televisión'),
('32202', 'Fabricación de aparatos para la radiotelefonía y radiotelegrafía con hilos'),
('323', 'Fabricación de aparatos de recepción, grabación y reproducción de sonido e imagen'),
('3230', 'Fabricación de aparatos de recepción, grabación y reproducción de sonido e imagen'),
('32300', 'Fabricación de aparatos de recepción, grabación y reproducción de sonido e imagen'),
('33', 'Fabricación de equipo e instrumentos médico-quirúrgicos, de precisión óptica y relojería'),
('331', 'Fabricación de equipo e instrumentos médico-quirúrgicos y de aparatos ortopédicos'),
('3310', 'Fabricación de equipo e instrumentos médico-quirúrgicos y de aparatos ortopédicos'),
('33100', 'Fabricación de equipo e instrumentos médico-quirúrgicos y de aparatos ortopédicos'),
('332', 'Fabricación de instrumentos y aparatos de medida, verificación, control,navegación y otros fines, excepto equipos de control para procesos industriales'),
('3320', 'Fabricación de instrumentos y aparatos de medida, verificación, control, navegación y otros fines, excepto equipos de control para procesos industriales'),
('33200', 'Fabricación de instrumentos y aparatos de medida, verificación, control, navegación y otros fines, excepto equipos de control para procesos industriales'),
('333', 'Fabricación de equipo de control de procesos industriales'),
('3330', 'Fabricación de equipo de control de procesos industriales'),
('33300', 'Fabricación de equipo de control de procesos industriales'),
('334', 'Fabricación de instrumentos de óptica y de equipo fotográfico'),
('3340', 'Fabricación de instrumentos de óptica y de equipo fotográfico'),
('33401', 'Fabricación de lentes correctoras de la visión'),
('33402', 'Fabricación de instrumentos fotográficos y ópticos'),
('335', 'Fabricación de relojes'),
('3350', 'Fabricación de relojes'),
('33500', 'Fabricación de relojes'),
('34', 'Fabricación de vehículos de motor, remolques y semirremolques'),
('341', 'Fabricación de vehículos de motor'),
('3410', 'Fabricación de vehículos de motor'),
('34100', 'Fabricación de vehículos de motor'),
('342', 'Fabricación de carrocerías para vehículos de motor, de remolques y semiremolques'),
('3420', 'Fabricación de carrocerías para vehículos de motor, de remolques y semiremolques'),
('34200', 'Fabricación de carricerías para vehículos de motor, de remolques y semiremolques'),
('343', 'Fabricación de partes, piezas y accesorios no eléctricos para vehículos de motor y sus motores'),
('3430', 'Fabricación de partes, piezas y accesorios no eléctricos para vehículos de motor y sus motores'),
('34300', 'Fabricación de partes, piezas y accesorios no eléctricos para vehículos de motor y sus motores'),
('35', 'Fabricación de otro material de transporte'),
('351', 'Construcción y reparación naval'),
('3511', 'Construcción y reparación de barcos (excepto recreo y deporte)'),
('35111', 'Construcción y reparación de barcos'),
('35112', 'Desguace naval'),
('3512', 'Construcción y reparación de embarcaciones de recreo y deporte'),
('35120', 'Construcción y reparación de embarcaciones de recreo y deporte'),
('352', 'Fabricación de material ferroviario'),
('3520', 'Fabricación de material ferroviario'),
('35200', 'Fabricación de material ferroviario'),
('353', 'Construcción aeronáutica y espacial'),
('3530', 'Construcción aeronáutica y espacial'),
('35300', 'Construcción aeronáutica y espacial'),
('354', 'Fabricación de motocicletas y bicicletas'),
('3541', 'Fabricación de motocicletas'),
('35410', 'Fabricación de motocicletas'),
('3542', 'Fabricación de bicicletas'),
('35420', 'Fabricación de bicicletas'),
('3543', 'Fabricación de vehículos para inválidos'),
('35430', 'Fabricación de vehículos para inválidos'),
('355', 'Fabricación de otro material de transporte'),
('3550', 'Fabricación de otro material de transporte'),
('35500', 'Fabricación de otro material de transporte'),
('36', 'Fabricación de muebles; otras industrias manufactureras'),
('361', 'Fabricación de muebles'),
('3611', 'Fabricación de sillas y otros asientos'),
('36110', 'Fabricación de sillas y otros asientos'),
('3612', 'Fabricación de muebles de oficina y establecimientos comerciales'),
('36120', 'Fabricación de muebles de oficina y establecimientos comerciales'),
('3613', 'Fabricación de muebles de cocina y baño'),
('36130', 'Fabricación de muebles de cocina y baño'),
('3614', 'Fabricación de otros muebles'),
('36141', 'Fabricación de muebles domésticos'),
('36142', 'Fabricación de muebles de jardín'),
('36143', 'Fabricación de otros muebles diversos'),
('36144', 'Actividades relacionadas con la fabricación de muebles'),
('3615', 'Fabricación de colchones'),
('36150', 'Fabricación de colchones'),
('362', 'Fabricación de artículos de joyería, orfebrería, platería y artículos similares'),
('3621', 'Fabricación de monedas y medallas'),
('36210', 'Fabricación de monedas y medallas'),
('3622', 'Fabricación de artículos de joyería, orfebrería y platería'),
('36221', 'Fabricación de artículos de joyería'),
('36222', 'Fabricación de artículos de orfebrería y platería'),
('363', 'Fabricación de instrumentos musicales'),
('3630', 'Fabricación de instrumentos musicales'),
('36300', 'Fabricación de instrumentos musicales'),
('364', 'Fabricación de artículos de deporte'),
('3640', 'Fabricación de artículos de deporte'),
('36400', 'Fabricación de artículos de deporte'),
('365', 'Fabricación de juegos y juguetes'),
('3650', 'Fabricación de juegos y juguetes'),
('36500', 'Fabricación de juegos y juguetes'),
('366', 'Otras industrias manufactureras diversas'),
('3661', 'Fabricación de bisutería'),
('36610', 'Fabricación de bisutería'),
('3662', 'Fabricación de escobas, brochas y cepillos'),
('36620', 'Fabricación de escobas, brochas y cepillos'),
('3663', 'Fabricación de otros artículos'),
('36630', 'Fabricación de otros artículos'),
('37', 'Reciclaje'),
('371', 'Reciclaje de chatarra y desechos de metal'),
('3710', 'Reciclaje de chatarra y desechos de metal'),
('37100', 'Reciclaje de chatarra y desechos de metal'),
('372', 'Reciclaje de desechos no metálicos'),
('3720', 'Reciclaje de desechos no metálicos'),
('37200', 'Reciclaje de desechos no metálicos'),
('40', 'Producción y distribución de energía eléctrica, gas, vapor y agua caliente'),
('401', 'Producción y distribución de energía eléctrica'),
('4010', 'Producción y distribución de energía eléctrica'),
('40101', 'Producción de energía hidráulica'),
('40102', 'Producción de enegía térmica'),
('40103', 'Producción de energía nuclear'),
('40104', 'Producción de otra energía'),
('40105', 'Producción de energía eléctrica'),
('402', 'Producción de gas; distribución de combustibles gaseosos por conductos urbanos, excepto gaseoductos'),
('4020', 'Producción de gas; distribución de combustibles gaseosos por conductos urbanos, excepto gaseoductos'),
('40200', 'Producción de gas; distribución de combustibles gaseosos por conductos urbanos, excepto gaseoductos');
INSERT INTO `cnae93` (`id`, `descripcion`) VALUES
('403', 'Producción y distribución de vapor y agua caliente'),
('4030', 'Producción y distribución de vapor y agua caliente'),
('40300', 'Producción y distribución de vapor y agua caliente'),
('41', 'Captación, depuración y distribución de agua'),
('410', 'Captación, depuración y distribución de agua'),
('4100', 'Captación, depuración y distribución de agua'),
('41000', 'Captación, depuración y distribución de agua'),
('45', 'Construcción'),
('451', 'Preparación de obras'),
('4511', 'Demolición y movimientos de tierras'),
('45111', 'Demolición y excavaciones'),
('45112', 'Grandes movimientos de tierras'),
('4512', 'Perforaciones y sondeos'),
('45120', 'Perforaciones y sondeos'),
('452', 'Construcción general de inmuebles y obras de ingeniería civil'),
('4521', 'Construcción general de edificios y obras singulares de ingeniería civil(puentes, túneles,..)'),
('45211', 'Construcción de edificios'),
('45212', 'Obras singulares de ingeniería civil en superficie y en altura'),
('45213', 'Obras singulares de ingeniería civil subterránea'),
('45214', 'Construcción de redes'),
('45215', 'Construcción de tendidos eléctricos'),
('45216', 'Construcción de líneas de telecomunicaciones'),
('45217', 'Otros trabajos de construcción'),
('4522', 'Construcción de cubiertas y de estructuras de cerramiento'),
('45221', 'Construcción de cubiertas y tejados'),
('45222', 'Trabajos de impermeabilización'),
('4523', 'Construcción de autopistas, carreteras, campos de aterrizaje, vías férreas y centros deportivos'),
('45231', 'Construcción y reparación de vías férreas'),
('45232', 'Construcción de carreteras, autopistas, aeródromos e instalaciones deportivas'),
('4524', 'Obras hidráulicas'),
('45240', 'Obras hidráulicas'),
('4525', 'Otras construcciones especializadas'),
('45251', 'Montaje de armazones y estructuras metálicas'),
('45252', 'Cimentaciones y pilotaje'),
('45253', 'Otras obras especializadas'),
('453', 'Instalaciones de edificios y obras'),
('4531', 'Instalaciones eléctricas'),
('45310', 'Instalaciones eléctricas'),
('4532', 'Aislamiento térmico, acústico y antivibratorio'),
('45320', 'Aislamiento térmico, acústico y antivibratorio'),
('4533', 'Fontanería e instalación de climatización'),
('45331', 'Fontanería'),
('45332', 'Instalación de climatización'),
('4534', 'Otras instalaciones de edificios y obras'),
('45340', 'Otras instalaciones de edificios y obras'),
('454', 'Acabado de edificios y obras'),
('4541', 'Revocamiento'),
('45410', 'Revocamiento'),
('4542', 'Instalaciones de carpintería'),
('45421', 'Carpintería de madera y materias plásticas'),
('45422', 'Carpintería metálica.Cerrajería.'),
('4543', 'Revestimiento de suelos y paredes'),
('45430', 'Revestimiento de suelos y paredes'),
('4544', 'Acristalamiento y pintura'),
('45441', 'Acristalamiento'),
('45442', 'Pintura'),
('4545', 'Otros trabajos de acabado de edificios y obras'),
('45450', 'Otros trabajos de acabado de edificios y obras'),
('455', 'Alquiler de equipo de construcción o demolición dotado de operario'),
('4550', 'Alquiler de equipo de construcción o demolición dotado de operario'),
('45500', 'Alquiler de equipo de construcción o demolición dotado de operario'),
('50', 'Venta, mantenimiento y reparación de vehículos de motor, motocicletas y ciclomotores; venta al por menor de combustible para los vehículos de motor'),
('501', 'Venta de vehículos de motor'),
('5010', 'Venta de vehículos de motor'),
('50101', 'Venta de vehículos automóviles'),
('50102', 'Venta de camiones, autobuses y similares'),
('50103', 'Venta de caravanas'),
('502', 'Mantenimiento y reparación de vehículos de motor'),
('5020', 'Mantenimiento y reparación de vehículos de motor'),
('50200', 'Mantenimiento y reparación de vehículos de motor'),
('503', 'Venta de repuestos y accesorios de vehículos de motor'),
('5030', 'Venta de repuestos y accesorios de vehículos de motor'),
('50301', 'Comercio al por mayor de repuestos y accesorios de vehículos de motor'),
('50302', 'Comercio al por menor de repuestos y accesorios de vehículos de motor'),
('504', 'Venta, mantenimiento y reparación de motocicletas y ciclomotores y de sus repuestos y accesorios'),
('5040', 'Venta, mantenimiento y reparación de motocicletas y ciclomotores y de sus repuestos y accesorios'),
('50400', 'Venta, mantenimiento y reparación de motocicletas y ciclomotores y de sus repuestos y accesorios'),
('505', 'Venta al por menor de carburantes para la automoción'),
('5050', 'Venta al por menor de carburantes para la automoción'),
('50500', 'Venta al por menor de carburantes para la automoción'),
('51', 'Comercio al por mayor e intermediarios del comercio, excepto de vehículos de motor y motocicletas'),
('511', 'Intermediarios del comercio'),
('5111', 'Intermediarios del comercio de materias primas agrarias, animales vivos, materias primas textiles y productos semielaborados'),
('51110', 'Intermediarios del comercio de materias primas agrarias, animales vivos, materias primas textiles y productos semielaborados'),
('5112', 'Intermediarios del comercio de combustibles, minerales, metales y productos químicos industriales'),
('51120', 'Intermediarios del comercio de combustibles, minerales, metales y productos químicos industriales'),
('5113', 'Intermediarios del comercio de la madera y materiales de construcción'),
('51130', 'Intermediarios del comercio de la madera y materiales de construcción'),
('5114', 'Intermediarios del comercio de maquinaria, equipo industrial, embarcaciones y aeronaves'),
('51140', 'Intermediarios del comercio de maquinaria, equipo industrial, embarcaciones y aeronaves'),
('5115', 'Intermediarios del comercio de muebles, artículos para el hogar y ferretería'),
('51150', 'Intermediarios del comercio de muebles, artículos para el hogar y ferretería'),
('5116', 'Intermediarios del comercio de textiles, prendas de vestir, calzado y artículos de cuero'),
('51160', 'Intermediarios del comercio de textiles, prendas de vestir, calzado y artículos de cuero'),
('5117', 'Intermediarios del comercio de productos alimenticios, bebidas y tabaco'),
('51170', 'Intermediarios del comercio de productos alimenticios, bebidas y tabaco'),
('5118', 'Intermediarios del comercio especializados en la venta de productos específicos o grupos de productos no mencionados anteriormente'),
('51180', 'Intermediarios del comercio especializados en la venta de productos específicos o grupos de productos no mencionados anteriormente'),
('5119', 'Intermediarios del comercio de productos diversos'),
('51190', 'Intermediarios del comercio de productos diversos'),
('512', 'Comercio al por mayor de materias primas agrarias y de animales vivos'),
('5121', 'Comercio al por mayor de cereales, simientes y alimentos para el ganado'),
('51210', 'Comercio al por mayor de cereales, simientes y alimentos para el ganado'),
('5122', 'Comercio al por mayor de flores y plantas'),
('51220', 'Comercio al por mayor de flores y plantas'),
('5123', 'Comercio al por mayor de animales vivos'),
('51230', 'Comercio al por mayor de animales vivos'),
('5124', 'Comercio al por mayor de cueros y pieles'),
('51240', 'Comercio al por mayor de cueros y pieles'),
('5125', 'Comercio al por mayor de tabaco en rama'),
('51250', 'Comercio al por mayor de tabaco en rama'),
('513', 'Comercio al por mayor de productos alimienticios, bebidas y tabaco'),
('5131', 'Comercio al por mayor de frutas, patatas y verduras'),
('51310', 'Comercio al por mayor de fruras, patatas y verduras'),
('5132', 'Comercio al por mayor de carne y productos cárnicos'),
('51321', 'Comercio al por mayor de carne'),
('51322', 'Comercio al por mayor de productos cárnicos'),
('51323', 'Comercio al por mayor de volatería y otros animales de granja y caza'),
('5133', 'Comercio al por mayor de productos lácteos, huevos, aceites y grasas comestibles'),
('51330', 'Comercio al por mayor de productos lácteos, huevos, aceites y grasas comestibles'),
('5134', 'Comercio al por mayor de bebidas'),
('51340', 'Comercio al por mayor de bebidas'),
('5135', 'Comercio al por mayor de productos del tabaco'),
('51350', 'Comercio al por mayor de productos del tabaco'),
('5136', 'Comercio al por mayor de azúcar, chocolate y confitería'),
('51360', 'Comercio al por mayor de azúcar, chocolate y confitería'),
('5137', 'Comercio al por mayor de café, té, cacao y especias'),
('51370', 'Comercio al por mayor de café, té, cacao u especias'),
('5138', 'Comercio al por mayor de pescados y mariscos y otros productos alimenticios'),
('51381', 'Comercio al por mayor de pescados y mariscos'),
('51382', 'Comercio al por mayor de otros productos alimenticios'),
('5139', 'Comercio al por mayor, no especializado, de productos alimenticios, bebidas y tabaco'),
('51391', 'Comercio al por mayor de productos alimenticios congelados'),
('51392', 'Comercio al por mayor no especializado, de otros productos alimenticios, bebidas y tabaco'),
('514', 'Comercio al por mayor de productos de consumo, distinto de los alimenticios'),
('5141', 'Comercio al por mayor de textiles'),
('51410', 'Comercio al por mayor de textiles'),
('5142', 'Comercio al por mayor de prendas de vestir y calzado'),
('51421', 'Comercio al por mayor de prendas de vestir (incluidas las prendas de cuero y peletería)'),
('51422', 'Comercio al por mayor de calzado'),
('51423', 'Comercio al por mayor de accesorios'),
('5143', 'Comercio al por mayor de aparatos electrodomésticos y de aparatos de radio y televisión'),
('51430', 'Comercio al por mayor de aparatos electrodomésticos y de aparatos de radio y televisión'),
('5144', 'Comercio al por mayor de porcelana y cristalería, papeles pintados y artículos de limpieza'),
('51441', 'Comercio al por mayor de porcelana y cristalería'),
('51442', 'Comercio al por mayor de papeles pintados y artículos de limpieza'),
('5145', 'Comercio al por mayor de perfumería y productos de belleza'),
('51450', 'Comercio al por mayor de perfumería y productos de belleza'),
('5146', 'Comercio al por mayor de productos farmacéuticos'),
('51460', 'Comercio al por mayor de productos farmacéuticos'),
('5147', 'Comercio al por mayor de otros bienes de consumo distinto de los alimenticios'),
('51471', 'Comercio al por mayor de artículos de papelería, libros y similares'),
('51472', 'Comercio al por mayor de juegos y juguetes'),
('51473', 'Comercio al por mayor de relojes, joyería y platería'),
('51474', 'Comercio al por mayor de artículos de marroquinería y viaje y otros artículos de cuero'),
('51475', 'Comercio al por mayor de otros artículos de uso doméstico'),
('515', 'Comercio al por mayor de productos no agrarios semielaborados, chatarra y productos de desecho'),
('5151', 'Comercio al por mayor de combustibles sólidos, líquidos y gaseosos y productos similares'),
('51510', 'Comercio al por mayor de combustibles sólidos, líquidos y gaseosos y productos similares'),
('5152', 'Comercio al por mayor de metales y minerales metálicos'),
('51521', 'Comercio al por mayor de minerales metálicos'),
('51522', 'Comercio al por mayor de hierro y acero'),
('51523', 'Comercio al por mayor de metales preciosos'),
('51524', 'Comercio al por mayor de metales no férreos'),
('5153', 'Comercio al por mayor de madera y materiales de construcción y aparatos sanitarios'),
('51531', 'Comercio al por mayor de madera'),
('51532', 'Comercio al por mayor de pinturas y barnices'),
('51533', 'Comercio al por mayor de materiales básicos de construcción'),
('51534', 'Comercio al por mayor de otros materiales de construcción para instalaciones de edificios'),
('5154', 'Comercio al por mayor de ferretería, fontanería y calefacción'),
('51541', 'Comercio al por mayor de ferretería'),
('51542', 'Comercio al por mayor de materiales de fontanería y calefacción'),
('5155', 'Comercio al por mayor de productos químicos'),
('51551', 'Comercio al por mayor de fertilizantes y productos químicos para la agricultura'),
('51552', 'Comercio al por mayor de caucho y materias plásticas en formas primarias'),
('51553', 'Comercio al por mayor de productos químicos industriales'),
('5156', 'Comercio al por mayor de productos semielaborados'),
('51560', 'Comercio al por mayor de productos semielaborados'),
('5157', 'Comercio al por mayor de chatarra y productos de desecho'),
('51571', 'Comercio al por mayor de chatarra'),
('51572', 'Comercio al por mayor de productos de desecho'),
('516', 'Comercio al por mayor de maquinaria y equipo'),
('5161', 'Comercio al por mayor de máquinas- herramienta'),
('51611', 'Comercio al por mayor de maquinaria para trabajar la madera y el corcho'),
('51612', 'Comercio al por mayor de máquinas-herramienta para trabajar los metales'),
('5162', 'Comercio al por mayor de maquinaria para la construcción'),
('51620', 'Comercio al por mayor de maquinaria para la construcción'),
('5163', 'Comercio al por mayor de maquinaria para la industria textil, máquinas de coser y hacer punto'),
('51630', 'Comercio al por mayor de maquinaria para la industria textil, máquinas de coser y de hacer punto'),
('5164', 'Comercio al por mayor de máquinas y equipo de oficina'),
('51640', 'Comercio al por mayor de máquinas y equipo de oficina'),
('5165', 'Comercio al por mayor de otra maquinaria para la industria, el comercio y la navegación'),
('51651', 'Comercio al por mayor de material eléctrico y electrónico'),
('51652', 'Comercio al por mayor de material y equipos diversos industriales'),
('51653', 'Comercio al por mayor de material y equipos diversos para el comercio y los servicios'),
('5166', 'Comercio al por mayor de máquinas, accesorios y útiles agrícolas, incluidos los tractores'),
('51660', 'Comercio al por mayor de máquinas, accesorios y útiles agrícolas, incluidos los terceros'),
('517', 'Otro comercio al por mayor'),
('5170', 'Otro comercio al por mayor'),
('51700', 'Otro comercio al por mayor'),
('52', 'Comercio al por menor, excepto el comercio de vehículos de motor y motocicletas y ciclomotores; reparación de efectos personales y enseres domésticos'),
('521', 'Comercio al por menor en establecimientos no especializados'),
('5211', 'Comercio al por menor, con predominio de alimentos, bebidas o tabaco en establecimientos no especializados'),
('52111', 'Hipermercados (más de 2.500m2)'),
('52112', 'Supermercados (entre 2.499 y 400m2)'),
('52113', 'Superservicios(entre 399 y 120m2)'),
('52114', 'Autoservicios (entre 119 y 40m2)'),
('52115', 'Otros establecimientos no especializados'),
('5212', 'Comercio al por menor de otros productos en establecimientos no especializados'),
('52121', 'Grandes almacenes'),
('52122', 'Otro comercio al por menor en establecimientos no especializados'),
('522', 'Comercio al por menor de alimentos, bebidas y tabaco en establecimientosespecializados'),
('5221', 'Comercio al por menor de frutas y verduras'),
('52210', 'Comercio al por menor de frutas y verduras'),
('5222', 'Comercio al por menor de carne y productos cárnicos'),
('52220', 'Comercio al por menor de carne y productos cárnicos'),
('5223', 'Comercio al por menor de pescados y mariscos'),
('52230', 'Comercio al por menor de pescados y mariscos'),
('5224', 'Comercio al por menor de pan y productos de panadería, confitería y pasteleríaelería'),
('52240', 'Comercio al por menor de pan y productos de panadería, confitería y pastelería'),
('5225', 'Comercio al por menor de bebidas'),
('52250', 'Comercio al por menor de bebidas'),
('5226', 'Comercio al por menor de productos de tabaco'),
('52260', 'Comercio al por menor de productos de tabaco'),
('5227', 'Otro comercio al por menor en establecimientos especializados en alimentos'),
('52271', 'Comercio al por menor de productos lácteos'),
('52272', 'Otro comercio al por menor en establecimientos especializados en alimentación'),
('523', 'Comercio al por menor de productos farmacéuticos, artículos médicos, belleza e higiene'),
('5231', 'Comercio al por menor de productos farmacéuticos'),
('52310', 'Comercio al por menor de productos farmacéuticos'),
('5232', 'Comercio al por menor de artículos médicos y ortopédicos'),
('52320', 'Comercio al por menor de artículos médicos y ortopédicos'),
('5233', 'Comercio al por menor de cosméticos y artículos de tocador'),
('52330', 'Comercio al por menor de cosméticos y artículos de tocador'),
('524', 'Otro comercio al por menor de artículos nuevos en establecimientos especializados'),
('5241', 'Comercio al por menor de textiles'),
('52410', 'Comercio al por menor de textiles'),
('5242', 'Comercio al por menor de prendas de vestir'),
('52420', 'Comercio al por menor de prendas de vestir'),
('5243', 'Comercio al por menor de calzado y artículos de cuero'),
('52430', 'Comercio al por menor de calzado y artículos de cuero'),
('5244', 'Comercio al por menor de muebles; aparatos de iluminación y otros artículos para el hogar'),
('52440', 'Comercio al por menor de muebles; aparatos de iluminación y otros artículos para el hogar'),
('5245', 'Comercio al por menor de electrodomésticos, aparatos de radio, televisión y sonido'),
('52450', 'Comercio al por menor de electrodomésticos, aparatos de radio, televisión y sonido'),
('5246', 'Comercio al por menor de ferretería, pinturas y vidrio'),
('52461', 'Comercio al por menor de ferretería y vidrio plano'),
('52462', 'Comercio al por menor de materiales de bricolage'),
('52463', 'Comercio al por menor de materiales de construcción, pinturas y barnices y material de saneamiento'),
('5247', 'Comercio al por menor de libros, periódicos y papelería'),
('52470', 'Comercio al por menor de libros, periódicos y papelería'),
('5248', 'Comercio al por menor en establecimientos especializados'),
('52481', 'Comercio al por menor de óptica, fotografía y precisión'),
('52482', 'Comercio al por menor de relojería, joyería y platería'),
('52483', 'Comercio al por menor de juguetes y artículos de deporte'),
('52484', 'Comercio al por menor de artículos de droguería, papeles pintados y revestimientos de suelos'),
('52485', 'Comercio al por menor de semillas, flores, plantas y animales de compañía'),
('52486', 'Comercio al por menor de combustibles (excepto para vehículos automóviles)'),
('52487', 'Galerías de arte comerciales'),
('52488', 'Otro comercio al por menror'),
('525', 'Comercio al por menor de bienes de segunda mano, en establecimientos'),
('5250', 'Comercio al por menor de bienes de segunda mano, en establecimientos'),
('52501', 'Anticuarios'),
('52502', 'Otro comercio al por menor de objetos de segunda mano'),
('526', 'Comercio al por menor no realizado en establecimientos'),
('5261', 'Comercio al por menor por correspondencia'),
('52610', 'Comercio al por menor por correspondencia'),
('5262', 'Comercio al por menor en puestos de venta y mercadillos'),
('52620', 'Comercio al por menor en puestos de venta y mercadillos'),
('5263', 'Otro comercio al por menor no realizado en establecimientos'),
('52631', 'Venta domiciliaria'),
('52632', 'Otro tipo de comercio al por menor no realizado en establecimientos'),
('527', 'Reparación de efectos personales y enseres domésticos'),
('5271', 'Reparación de calzado y otros artículos de cuero'),
('52710', 'Reparación de calzado y otros artículos de cuero'),
('5272', 'Reparación de aparatos domésticos eléctricos'),
('52720', 'Reparación de aparatos domésticos eléctricos'),
('5273', 'Reparación de relojes y joyería'),
('52730', 'Reparación de relojes y joyería'),
('5274', 'Otra reparación'),
('52740', 'Otra reparación'),
('55', 'Hostelería'),
('551', 'Hoteles'),
('5511', 'Hoteles, moteles, hostales y pensiones con restaurante'),
('55111', 'Hoteles y moteles con restaurante'),
('55112', 'Hoteles y pensiones con restaurante'),
('5512', 'Hoteles, moteles, hostales y pensiones sin restaurante'),
('55121', 'Hoteles y moteles sin restaurante'),
('55122', 'Hostales y pensiones sin restaurante'),
('552', 'Campings y otros tipos de hospedaje de corta duración'),
('5521', 'Albergues juveniles y refugios de montaña'),
('55211', 'Albergues juveniles'),
('55212', 'Refugio de montaña'),
('5522', 'Camping'),
('55220', 'Camping'),
('5523', 'Otros tipos de hospedaje'),
('55231', 'Apartamentos turísticos'),
('55232', 'Centros y colonias de vacaciones'),
('55233', 'Otros alojamientos turísticos'),
('55234', 'Otroa alojamientos especiales no turísticos'),
('553', 'Restaurantes'),
('5530', 'Restaurantes'),
('55300', 'Restaurantes'),
('554', 'Establecimientos de bebidas'),
('5540', 'Establecimientos de bebidas'),
('55400', 'Establecimientos de bebidas'),
('555', 'Comedores colectivos y provisión de comidas preparadas'),
('5551', 'Comedores colectivos'),
('55510', 'Comedores colectivos'),
('5552', 'Provisión de comidas preparadas'),
('55521', 'Provisión de comidas preparadas a empresas'),
('55522', 'Otras actividades de provisión de comidas'),
('60', 'Transporte terrestre; transporte por tuberías'),
('601', 'Transporte por ferrocarril'),
('6010', 'Transporte por ferrocarril'),
('60100', 'Transporte por ferrocarril'),
('602', 'Otros tipos de transporte terrestre'),
('6021', 'Otros tipos de transporte terrestre regular de viajeros'),
('60211', 'Transporte urbano y suburbano por ferrocarril (metro y superfície)'),
('60212', 'Transporte urbano de viajeros'),
('60213', 'Transporte regular de viajeros por carretera'),
('60214', 'Otro transporte regular (teleférico, funicular y cremallera)'),
('6022', 'Transporte por taxi'),
('60220', 'Transporte por taxi'),
('6023', 'Otros tipos de transporte terrestre discrecional de viajeros'),
('60230', 'Otros tipos de transporte terrestre discrecional de viajeros'),
('6024', 'Transporte de mercancías por carretera'),
('60241', 'Mudanzas'),
('60242', 'Transporte de otras mercancías por carretera'),
('60243', 'Alquiler de camiones con conductor'),
('603', 'Transporte por tubería'),
('6030', 'Transporte por tubería'),
('60300', 'Transporte por tubería'),
('61', 'Transporte marítimo, de cabotaje y por vías de navegación interiores'),
('611', 'Transporte marítimo'),
('6110', 'Transporte marítimo'),
('61100', 'Transporte marítimo'),
('612', 'Transporte pro vías de navegación interiores'),
('6120', 'Transporte por vías de navegación interiores'),
('61200', 'Transporte por vías de navegación interiores'),
('62', 'Transporte aéreo y espacial'),
('621', 'Transporte aéreo regular'),
('6210', 'Transporte aéreo regular'),
('62100', 'Transporte aéreo regular'),
('622', 'Transporte aéreo discrecional'),
('6220', 'Transporte aéreo discrecional'),
('62200', 'Transporte aéreo discrecional'),
('623', 'Transporte espacial'),
('6230', 'Transporte espacial'),
('62300', 'Transporte espacial'),
('63', 'Actividades anexas a los transportes; actividades de agencias de viajes'),
('631', 'Manipulación y depósito de mercancías'),
('6311', 'Manipulación de mercancías'),
('63110', 'Manipulación de mercancías'),
('6312', 'Depósito y almacenamiento'),
('63121', 'Depósito y almacenamiento frigorífico'),
('63122', 'Depósito y almacenamiento de mercancías peligrosas'),
('63123', 'Depósito y almacenamiento en silos'),
('63124', 'Otros depósitos y almacenamientos'),
('632', 'Otras actividades anexas a los transportes'),
('6321', 'Otras actividades anexas al transporte terrestre'),
('63211', 'Terminales y estaciones de ferrocarril'),
('63212', 'Terminales de estaciones de autobuses de viajeros'),
('63213', 'Autopistas de peaje y otras vías de peaje'),
('63214', 'Aparcamientos'),
('63215', 'Otras actividades anexas al transporte'),
('6322', 'Otras actividades anexas al transporte marítimo'),
('63221', 'Explotaciones de puertos y servicios portuarios'),
('63222', 'Otras actividades anexas al transporte marítimo'),
('6323', 'Otras actividades anexas al transporte aéreo'),
('63231', 'Explotaciones de aeropuertos'),
('63232', 'Otras actividades diversas anexas al transporte aéreo'),
('633', 'Actividades de las agencias de viajes, mayoristas y minoristas de turismo y otras actividades de apoyo turístico'),
('6330', 'Actividades de las agencias de viajes, mayoristas y minoristas de turismo y otras actividades de apoyo turístico'),
('63301', 'Mayoristas y minoristas de turismo'),
('63302', 'Agencias de viajes'),
('63303', 'Otras actividades de apoyo turístico'),
('634', 'Organización del transporte de mercancías'),
('6340', 'Organización del transporte de mercancías'),
('63400', 'Organización del transporte de mercancías'),
('64', 'Correos y telecomunicaciones'),
('641', 'Actividades postales y de correos'),
('6411', 'Actividades postales nacionales'),
('64110', 'Actividades postales nacionales'),
('6412', 'Actividades de correos distintas de las actividades postales nacionales'),
('64120', 'Actividades de correos distintas de las actividades postales nacionales'),
('642', 'Telecomunicaciones'),
('6420', 'Telecomunicaciones'),
('64200', 'Telecomunicaciones'),
('65', 'Intermediación financiera, excepto seguros y planes de pensiones'),
('651', 'Intermediación monetaria'),
('6511', 'Banca central'),
('65110', 'Banca central'),
('6512', 'Otros tipos de intermediación monetaria'),
('65121', 'Bancos'),
('65122', 'Cajas'),
('65123', 'Cooperativas'),
('652', 'Otros tipos de intermediación financiera'),
('6521', 'Arrendamiento financiero'),
('65210', 'Arrendamiento financiero'),
('6522', 'Otros tipos de actividades crediticias'),
('65221', 'Sociedades de crédito hipotecario'),
('65222', 'Entidades de financiación'),
('65223', 'Sociedades mediadoras en el mercado de dinero'),
('65224', 'Instituto de Crédito Oficial/ICO (en tanto que ejerce como agencia financiera del Gobierno)'),
('6523', 'Otros tipos de intermediación financiera'),
('65231', 'Instituciones de inversión colectiva de carácter financiero'),
('65232', 'Sociedades y fondos de capital riesgo'),
('65233', 'Otras sociedades de inversión en activos financieros'),
('66', 'Seguros y planes de pensiones, excepto seguridad social obligatoria'),
('660', 'Seguros y planes de pensiones, excepto seguridad social obligatoria'),
('6601', 'Seguros de vida'),
('66011', 'Entidades de seguros privados'),
('66012', 'Entidades de previsión social'),
('6602', 'Planes de pensiones'),
('66020', 'Planes de pensiones'),
('6603', 'Seguros no vida'),
('66031', 'Seguros de daños'),
('66032', 'Reaseguro'),
('67', 'Actividades auxiliares a la intermediación financiera'),
('671', 'Actividades auxiliares a la intermediación financiera, excepto seguros y planes de pensiones'),
('6711', 'Administración de mercados financieros'),
('67110', 'Administración de mercados financieros'),
('6712', 'Actividades bursátiles por cuenta de terceros'),
('67121', 'Sociedades de valores'),
('67122', 'Otras actividades bursátiles por cuenta de terceros'),
('6713', 'Actividades auxiliares a la intermediación financiera'),
('67131', 'Sociedades de garantía recíproca y de reafianzamiento'),
('67132', 'Sociedades de tasación'),
('67133', 'Casas de cambio'),
('67134', 'Fondos de garantía de depósito'),
('67135', 'Sociedades gestoras'),
('672', 'Actividades auxiliares de seguros y planes de pensiones'),
('6720', 'Actividades auxiliares de seguros y planes de pensiones'),
('67201', 'Agentes y corredores de seguros'),
('67202', 'Intermediarios de seguros'),
('67203', 'Otras actividades auxiliares de seguros y planes de pensiones'),
('70', 'Actividades inmobiliarias'),
('701', 'Actividades inmobiliarias por cuenta propia'),
('7011', 'Promoción inmobiliaria por cuenta propia'),
('70111', 'Promoción inmobiliaria de viviendas'),
('70112', 'Otra promoción inmobiliaria'),
('7012', 'Compraventa de bienes inmobiliarios por cuenta propia'),
('70120', 'Compraventa de bienes inmobiliarios por cuenta propia'),
('702', 'Alquiler de bienes inmobiliarios por cuenta propia'),
('7020', 'Alquiler de bienes inmobiliarios por cuenta propia'),
('70201', 'Alquiler de viviendas'),
('70202', 'Alquiler de otros bienes inmobiliarios'),
('703', 'Actividades inmobiliarias por cuenta de terceros'),
('7031', 'Agentes de la propiedad inmobiliaria'),
('70310', 'Agentes de la propiedad inmobiliaria'),
('7032', 'Gestión y administración de la propiedad inmobiliaria'),
('70321', 'Administración de inmuebles residenciales'),
('70322', 'Administración de otros bienes inmobiliarios'),
('71', 'Alquiler de maquinaria y equipo sin operario, de efectos personales y enseres domésticos'),
('711', 'Alquiler de automóviles'),
('7110', 'Alquiler de automóviles'),
('71100', 'Alquiler de automóviles'),
('712', 'Alquiler de otro medios de transporte'),
('7121', 'Alquiler de otros medios de transporte terrestre'),
('71210', 'Alquiler de otros medios de transporte terrestre'),
('7122', 'Alquiler de medios de navegación'),
('71220', 'Alquiler de medios de navegación'),
('7123', 'Alquiler de medios de transporte aéreo'),
('71230', 'Alquiler de medios de transporte aéreo'),
('713', 'Alquiler de maquinaria y equipo'),
('7131', 'Alquiler de maquinaria y equipo agrario'),
('71310', 'Alquiler de maquinaria y equipo agrario'),
('7132', 'Alquiler de maquinaria y equipo para construcción e ingeniería civil'),
('71320', 'Alquiler de maquinaria y equipo para construcción e ingeniería civil'),
('7133', 'Alquiler de máquinas y equipo de oficinas (incluidos ordenadores)'),
('71331', 'Alquiler de equipos informáticos'),
('71332', 'Alquiler de otras máquinas y equipo de oficina'),
('7134', 'Alquiler de otros tipos de maquinaria y equipo'),
('71340', 'Alquiler de otros tipos de maquinaria y equipo'),
('714', 'Alquiler de efectos personales y enseres domésticos'),
('7140', 'Alquiler de efectos personales y enseres domésticos'),
('71401', 'Alquiler de aparatos de radio, televisión y sonido'),
('71402', 'Alquiler de vestuario'),
('71403', 'Alquiler de equipo y material deportivo'),
('71404', 'Alquiler de otros efectos personales'),
('72', 'Actividades informáticas'),
('721', 'Consulta de equipo informático'),
('7210', 'Consulta de equipo informático'),
('72100', 'Consulta de equipo informático'),
('722', 'Consulta de aplicaciones informáticas y suministro de programas informáticos'),
('7220', 'Consulta de aplicaciones informáticas y suministro de programas informáticos'),
('72200', 'Consulta de aplicaciones informáticas y suministro de programas informáticos'),
('723', 'Proceso de datos'),
('7230', 'Proceso de datos'),
('72300', 'Proceso de datos'),
('724', 'Actividades relacionadas con bases de datos'),
('7240', 'Actividades relacionadas con bases de datos'),
('72400', 'Actividades relacionadas con bases de datos'),
('725', 'Mantenimiento y reparación de máquinas de oficina, contabilidad y equipo informático'),
('7250', 'Mantenimiento y reparación de máquinas de oficina, contabilidad y equipo informático'),
('72500', 'Mantenimiento y reparación de máquinas de oficina, contabilidad y equipo informático'),
('726', 'Otras actividades relacionadas con la informática'),
('7260', 'Otras actividades relacionadas con la informática'),
('72600', 'Otras actividades relacionadas con la informática'),
('73', 'Investigación y desarrollo'),
('731', 'Investigación y desarrollo sobre ciencias naturales y técnicas'),
('7310', 'Investigación y desarrollo sobre ciencias naturales y técnicas'),
('73100', 'Investigación y desarrollo sobre ciencias naturales y técnicas'),
('732', 'Investigación y desarrollo sobre ciencias sociales y humanidades'),
('7320', 'Investigación y desarrollo sobre ciencias sociales y humanidades'),
('73200', 'Investigación y desarrollo sobre ciencias sociales y humanidades'),
('74', 'Otras actividades empresariales'),
('741', 'Actividades jurídicas, de contabilidad, teneduría de libros y auditoría; asesoría fiscal; estudios de mercado y encuestas de opinión pública; consulta y asesoramiento sobre dirección y gestión empresarial, gestión de sociedades de cartera'),
('7411', 'Actividades jurídicas'),
('74111', 'Consulta, asesoramineto y práctica legal del Derecho'),
('74112', 'Notarías y registro'),
('74113', 'Otras actividades jurídicas'),
('7412', 'Actividades de contabilidad, teneduría de libros, auditoría y asesoría fiscal'),
('74120', 'Actividades de contabilidad, teneduría de libros, auditoría y asesoría fiscal'),
('7413', 'Estudio de mercados y realización de encuestas de opinión pública'),
('74130', 'Estudio de mercados y realización de encuestas de opinión pública'),
('7414', 'Consulta y asesoramiento sobre dirección y gestión empresarial'),
('74141', 'Actividades de asesoramiento en dirección y gestión empresarial'),
('74142', 'Relaciones públicas'),
('7415', 'Gestión de sociedades de cartera (holdings)'),
('74150', 'Gestión de sociedades de cartera (holdings)'),
('742', 'Servicios técnicos de arquitectura e ingeniería y otras actividades relacionadas con el asesoramiento técnico'),
('7420', 'Servicios técnicos de arquitectura e ingeniería y otras actividades relacionadas con el asesoramiento técnico'),
('74201', 'Servicios técnicos de arquitectura'),
('74202', 'Servicios técnicos de ingeniería'),
('74203', 'Servicios técnicos de cartografía y topografía'),
('74204', 'Otros servicios técnicos'),
('743', 'Ensayos y análisis técnicos'),
('7430', 'Ensayos y análisis técnicos'),
('74301', 'Inspección técnica de vehículos'),
('74302', 'Otros ensayos y análisis técnicos'),
('744', 'Publicidad'),
('7440', 'Publicidad'),
('74401', 'Agencias y consultores de publicidad'),
('74402', 'Gestión de soportes publicitarios'),
('745', 'Selección y colocación de personal'),
('7450', 'Selección y colocación de personal'),
('74501', 'Selección de personal directivo y ejecutivo'),
('74502', 'Agencias de colocación'),
('74503', 'Agencias de suministro de personal'),
('746', 'Servicios de investigación y seguridad'),
('7460', 'Servicios de investigación y seguridad'),
('74601', 'Investigación'),
('74602', 'Vigilancia, protección y seguridad'),
('747', 'Actividades industriales de limpieza'),
('7470', 'Actividades industriales de limpieza'),
('74700', 'Actividades industriales de limpieza'),
('748', 'Actividades empresariales diversas'),
('7481', 'Actividades de fotografía'),
('74811', 'Laboratorios de revelado, impresión y ampliación fotográfica'),
('74812', 'Estudios fotográficos y otras actividades de fotografía'),
('7482', 'Actividades de envasado y empaquetado por cuenta de terceros'),
('74820', 'Actividades de envasado y empaquetado por cuenta de terceros'),
('7483', 'Actividades de secretaría y traducción'),
('74831', 'Actividades de secretaría y reprografía'),
('74832', 'Actividades de traducción'),
('74833', 'Actividades anexas a la distribución publicitaria'),
('7484', 'Otras actividades empresariales'),
('74841', 'Diseño no industrial y decoración de interiores'),
('74842', 'Organización de ferias, exhibiciones y congresos'),
('74843', 'Otras actividades empresariales'),
('75', 'Administración Pública, defensa y seguridad social obligatoria'),
('751', 'Administración Pública'),
('7511', 'Actividades generales de la Administración Pública'),
('75111', 'Actividades generales de la Administración Central'),
('75112', 'Actividades generales de la Administración Autonómica'),
('75113', 'Actividades generales de la Administración Local'),
('7512', 'Regulación de las actividades sanitarias, educativas, culturales y otros servicios sociales, excepto seguridad social obligatoria'),
('75120', 'Regulación de las actividades sanitarias, educativas, culturales y otros servicios sociales, excepto Seguridad Social obligatoria'),
('7513', 'Regulación de la actividad económica'),
('75130', 'Regulación de la actividad económica'),
('7514', 'Otras actividades auxiliares de servicios para la Administración Pública en general'),
('75140', 'Otras actividades auxiliares de servicios para la Administración Pública en general'),
('752', 'Prestación Pública de servicios a la comunidad en general'),
('7521', 'Asuntos exteriores'),
('75210', 'Asuntos exteriores'),
('7522', 'Defensa'),
('75220', 'Defensa'),
('7523', 'Justicia'),
('75230', 'Justicia'),
('7524', 'Orden público y seguridad'),
('75240', 'Orden público y seguridad'),
('7525', 'Actividades de protección civil'),
('75250', 'Actividades de protección civil'),
('753', 'Seguridad social obligatoria'),
('7530', 'Seguridad social obligatoria'),
('75300', 'Seguridad social obligatoria'),
('80', 'Educación'),
('801', 'Enseñanza primaria'),
('8010', 'Enseñanza primaria'),
('80101', 'Enseñanza infantil'),
('80102', 'Enseñanza primaria'),
('802', 'Enseñanza secundaria'),
('8021', 'Enseñanza secundaria de formación general'),
('80210', 'Enseñanza secundaria de formación general'),
('8022', 'Enseñanza secundaria de formación técnica y profesional'),
('80221', 'Enseñanza secundaria de formación profesional específica'),
('80222', 'Otra enseñanza secundaria de formación técnica y profesional'),
('803', 'Enseñanza superior'),
('8030', 'Enseñanza superior'),
('80301', 'Enseñanza superior no universitaria'),
('80302', 'Enseñanza superior universitaria'),
('80303', 'Enseñanza superior de especialización y postgrado'),
('804', 'Formación permanente y otras actividades de enseñanza'),
('8041', 'Enseñanza de las escuelas de conducción y pilotaje'),
('80411', 'Escuelas de conducción de vehículos automóviles'),
('80412', 'Escuelas de pilotaje'),
('8042', 'Enseñanza para adultos y otro tipo de enseñanza'),
('80421', 'Formación para adultos y formación profesional contínua'),
('80422', 'Academias'),
('80423', 'Otras enseñanzas'),
('85', 'Actividades sanitarias y veterinarias; servicios sociales'),
('851', 'Actividades sanitarias'),
('8511', 'Actividades hospitalarias'),
('85110', 'Actividades hospitalarias'),
('8512', 'Actividades médicas'),
('85120', 'Actividades médicas'),
('8513', 'Actividades odontólogicas'),
('85130', 'Actividades odontológicas'),
('8514', 'Otras actividades sanitarias'),
('85141', 'Actividades sanitarias de profesionales independientes'),
('85142', 'Actividades de servicios de ambulancia'),
('85143', 'Laboratorios de análisis clínicos de anatomía patológica y similares'),
('85144', 'Otras actividades sanitarias'),
('852', 'Actividades veterinarias'),
('8520', 'Actividades veterinarias'),
('85200', 'Actividades veterinarias'),
('853', 'Actividades de servicios sociales'),
('8531', 'Actividades de prestación de servicios sociales con alojamiento'),
('85311', 'Acogimiento de ancianos con alojamiento'),
('85312', 'Acogimiento de personas con minusvalíaa con alojamiento'),
('85313', 'Acogimiento de menores con alojamiento'),
('85314', 'Acogimiento de mujeres con alojamiento'),
('85315', 'Otro acogimiento con alojamiento'),
('8532', 'Actividades de prestación de servicios sociales sin alojamiento'),
('85321', 'Actividades de servicios sociales a personas con minusvalías'),
('85322', 'Guarderías'),
('85323', 'Actividades de servicios sociales a domicilio'),
('85324', 'Promoción de la convivencia'),
('85325', 'Otros servicios sociales sin alojamiento'),
('90', 'Actividades de saneamiento público'),
('900', 'Actividades de saneamiento público'),
('9000', 'Actividades de saneamiento público'),
('90001', 'Actividades de depuración de aguas residuales y alcantarillado'),
('90002', 'Actividades de limpieza de vías públicas y tratamiento de desecho'),
('90003', 'Otras actividades de saneamiento público'),
('91', 'Actividades asociativas'),
('911', 'Actividades de organizaciones empresariales, profesionales y patronales'),
('9111', 'Actividades de organizaciones empresariales y patronales'),
('91110', 'Actividades de organizaciones empresariales y patronales'),
('9112', 'Actividades de organizaciones profesionales'),
('91120', 'Actividades de organizaciones profesionales'),
('912', 'Actividades sindicales'),
('9120', 'Actividades sindicales'),
('91200', 'Actividades sindicales'),
('913', 'Actividades asociativas diversas'),
('9131', 'Actividades de organizaciones religiosas'),
('91310', 'Actividades de organizaciones religiosas'),
('9132', 'Actividades de organizaciones políticas'),
('91320', 'Actividades de organizaciones políticas'),
('9133', 'Otras actividades asociativas'),
('91331', 'Asociaciones juveniles'),
('91332', 'Otro tipo de actividades asociativas'),
('92', 'Actividades recreativas, culturales y deportivas'),
('921', 'Actividades cinematográficas y de vídeo'),
('9211', 'Producción cinematográfica y de vídeo'),
('92111', 'Producción de películas'),
('92112', 'Actividades de apoyo a la producción cinematográfica y de vídeo'),
('9212', 'Distribución de películas'),
('92121', 'Distribución de películas cinematográficas y cintas de vídeo'),
('92122', 'Distribución de películas en cintas de vídeo'),
('9213', 'Exhibición de películas'),
('92130', 'Exhibición de películas'),
('922', 'Actividades de radio y televisión'),
('9220', 'Actividades de radio y televisión'),
('92201', 'Actividades de radio'),
('92202', 'Producción y distribución de televisión'),
('92203', 'Emisión de programas de televisión'),
('923', 'Otras actividades artísticas y de espectáculos'),
('9231', 'Creación e interpretación artística y literaria'),
('92311', 'Creación artística y literaria; interpretación de arte dramático, música y similares'),
('92312', 'Producción de espectáculos'),
('92313', 'Otras actividades relacionadas con el espectáculo'),
('9232', 'Gestión de salas de espectáculos'),
('92320', 'Gestión de salas de espectáculos'),
('9233', 'Actividades de ferias y parques de atracciones'),
('92330', 'Actividades de ferias y parques de atracciones'),
('9234', 'Otras actividades de espectáculos'),
('92341', 'Salas de baile, discotecas y actividades similares'),
('92342', 'Espectáculos taurinos'),
('92343', 'Otros espectáculos'),
('924', 'Actividades de agencias de noticias'),
('9240', 'Actividades de agencias de noticias'),
('92400', 'Actividades de agencias de noticias'),
('925', 'Actividades de bibliotecas, archivos, museos y otras instituciones culturales'),
('9251', 'Actividades de bibliotecas y archivos'),
('92510', 'Actividades de bibliotecas y archivos'),
('9252', 'Actividades de museos y conservación de lugares y edificios históricos'),
('92521', 'Actividades de museos'),
('92522', 'Actividades de conservación de lugares y edificios históricos'),
('9253', 'Actividades de jardines botánicos y zoológicos y de parques nacionales'),
('92530', 'Actividades de jardines botánicos y zoológicos y de parques nacionales'),
('926', 'Actividades deportivas'),
('9261', 'Gestión de estadios y otras instalaciones deportivas'),
('92611', 'Gestión de estadios y polideportivos'),
('92612', 'Gestión de estaciones de esquí'),
('92613', 'Gestión de otras instalaciones deportivas'),
('9262', 'Otras actividades deportivas'),
('92621', 'Clubs y escuelas deportivas'),
('92622', 'Gestión de puertos deportivos'),
('92623', 'Otras actividades relacionadas con el deporte'),
('927', 'Actividades recreativas diversas'),
('9271', 'Actividades relacionadas con los juegos de azar y apuestas'),
('92711', 'Casinos y salas de juego de azar'),
('92712', 'Loterías y apuestas'),
('92713', 'Otras actividades relacionadas con los juegos de azar'),
('9272', 'Otras actividades recreativas'),
('92720', 'Otras actividades recreativas'),
('93', 'Actividades diversas de servicios personales'),
('930', 'Actividades diversas de servicios personales'),
('9301', 'Lavado, limpieza y teñido de prendas textiles y de piel'),
('93010', 'Lavado, limpieza y teñido de prendas textiles y de piel'),
('9302', 'Peluquería y otros tratamientos de belleza'),
('93020', 'Peluquería y otros tratamientos de belleza'),
('9303', 'Pompas fúnebres y actividades relacionadas con las mismas'),
('93030', 'Pompas fúnebres y actividades relacionadas con las mismas'),
('9304', 'Actividades de mantenimiento físico-corporal'),
('93041', 'Actividades termales y balnearios'),
('93042', 'Otras actividades de mantenimiento físico-corporal'),
('9305', 'Otras actividades de servicios personales'),
('93050', 'Otras actividades de servicios personales'),
('95', 'Hogares que emplean personal doméstico'),
('950', 'Hogares que emplean personal doméstico'),
('9500', 'Hogares que emplean personal doméstico'),
('95000', 'Hogares que emplean personal doméstico'),
('99', 'Organismos extraterritoriales'),
('990', 'Organismos extraterritoriales'),
('9900', 'Organismos extraterritoriales'),
('99000', 'Organismos extraterritoriales');

-- --------------------------------------------------------

--
-- Estructura de tabla para la tabla `cnae93_2009`
--

CREATE TABLE IF NOT EXISTS `cnae93_2009` (
  `id` varchar(32) NOT NULL,
  `id_grupo` int(11) NOT NULL,
  `id_macro` int(11) NOT NULL,
  PRIMARY KEY (`id`),
  KEY `id_macro` (`id_macro`),
  KEY `id_grupo` (`id_grupo`)
) ENGINE=InnoDB DEFAULT CHARSET=latin1;

--
-- Volcado de datos para la tabla `cnae93_2009`
--

INSERT INTO `cnae93_2009` (`id`, `id_grupo`, `id_macro`) VALUES
('01', 11, 1),
('011', 11, 1),
('0111', 11, 1),
('01110', 11, 1),
('0112', 11, 1),
('01121', 11, 1),
('01122', 11, 1),
('0113', 12, 1),
('01131', 12, 1),
('01132', 12, 1),
('01133', 12, 1),
('01134', 12, 1),
('012', 14, 1),
('0121', 14, 1),
('01210', 14, 1),
('0122', 14, 1),
('01221', 14, 1),
('01222', 14, 1),
('0123', 14, 1),
('01231', 14, 1),
('01232', 14, 1),
('0124', 14, 1),
('01240', 14, 1),
('0125', 14, 1),
('01250', 14, 1),
('013', 15, 1),
('0130', 15, 1),
('01300', 15, 1),
('014', 16, 1),
('0141', 16, 1),
('01410', 16, 1),
('0142', 16, 1),
('01420', 16, 1),
('015', 17, 1),
('0150', 17, 1),
('01501', 17, 1),
('01502', 17, 1),
('01503', 17, 1),
('02', 21, 1),
('020', 21, 1),
('0201', 21, 1),
('02011', 21, 1),
('02012', 22, 1),
('0202', 24, 1),
('02020', 24, 1),
('023', 11, 1),
('05', 31, 1),
('050', 31, 1),
('0501', 31, 1),
('05010', 31, 1),
('0502', 32, 1),
('05021', 32, 1),
('05022', 32, 1),
('099', 101, 2),
('10', 51, 1),
('101', 51, 1),
('1010', 51, 1),
('10101', 51, 1),
('10102', 51, 1),
('10103', 51, 1),
('102', 52, 1),
('1020', 52, 1),
('10200', 52, 1),
('103', 89, 1),
('1030', 89, 1),
('10300', 89, 1),
('11', 61, 1),
('111', 61, 1),
('1110', 61, 1),
('11100', 61, 1),
('112', 91, 1),
('1120', 91, 1),
('11200', 91, 1),
('120', 72, 1),
('131', 71, 1),
('132', 72, 1),
('14', 81, 1),
('141', 81, 1),
('1411', 81, 1),
('14111', 81, 1),
('14112', 81, 1),
('14113', 81, 1),
('1412', 81, 1),
('14121', 81, 1),
('14122', 81, 1),
('14123', 81, 1),
('1413', 81, 1),
('14130', 81, 1),
('142', 81, 1),
('1421', 81, 1),
('14210', 81, 1),
('1422', 81, 1),
('14221', 81, 1),
('14222', 81, 1),
('143', 89, 1),
('1430', 89, 1),
('14301', 89, 1),
('14302', 89, 1),
('14303', 89, 1),
('14304', 89, 1),
('14305', 89, 1),
('144', 89, 1),
('1440', 89, 1),
('14401', 89, 1),
('14402', 89, 1),
('145', 89, 1),
('1450', 89, 1),
('14501', 89, 1),
('14502', 89, 1),
('15', 101, 2),
('151', 101, 2),
('1511', 101, 2),
('15110', 101, 2),
('1512', 101, 2),
('15120', 101, 2),
('1513', 101, 2),
('15130', 101, 2),
('152', 102, 2),
('1520', 102, 2),
('15201', 102, 2),
('15202', 102, 2),
('15203', 102, 2),
('153', 103, 2),
('1531', 103, 2),
('15310', 103, 2),
('1532', 103, 2),
('15321', 103, 2),
('15322', 103, 2),
('1533', 103, 2),
('15331', 103, 2),
('15332', 103, 2),
('15333', 103, 2),
('15334', 103, 2),
('154', 104, 2),
('1541', 104, 2),
('15411', 104, 2),
('15412', 104, 2),
('15413', 104, 2),
('1542', 104, 2),
('15420', 104, 2),
('1543', 104, 2),
('15430', 104, 2),
('155', 105, 2),
('1551', 105, 2),
('15511', 105, 2),
('15512', 105, 2),
('1552', 105, 2),
('15520', 105, 2),
('156', 106, 2),
('1561', 106, 2),
('15611', 106, 2),
('15612', 106, 2),
('15613', 106, 2),
('1562', 106, 2),
('15620', 106, 2),
('157', 109, 2),
('1571', 109, 2),
('15710', 109, 2),
('1572', 109, 2),
('15720', 109, 2),
('158', 108, 2),
('1581', 108, 2),
('15811', 108, 2),
('15812', 108, 2),
('1582', 108, 2),
('15821', 108, 2),
('15822', 108, 2),
('1583', 108, 2),
('15830', 108, 2),
('1584', 108, 2),
('15841', 108, 2),
('15842', 108, 2),
('1585', 108, 2),
('15850', 108, 2),
('1586', 108, 2),
('15860', 108, 2),
('1587', 108, 2),
('15870', 108, 2),
('1588', 108, 2),
('15881', 108, 2),
('15882', 108, 2),
('1589', 108, 2),
('15890', 108, 2),
('159', 110, 2),
('1591', 110, 2),
('15911', 110, 2),
('15912', 110, 2),
('1592', 110, 2),
('15920', 110, 2),
('1593', 110, 2),
('15931', 110, 2),
('15932', 110, 2),
('1594', 110, 2),
('15940', 110, 2),
('1595', 110, 2),
('15950', 110, 2),
('1596', 110, 2),
('15960', 110, 2),
('1597', 110, 2),
('15970', 110, 2),
('1598', 110, 2),
('15981', 110, 2),
('15982', 110, 2),
('160', 120, 2),
('17', 131, 2),
('171', 131, 2),
('1711', 131, 2),
('17110', 131, 2),
('1712', 131, 2),
('17120', 131, 2),
('1713', 131, 2),
('17130', 131, 2),
('1714', 131, 2),
('17140', 131, 2),
('1715', 131, 2),
('17150', 131, 2),
('1716', 131, 2),
('17160', 131, 2),
('1717', 131, 2),
('17170', 131, 2),
('172', 132, 2),
('1721', 132, 2),
('17210', 132, 2),
('1722', 132, 2),
('17220', 132, 2),
('1723', 132, 2),
('17230', 132, 2),
('1724', 132, 2),
('17240', 132, 2),
('1725', 132, 2),
('17250', 132, 2),
('173', 133, 2),
('1730', 133, 2),
('17301', 133, 2),
('17302', 133, 2),
('17303', 133, 2),
('174', 139, 2),
('1740', 139, 2),
('17400', 139, 2),
('175', 139, 2),
('1751', 139, 2),
('17510', 139, 2),
('1752', 139, 2),
('17520', 139, 2),
('1753', 139, 2),
('17530', 139, 2),
('1754', 139, 2),
('17541', 139, 2),
('17542', 139, 2),
('17543', 139, 2),
('176', 139, 2),
('1760', 139, 2),
('17600', 139, 2),
('177', 143, 2),
('1771', 143, 2),
('17710', 143, 2),
('1772', 143, 2),
('17720', 143, 2),
('18', 141, 2),
('181', 141, 2),
('182', 141, 2),
('183', 151, 2),
('19', 151, 2),
('191', 151, 2),
('192', 151, 2),
('193', 152, 2),
('20', 161, 2),
('201', 161, 2),
('2010', 161, 2),
('20101', 161, 2),
('20102', 161, 2),
('202', 162, 2),
('2020', 162, 2),
('20200', 162, 2),
('203', 162, 2),
('2030', 162, 2),
('20301', 162, 2),
('20302', 162, 2),
('204', 162, 2),
('2040', 162, 2),
('20400', 162, 2),
('205', 162, 2),
('2051', 162, 2),
('20510', 162, 2),
('2052', 162, 2),
('20521', 162, 2),
('20522', 162, 2),
('21', 171, 2),
('211', 171, 2),
('212', 172, 2),
('22', 581, 6),
('221', 581, 6),
('2211', 581, 6),
('22110', 581, 6),
('2212', 581, 6),
('22120', 581, 6),
('2213', 581, 6),
('22130', 581, 6),
('2214', 592, 6),
('22140', 592, 6),
('2215', 582, 6),
('22150', 582, 6),
('222', 181, 2),
('2221', 181, 2),
('22210', 181, 2),
('2222', 181, 2),
('22220', 181, 2),
('2223', 181, 2),
('22230', 181, 2),
('2224', 181, 2),
('22240', 181, 2),
('2225', 181, 2),
('22250', 181, 2),
('223', 181, 2),
('2231', 181, 2),
('22310', 181, 2),
('2232', 181, 2),
('22320', 181, 2),
('2233', 181, 2),
('22330', 181, 2),
('23', 191, 2),
('231', 191, 2),
('2310', 191, 2),
('23100', 191, 2),
('232', 192, 2),
('2320', 192, 2),
('23200', 192, 2),
('233', 382, 3),
('2330', 382, 3),
('23301', 201, 2),
('23302', 244, 2),
('24', 201, 2),
('241', 201, 2),
('242', 202, 2),
('243', 203, 2),
('244', 211, 2),
('245', 204, 2),
('246', 205, 2),
('247', 206, 2),
('25', 221, 2),
('251', 221, 2),
('2511', 221, 2),
('25110', 221, 2),
('2512', 221, 2),
('25120', 221, 2),
('2513', 221, 2),
('25130', 221, 2),
('252', 222, 2),
('2521', 222, 2),
('25210', 222, 2),
('2522', 222, 2),
('25220', 222, 2),
('2523', 222, 2),
('25230', 222, 2),
('2524', 222, 2),
('25241', 222, 2),
('25242', 222, 2),
('26', 231, 2),
('261', 231, 2),
('262', 234, 2),
('263', 233, 2),
('264', 233, 2),
('265', 235, 2),
('266', 236, 2),
('267', 237, 2),
('268', 239, 2),
('27', 241, 2),
('271', 241, 2),
('272', 245, 2),
('273', 243, 2),
('274', 244, 2),
('275', 245, 2),
('28', 251, 2),
('281', 251, 2),
('2811', 251, 2),
('28110', 251, 2),
('2812', 251, 2),
('28120', 251, 2),
('282', 252, 2),
('2821', 252, 2),
('28210', 252, 2),
('2822', 252, 2),
('28220', 252, 2),
('283', 253, 2),
('2830', 253, 2),
('28300', 253, 2),
('284', 255, 2),
('2840', 255, 2),
('28401', 255, 2),
('28402', 255, 2),
('28403', 255, 2),
('285', 256, 2),
('2851', 256, 2),
('28510', 256, 2),
('2852', 256, 2),
('28520', 256, 2),
('286', 257, 2),
('2861', 257, 2),
('28610', 257, 2),
('2862', 257, 2),
('28621', 257, 2),
('28622', 257, 2),
('2863', 257, 2),
('28630', 257, 2),
('287', 259, 2),
('2871', 259, 2),
('28710', 259, 2),
('2872', 259, 2),
('28720', 259, 2),
('2873', 259, 2),
('28730', 259, 2),
('2874', 259, 2),
('28740', 259, 2),
('2875', 259, 2),
('28751', 259, 2),
('28752', 259, 2),
('28753', 259, 2),
('29', 281, 2),
('291', 281, 2),
('2911', 281, 2),
('29110', 281, 2),
('2912', 281, 2),
('29121', 281, 2),
('29122', 281, 2),
('29123', 281, 2),
('2913', 281, 2),
('29130', 281, 2),
('2914', 281, 2),
('29141', 281, 2),
('29142', 281, 2),
('292', 282, 2),
('2921', 282, 2),
('29210', 282, 2),
('2922', 282, 2),
('29221', 282, 2),
('29222', 282, 2),
('2923', 282, 2),
('29230', 282, 2),
('2924', 282, 2),
('29241', 282, 2),
('29242', 282, 2),
('29243', 282, 2),
('293', 283, 2),
('2931', 283, 2),
('29310', 283, 2),
('2932', 283, 2),
('29321', 283, 2),
('29322', 331, 2),
('294', 284, 2),
('2941', 284, 2),
('29410', 284, 2),
('2942', 284, 2),
('29420', 284, 2),
('2943', 284, 2),
('29430', 284, 2),
('295', 289, 2),
('2951', 289, 2),
('29510', 289, 2),
('2952', 289, 2),
('29520', 289, 2),
('2953', 289, 2),
('29530', 289, 2),
('2954', 289, 2),
('29541', 289, 2),
('29542', 289, 2),
('29543', 289, 2),
('2955', 289, 2),
('29550', 289, 2),
('2956', 289, 2),
('29561', 289, 2),
('29562', 289, 2),
('29563', 257, 2),
('29564', 289, 2),
('296', 254, 2),
('2960', 254, 2),
('29601', 254, 2),
('29602', 254, 2),
('297', 275, 2),
('2971', 275, 2),
('29710', 275, 2),
('2972', 275, 2),
('29720', 275, 2),
('30', 282, 2),
('300', 282, 2),
('3001', 282, 2),
('30010', 282, 2),
('3002', 262, 2),
('30020', 262, 2),
('31', 261, 2),
('311', 261, 2),
('312', 261, 2),
('313', 261, 2),
('314', 272, 2),
('315', 274, 2),
('316', 293, 2),
('32', 261, 2),
('321', 261, 2),
('3210', 261, 2),
('32100', 261, 2),
('322', 263, 2),
('3220', 263, 2),
('32201', 263, 2),
('32202', 263, 2),
('323', 261, 2),
('3230', 261, 2),
('32300', 261, 2),
('33', 266, 2),
('331', 266, 2),
('332', 265, 2),
('333', 332, 2),
('334', 325, 2),
('335', 265, 2),
('34', 291, 2),
('341', 291, 2),
('342', 292, 2),
('343', 281, 2),
('35', 301, 2),
('351', 301, 2),
('3511', 301, 2),
('35111', 301, 2),
('35112', 301, 2),
('3512', 301, 2),
('35120', 301, 2),
('352', 302, 2),
('3520', 302, 2),
('35200', 302, 2),
('353', 303, 2),
('3530', 303, 2),
('35300', 303, 2),
('354', 309, 2),
('3541', 309, 2),
('35410', 309, 2),
('3542', 309, 2),
('35420', 309, 2),
('3543', 309, 2),
('35430', 309, 2),
('355', 309, 2),
('3550', 309, 2),
('35500', 309, 2),
('36', 310, 2),
('361', 310, 2),
('3611', 310, 2),
('36110', 310, 2),
('3612', 310, 2),
('36120', 310, 2),
('3613', 310, 2),
('36130', 310, 2),
('3614', 310, 2),
('36141', 310, 2),
('36142', 310, 2),
('36143', 310, 2),
('36144', 310, 2),
('3615', 310, 2),
('36150', 310, 2),
('362', 321, 2),
('3621', 321, 2),
('36210', 321, 2),
('3622', 321, 2),
('36221', 321, 2),
('36222', 321, 2),
('363', 322, 2),
('3630', 322, 2),
('36300', 322, 2),
('364', 323, 2),
('3640', 323, 2),
('36400', 323, 2),
('365', 324, 2),
('3650', 324, 2),
('36500', 324, 2),
('366', 329, 2),
('3661', 321, 2),
('36610', 321, 2),
('3662', 329, 2),
('36620', 329, 2),
('3663', 329, 2),
('36630', 329, 2),
('371', 383, 3),
('372', 383, 3),
('40', 351, 3),
('401', 351, 3),
('402', 352, 3),
('403', 353, 3),
('410', 360, 3),
('45', 431, 4),
('451', 431, 4),
('4511', 431, 4),
('45111', 431, 4),
('45112', 431, 4),
('4512', 431, 4),
('45120', 431, 4),
('452', 421, 4),
('4521', 421, 4),
('45211', 412, 4),
('45212', 421, 4),
('45213', 421, 4),
('45214', 422, 4),
('45215', 421, 4),
('45216', 422, 4),
('45217', 439, 4),
('4522', 439, 4),
('45221', 439, 4),
('45222', 439, 4),
('4523', 421, 4),
('45231', 421, 4),
('45232', 421, 4),
('4524', 422, 4),
('45240', 422, 4),
('4525', 439, 4),
('45251', 439, 4),
('45252', 439, 4),
('45253', 439, 4),
('453', 432, 4),
('4531', 432, 4),
('45310', 432, 4),
('4532', 432, 4),
('45320', 432, 4),
('4533', 432, 4),
('45331', 432, 4),
('45332', 432, 4),
('4534', 432, 4),
('45340', 432, 4),
('454', 433, 4),
('4541', 433, 4),
('45410', 433, 4),
('4542', 433, 4),
('45421', 433, 4),
('45422', 433, 4),
('4543', 433, 4),
('45430', 433, 4),
('4544', 433, 4),
('45441', 433, 4),
('45442', 433, 4),
('4545', 433, 4),
('45450', 433, 4),
('455', 439, 4),
('4550', 439, 4),
('45500', 439, 4),
('50', 451, 5),
('501', 451, 5),
('5010', 451, 5),
('50101', 451, 5),
('50102', 451, 5),
('50103', 451, 5),
('502', 452, 5),
('5020', 452, 5),
('50200', 452, 5),
('503', 453, 5),
('5030', 453, 5),
('50301', 453, 5),
('50302', 453, 5),
('504', 454, 5),
('5040', 454, 5),
('50400', 454, 5),
('505', 473, 5),
('5050', 473, 5),
('50500', 473, 5),
('51', 461, 5),
('511', 461, 5),
('5111', 461, 5),
('51110', 461, 5),
('5112', 461, 5),
('51120', 461, 5),
('5113', 461, 5),
('51130', 461, 5),
('5114', 461, 5),
('51140', 461, 5),
('5115', 461, 5),
('51150', 461, 5),
('5116', 461, 5),
('51160', 461, 5),
('5117', 461, 5),
('51170', 461, 5),
('5118', 461, 5),
('51180', 461, 5),
('5119', 461, 5),
('51190', 461, 5),
('512', 462, 5),
('5121', 462, 5),
('51210', 462, 5),
('5122', 462, 5),
('51220', 462, 5),
('5123', 462, 5),
('51230', 462, 5),
('5124', 462, 5),
('51240', 462, 5),
('5125', 462, 5),
('51250', 462, 5),
('513', 463, 5),
('5131', 463, 5),
('51310', 463, 5),
('5132', 463, 5),
('51321', 463, 5),
('51322', 463, 5),
('51323', 463, 5),
('5133', 463, 5),
('51330', 463, 5),
('5134', 463, 5),
('51340', 463, 5),
('5135', 463, 5),
('51350', 463, 5),
('5136', 463, 5),
('51360', 463, 5),
('5137', 463, 5),
('51370', 463, 5),
('5138', 463, 5),
('51381', 463, 5),
('51382', 463, 5),
('5139', 463, 5),
('51391', 463, 5),
('51392', 463, 5),
('514', 464, 5),
('5141', 464, 5),
('51410', 464, 5),
('5142', 464, 5),
('51421', 464, 5),
('51422', 464, 5),
('51423', 464, 5),
('5143', 464, 5),
('51430', 464, 5),
('5144', 464, 5),
('51441', 464, 5),
('51442', 464, 5),
('5145', 464, 5),
('51450', 464, 5),
('5146', 464, 5),
('51460', 464, 5),
('5147', 464, 5),
('51471', 464, 5),
('51472', 464, 5),
('51473', 464, 5),
('51474', 464, 5),
('51475', 464, 5),
('515', 467, 5),
('5151', 467, 5),
('51510', 467, 5),
('5152', 467, 5),
('51521', 467, 5),
('51522', 467, 5),
('51523', 467, 5),
('51524', 467, 5),
('5153', 467, 5),
('51531', 467, 5),
('51532', 467, 5),
('51533', 467, 5),
('51534', 467, 5),
('5154', 467, 5),
('51541', 467, 5),
('51542', 467, 5),
('5155', 467, 5),
('51551', 467, 5),
('51552', 467, 5),
('51553', 467, 5),
('5156', 467, 5),
('51560', 467, 5),
('5157', 467, 5),
('51571', 467, 5),
('51572', 467, 5),
('516', 465, 5),
('5160', 465, 5),
('51600', 465, 5),
('5161', 466, 5),
('51611', 466, 5),
('51612', 466, 5),
('5162', 466, 5),
('51620', 466, 5),
('5163', 466, 5),
('51630', 466, 5),
('5166', 466, 5),
('51660', 466, 5),
('5167', 465, 5),
('51670', 465, 5),
('5168', 466, 5),
('51680', 466, 5),
('5169', 466, 5),
('51691', 466, 5),
('51692', 466, 5),
('517', 469, 5),
('5170', 469, 5),
('51700', 469, 5),
('52', 471, 5),
('521', 471, 5),
('5211', 471, 5),
('52111', 471, 5),
('52112', 471, 5),
('52113', 471, 5),
('52114', 471, 5),
('52115', 471, 5),
('5212', 471, 5),
('52121', 471, 5),
('52122', 471, 5),
('522', 472, 5),
('5221', 472, 5),
('52210', 472, 5),
('5222', 472, 5),
('52220', 472, 5),
('5223', 472, 5),
('52230', 472, 5),
('5224', 472, 5),
('52240', 472, 5),
('5225', 472, 5),
('52250', 472, 5),
('5226', 472, 5),
('52260', 472, 5),
('5227', 472, 5),
('52271', 472, 5),
('52272', 472, 5),
('523', 477, 5),
('5231', 477, 5),
('52310', 477, 5),
('5232', 477, 5),
('52320', 477, 5),
('5233', 477, 5),
('52330', 477, 5),
('524', 475, 5),
('5241', 475, 5),
('52410', 475, 5),
('5242', 477, 5),
('52420', 477, 5),
('5243', 477, 5),
('52430', 477, 5),
('5244', 475, 5),
('52440', 475, 5),
('5245', 474, 5),
('52450', 474, 5),
('5246', 475, 5),
('52461', 475, 5),
('52462', 475, 5),
('52463', 475, 5),
('5247', 476, 5),
('52470', 476, 5),
('5248', 477, 5),
('52481', 477, 5),
('52482', 477, 5),
('52483', 476, 5),
('52484', 475, 5),
('52485', 477, 5),
('52486', 477, 5),
('52487', 477, 5),
('52488', 474, 5),
('525', 477, 5),
('5250', 477, 5),
('52501', 477, 5),
('52502', 477, 5),
('526', 479, 5),
('5261', 479, 5),
('52610', 479, 5),
('5262', 478, 5),
('52620', 478, 5),
('5263', 479, 5),
('52631', 479, 5),
('52632', 479, 5),
('527', 952, 12),
('5271', 952, 12),
('52710', 952, 12),
('5272', 952, 12),
('52720', 952, 12),
('5273', 952, 12),
('52730', 952, 12),
('5274', 952, 12),
('52740', 952, 12),
('55', 551, 6),
('551', 551, 6),
('552', 552, 6),
('553', 561, 6),
('554', 563, 6),
('555', 562, 6),
('60', 491, 6),
('601', 491, 6),
('602', 493, 6),
('603', 495, 6),
('611', 501, 6),
('612', 503, 6),
('62', 511, 6),
('621', 511, 6),
('622', 511, 6),
('623', 512, 6),
('63', 522, 6),
('631', 522, 6),
('6311', 522, 6),
('63110', 522, 6),
('6312', 521, 6),
('63121', 521, 6),
('63122', 521, 6),
('63123', 521, 6),
('63124', 521, 6),
('632', 522, 6),
('6321', 522, 6),
('63211', 522, 6),
('63212', 522, 6),
('63213', 522, 6),
('63214', 522, 6),
('63215', 522, 6),
('6322', 522, 6),
('63221', 522, 6),
('63222', 522, 6),
('6323', 522, 6),
('63231', 522, 6),
('63232', 522, 6),
('633', 791, 10),
('6330', 791, 10),
('63301', 791, 10),
('63302', 791, 10),
('63303', 799, 10),
('634', 522, 6),
('6340', 522, 6),
('63400', 522, 6),
('64', 531, 6),
('641', 531, 6),
('6411', 531, 6),
('64110', 531, 6),
('6412', 532, 6),
('64120', 532, 6),
('642', 611, 6),
('6420', 611, 6),
('64200', 611, 6),
('651', 641, 7),
('652', 649, 7),
('660', 651, 7),
('67', 661, 7),
('671', 661, 7),
('672', 662, 7),
('70', 411, 4),
('701', 411, 4),
('7011', 411, 4),
('70111', 411, 4),
('70112', 411, 4),
('7012', 681, 8),
('70120', 681, 8),
('702', 682, 8),
('7020', 682, 8),
('70201', 682, 8),
('70202', 682, 8),
('703', 683, 8),
('7031', 683, 8),
('70310', 683, 8),
('7032', 683, 8),
('70321', 683, 8),
('70322', 683, 8),
('711', 771, 10),
('712', 771, 10),
('713', 773, 10),
('714', 772, 10),
('72', 620, 6),
('721', 620, 6),
('7210', 620, 6),
('72100', 620, 6),
('722', 582, 6),
('7221', 582, 6),
('72210', 582, 6),
('7222', 620, 6),
('72220', 620, 6),
('723', 631, 6),
('7230', 631, 6),
('72300', 631, 6),
('724', 631, 6),
('7240', 631, 6),
('72400', 631, 6),
('725', 951, 12),
('7250', 951, 12),
('72500', 951, 12),
('726', 620, 6),
('7260', 620, 6),
('72600', 620, 6),
('73', 721, 9),
('731', 721, 9),
('732', 722, 9),
('74', 691, 9),
('741', 691, 9),
('7411', 691, 9),
('74111', 691, 9),
('74112', 691, 9),
('74113', 691, 9),
('7412', 692, 9),
('74120', 692, 9),
('7413', 732, 9),
('74130', 732, 9),
('7414', 702, 9),
('74141', 702, 9),
('74142', 702, 9),
('7415', 642, 7),
('74150', 642, 7),
('742', 711, 9),
('7420', 711, 9),
('74201', 711, 9),
('74202', 711, 9),
('74203', 711, 9),
('74204', 711, 9),
('743', 712, 9),
('7430', 712, 9),
('74301', 712, 9),
('74302', 712, 9),
('744', 731, 9),
('7440', 731, 9),
('74401', 731, 9),
('74402', 731, 9),
('745', 781, 10),
('7450', 781, 10),
('74501', 781, 10),
('74502', 781, 10),
('74503', 782, 10),
('746', 803, 10),
('7460', 803, 10),
('74601', 803, 10),
('74602', 801, 10),
('747', 812, 10),
('7470', 812, 10),
('74700', 812, 10),
('748', 742, 9),
('7481', 742, 9),
('74811', 742, 9),
('74812', 742, 9),
('7482', 829, 10),
('74820', 829, 10),
('7483', 821, 10),
('74831', 821, 10),
('74832', 743, 9),
('74833', 829, 10),
('7484', 829, 10),
('74841', 741, 9),
('74842', 823, 10),
('74843', 749, 9),
('7486', 822, 10),
('74860', 822, 10),
('75', 841, 11),
('751', 841, 11),
('7511', 841, 11),
('75111', 841, 11),
('75112', 841, 11),
('75113', 841, 11),
('7512', 841, 11),
('75120', 841, 11),
('7513', 841, 11),
('75130', 841, 11),
('7514', 841, 11),
('75140', 841, 11),
('752', 842, 11),
('7521', 842, 11),
('75210', 842, 11),
('7522', 842, 11),
('75220', 842, 11),
('7523', 842, 11),
('75230', 842, 11),
('7524', 842, 11),
('75240', 842, 11),
('7525', 842, 11),
('75250', 842, 11),
('753', 843, 11),
('7530', 843, 11),
('75300', 843, 11),
('80', 851, 12),
('801', 851, 12),
('802', 853, 12),
('803', 854, 12),
('804', 855, 12),
('85', 861, 12),
('851', 861, 12),
('8511', 861, 12),
('85110', 861, 12),
('8512', 862, 12),
('85120', 862, 12),
('8513', 862, 12),
('85130', 862, 12),
('8514', 869, 12),
('85141', 869, 12),
('85142', 869, 12),
('85143', 869, 12),
('85144', 869, 12),
('852', 750, 9),
('8520', 750, 9),
('85200', 750, 9),
('853', 871, 12),
('8531', 871, 12),
('85311', 871, 12),
('85312', 872, 12),
('85313', 879, 12),
('85314', 879, 12),
('85315', 872, 12),
('8532', 881, 12),
('85321', 881, 12),
('85322', 889, 12),
('85323', 881, 12),
('85324', 889, 12),
('85325', 881, 12),
('90', 370, 3),
('900', 370, 3),
('9001', 370, 3),
('90010', 370, 3),
('9002', 381, 3),
('90020', 381, 3),
('9003', 390, 3),
('90030', 390, 3),
('911', 941, 12),
('912', 942, 12),
('913', 949, 12),
('92', 591, 6),
('921', 591, 6),
('9211', 591, 6),
('92111', 591, 6),
('92112', 591, 6),
('9212', 591, 6),
('92121', 591, 6),
('92122', 591, 6),
('9213', 591, 6),
('92130', 591, 6),
('922', 592, 6),
('9220', 592, 6),
('92201', 592, 6),
('92202', 591, 6),
('92203', 602, 6),
('923', 900, 12),
('9231', 900, 12),
('92311', 900, 12),
('92312', 900, 12),
('92313', 900, 12),
('9232', 900, 12),
('92320', 900, 12),
('9233', 932, 12),
('92330', 932, 12),
('9234', 932, 12),
('92341', 932, 12),
('92342', 932, 12),
('92343', 932, 12),
('924', 639, 6),
('9240', 639, 6),
('92400', 639, 6),
('925', 910, 12),
('9251', 910, 12),
('92510', 910, 12),
('9252', 910, 12),
('92521', 910, 12),
('92522', 910, 12),
('9253', 910, 12),
('92530', 910, 12),
('926', 931, 12),
('9261', 931, 12),
('92611', 931, 12),
('92612', 931, 12),
('92613', 931, 12),
('9262', 931, 12),
('92621', 931, 12),
('92622', 932, 12),
('92623', 931, 12),
('927', 920, 12),
('9271', 920, 12),
('92711', 920, 12),
('92712', 920, 12),
('92713', 920, 12),
('9272', 920, 12),
('92720', 920, 12),
('930', 960, 12),
('950', 970, 12),
('990', 990, 13);

-- --------------------------------------------------------

--
-- Estructura de tabla para la tabla `cnae2009_division`
--

CREATE TABLE IF NOT EXISTS `cnae2009_division` (
  `id` int(11) NOT NULL,
  `descripcion` varchar(256) NOT NULL,
  `id_seccion` int(11) NOT NULL,
  PRIMARY KEY (`id`),
  KEY `id_seccion` (`id_seccion`)
) ENGINE=InnoDB DEFAULT CHARSET=latin1;

--
-- Volcado de datos para la tabla `cnae2009_division`
--

INSERT INTO `cnae2009_division` (`id`, `descripcion`, `id_seccion`) VALUES
(1, 'Agricultura, ganadería, caza y servicios relacionados con las mismas', 1),
(2, 'Silvicultura y explotación forestal', 1),
(3, 'Pesca y acuicultura', 1),
(5, 'Extracción de antracita, hulla y lignito', 2),
(6, 'Extracción de crudo de petróleo y gas natural', 2),
(7, 'Extracción de minerales metálicos', 2),
(8, 'Otras industrias extractivas', 2),
(9, 'Actividades de apoyo a las industrias extractivas', 2),
(10, 'Industria de la alimentación', 3),
(11, 'Fabricación de bebidas', 3),
(12, 'Industria del tabaco', 3),
(13, 'Industria textil', 3),
(14, 'Confección de prendas de vestir', 3),
(15, 'Industria del cuero y del calzado', 3),
(16, 'Industria de la madera y del corcho, excepto muebles; cestería y espartería', 3),
(17, 'Industria del papel', 3),
(18, 'Artes gráficas y reproducción de soportes grabados', 3),
(19, 'Coquerías y refino de petróleo', 3),
(20, 'Industria química', 3),
(21, 'Fabricación de productos farmacéuticos', 3),
(22, 'Fabricación de productos de caucho y plásticos', 3),
(23, 'Fabricación de otros productos minerales no metálicos', 3),
(24, 'Metalurgia; fabricación de productos de hierro, acero y ferroaleaciones', 3),
(25, 'Fabricación de productos metálicos, excepto maquinaria y equipo', 3),
(26, 'Fabricación de productos informáticos, electrónicos y ópticos', 3),
(27, 'Fabricación de material y equipo eléctrico', 3),
(28, 'Fabricación de maquinaria y equipo n.c.o.p.', 3),
(29, 'Fabricación de vehículos de motor, remolques y semirremolques', 3),
(30, 'Fabricación de otro material de transporte', 3),
(31, 'Fabricación de muebles', 3),
(32, 'Otras industrias manufactureras', 3),
(33, 'Reparación e instalación de maquinaria y equipo', 3),
(35, 'Suministro de energía eléctrica, gas, vapor y aire acondicionado', 4),
(36, 'Captación, depuración y distribución de agua', 5),
(37, 'Recogida y tratamiento de aguas residuales', 5),
(38, 'Recogida, tratamiento y eliminación de residuos; valorización', 5),
(39, 'Actividades de descontaminación y otros servicios de gestión de residuos', 5),
(41, 'Construcción de edificios', 6),
(42, 'Ingeniería civil', 6),
(43, 'Actividades de construcción especializada', 6),
(45, 'Venta y reparación de vehículos de motor y motocicletas', 7),
(46, 'Comercio al por mayor e intermediarios del comercio, excepto de vehículos de motor y motocicletas', 7),
(47, 'Comercio al por menor, excepto de vehículos de motor y motocicletas', 7),
(49, 'Transporte terrestre y por tubería', 8),
(50, 'Transporte marítimo y por vías navegables interiores', 8),
(51, 'Transporte aéreo', 8),
(52, 'Almacenamiento y actividades anexas al transporte', 8),
(53, 'Actividades postales y de correos', 8),
(55, 'Servicios de alojamiento', 9),
(56, 'Servicios de comidas y bebidas', 9),
(58, 'Edición', 10),
(59, 'Actividades cinematográficas, de vídeo y de programas de televisión, grabación de sonido y edición musical', 10),
(60, 'Actividades de programación y emisión de radio y televisión', 10),
(61, 'Telecomunicaciones', 10),
(62, 'Programación, consultoría y otras actividades relacionadas con la informática', 10),
(63, 'Servicios de información', 10),
(64, 'Servicios financieros, excepto seguros y fondos de pensiones', 11),
(65, 'Seguros, reaseguros y fondos de pensiones, excepto Seguridad Social obligatoria', 11),
(66, 'Actividades auxiliares a los servicios financieros y a los seguros', 11),
(68, 'Actividades inmobiliarias', 12),
(69, 'Actividades jurídicas y de contabilidad', 13),
(70, 'Actividades de las sedes centrales; actividades de consultoría de gestión empresarial', 13),
(71, 'Servicios técnicos de arquitectura e ingeniería; ensayos y análisis técnicos', 13),
(72, 'Investigación y desarrollo', 13),
(73, 'Publicidad y estudios de mercado', 13),
(74, 'Otras actividades profesionales, científicas y técnicas', 13),
(75, 'Actividades veterinarias', 13),
(77, 'Actividades de alquiler', 13),
(78, 'Actividades relacionadas con el empleo', 14),
(79, 'Actividades de agencias de viajes, operadores turísticos, servicios de reservas y actividades relacionadas con los mismos', 14),
(80, 'Actividades de seguridad e investigación', 14),
(81, 'Servicios a edificios y actividades de jardinería', 14),
(82, 'Actividades administrativas de oficina y otras actividades auxiliares a las empresas', 14),
(84, 'Administración Pública y defensa; Seguridad Social obligatoria', 15),
(85, 'Educación', 16),
(86, 'Actividades sanitarias', 17),
(87, 'Asistencia en establecimientos residenciales', 17),
(88, 'Actividades de servicios sociales sin alojamiento', 17),
(90, 'Actividades de creación, artísticas y espectáculos', 18),
(91, 'Actividades de bibliotecas, archivos, museos y otras actividades culturales', 18),
(92, 'Actividades de juegos de azar y apuestas', 18),
(93, 'Actividades deportivas, recreativas y de entretenimiento', 18),
(94, 'Actividades asociativas', 19),
(95, 'Reparación de ordenadores, efectos personales y artículos de uso doméstico', 19),
(96, 'Otros servicios personales', 19),
(97, 'Actividades de los hogares como empleadores de personal doméstico', 20),
(98, 'Actividades de los hogares como productores de bienes y servicios para uso propio', 20),
(99, 'Actividades de organizaciones y organismos extraterritoriales', 21);

-- --------------------------------------------------------

--
-- Estructura de tabla para la tabla `cnae2009_grupo`
--

CREATE TABLE IF NOT EXISTS `cnae2009_grupo` (
  `id` int(11) NOT NULL,
  `descripcion` varchar(256) NOT NULL,
  `id_division` int(11) NOT NULL,
  PRIMARY KEY (`id`),
  KEY `id_division` (`id_division`),
  KEY `id_division_2` (`id_division`)
) ENGINE=InnoDB DEFAULT CHARSET=latin1;

--
-- Volcado de datos para la tabla `cnae2009_grupo`
--

INSERT INTO `cnae2009_grupo` (`id`, `descripcion`, `id_division`) VALUES
(11, 'Cultivos no perennes', 1),
(12, 'Cultivos perennes', 1),
(13, 'Propagación de plantas', 1),
(14, 'Producción ganadera', 1),
(15, 'Producción agrícola combinada con la producción ganadera', 1),
(16, 'Actividades de apoyo a la agricultura, a la ganadería y de preparación posterior a la cosecha', 1),
(17, 'Caza, captura de animales y servicios relacionados con las mismas', 1),
(21, 'Silvicultura y otras actividades forestales', 2),
(22, 'Explotación de la madera', 2),
(23, 'Recolección de productos silvestres, excepto madera', 2),
(24, 'Servicios de apoyo a la silvicultura', 2),
(31, 'Pesca', 3),
(32, 'Acuicultura', 3),
(51, 'Extracción de antracita y hulla', 5),
(52, 'Extracción de lignito', 5),
(61, 'Extracción de crudo de petróleo', 6),
(62, 'Extracción de gas natural', 6),
(71, 'Extracción de minerales de hierro', 7),
(72, 'Extracción de minerales metálicos no férreos', 7),
(81, 'Extracción de piedra, arena y arcilla', 8),
(89, 'Industrias extractivas n.c.o.p.', 8),
(91, 'Actividades de apoyo a la extracción de petróleo y gas natural', 9),
(99, 'Actividades de apoyo a otras industrias extractivas', 9),
(101, 'Procesado y conservación de carne y elaboración de productos cárnicos', 10),
(102, 'Procesado y conservación de pescados, crustáceos y moluscos', 10),
(103, 'Procesado y conservación de frutas y hortalizas', 10),
(104, 'Fabricación de aceites y grasas vegetales y animales', 10),
(105, 'Fabricación de productos lácteos', 10),
(106, 'Fabricación de productos de molinería, almidones y productos amiláceos', 10),
(107, 'Fabricación de productos de panadería y pastas alimenticias', 10),
(108, 'Fabricación de otros productos alimenticios', 10),
(109, 'Fabricación de productos para la alimentación animal', 10),
(110, 'Fabricación de bebidas', 11),
(120, 'Industria del tabaco', 12),
(131, 'Preparación e hilado de fibras textiles', 13),
(132, 'Fabricación de tejidos textiles', 13),
(133, 'Acabado de textiles', 13),
(139, 'Fabricación de otros productos textiles', 13),
(141, 'Confección de prendas de vestir, excepto de peletería', 14),
(142, 'Fabricación de artículos de peletería', 14),
(143, 'Confección de prendas de vestir de punto', 14),
(151, 'Preparación, curtido y acabado del cuero; fabricación de artículos de marroquinería, viaje y de guarnicionería y talabartería; preparación y teñido de pieles', 15),
(152, 'Fabricación de calzado', 15),
(161, 'Aserrado y cepillado de la madera', 16),
(162, 'Fabricación de productos de madera, corcho, cestería y espartería', 16),
(171, 'Fabricación de pasta papelera, papel y cartón', 17),
(172, 'Fabricación de artículos de papel y de cartón', 17),
(181, 'Artes gráficas y servicios relacionadas con las mismas', 18),
(182, 'Reproducción de soportes grabados', 18),
(191, 'Coquerías', 19),
(192, 'Refino de petróleo', 19),
(201, 'Fabricación de productos químicos básicos, compuestos nitrogenados, fertilizantes, plásticos y caucho sintético en formas primarias', 20),
(202, 'Fabricación de pesticidas y otros productos agroquímicos', 20),
(203, 'Fabricación de pinturas, barnices y revestimientos similares; tintas de imprenta y masillas', 20),
(204, 'Fabricación de jabones, detergentes y otros artículos de limpieza y abrillantamiento; fabricación de perfumes y cosméticos', 20),
(205, 'Fabricación de otros productos químicos', 20),
(206, 'Fabricación de fibras artificiales y sintéticas', 20),
(211, 'Fabricación de productos farmacéuticos de base', 21),
(212, 'Fabricación de especialidades farmacéuticas', 21),
(221, 'Fabricación de productos de caucho', 22),
(222, 'Fabricación de productos de plástico', 22),
(231, 'Fabricación de vidrio y productos de vidrio', 23),
(232, 'Fabricación de productos cerámicos refractarios', 23),
(233, 'Fabricación de productos cerámicos para la construcción', 23),
(234, 'Fabricación de otros productos cerámicos', 23),
(235, 'Fabricación de cemento, cal y yeso', 23),
(236, 'Fabricación de elementos de hormigón, cemento y yeso', 23),
(237, 'Corte, tallado y acabado de la piedra', 23),
(239, 'Fabricación de productos abrasivos y productos minerales no metálicos n.c.o.p.', 23),
(241, 'Fabricación de productos básicos de hierro, acero y ferroaleaciones', 24),
(242, 'Fabricación de tubos, tuberías, perfiles huecos y sus accesorios, de acero', 24),
(243, 'Fabricación de otros productos de primera transformación del acero', 24),
(244, 'Producción de metales preciosos y de otros metales no férreos', 24),
(245, 'Fundición de metales', 24),
(251, 'Fabricación de elementos metálicos para la construcción', 25),
(252, 'Fabricación de cisternas, grandes depósitos y contenedores de metal', 25),
(253, 'Fabricación de generadores de vapor, excepto calderas para calefacción central', 25),
(254, 'Fabricación de armas y municiones', 25),
(255, 'Forja, estampación y embutición de metales; metalurgia de polvos', 25),
(256, 'Tratamiento y revestimiento de metales; ingeniería mecánica por cuenta de terceros', 25),
(257, 'Fabricación de artículos de cuchillería y cubertería, herramientas y ferretería', 25),
(259, 'Fabricación de otros productos metálicos', 25),
(261, 'Fabricación de componentes electrónicos y circuitos impresos ensamblados', 26),
(262, 'Fabricación de ordenadores y equipos periféricos', 26),
(263, 'Fabricación de equipos de telecomunicaciones', 26),
(264, 'Fabricación de productos electrónicos de consumo', 26),
(265, 'Fabricación de instrumentos y aparatos de medida, verificación y navegación; fabricación de relojes', 26),
(266, 'Fabricación de equipos de radiación, electromédicos y electroterapéuticos', 26),
(267, 'Fabricación de instrumentos de óptica y equipo fotográfico', 26),
(268, 'Fabricación de soportes magnéticos y ópticos', 26),
(271, 'Fabricación de motores, generadores y transformadores eléctricos, y de aparatos de distribución y control eléctrico', 27),
(272, 'Fabricación de pilas y acumuladores eléctricos', 27),
(273, 'Fabricación de cables y dispositivos de cableado', 27),
(274, 'Fabricación de lámparas y aparatos eléctricos de iluminación', 27),
(275, 'Fabricación de aparatos domésticos', 27),
(279, 'Fabricación de otro material y equipo eléctrico', 27),
(281, 'Fabricación de maquinaria de uso general', 28),
(282, 'Fabricación de otra maquinaria de uso general', 28),
(283, 'Fabricación de maquinaria agraria y forestal', 28),
(284, 'Fabricación de maquinas herramienta para trabajar el metal y otras máquinas herramienta', 28),
(289, 'Fabricación de otra maquinaria para usos específicos', 28),
(291, 'Fabricación de vehículos de motor', 29),
(292, 'Fabricación de carrocerías para vehículos de motor; fabricación de remolques y semirremolques', 29),
(293, 'Fabricación de componentes, piezas y accesorios para vehículos de motor', 29),
(301, 'Construcción naval', 30),
(302, 'Fabricación de locomotoras y material ferroviario', 30),
(303, 'Construcción aeronáutica y espacial y su maquinaria', 30),
(304, 'Fabricación de vehículos militares de combate', 30),
(309, 'Fabricación de material de transporte n.c.o.p.', 30),
(310, 'Fabricación de muebles', 31),
(321, 'Fabricación de artículos de joyería, bisutería y similares', 32),
(322, 'Fabricación de instrumentos musicales', 32),
(323, 'Fabricación de artículos de deporte', 32),
(324, 'Fabricación de juegos y juguetes', 32),
(325, 'Fabricación de instrumentos y suministros médicos y odontológicos', 32),
(329, 'Industrias manufactureras n.c.o.p.', 32),
(331, 'Reparación de productos metálicos, maquinaria y equipo', 33),
(332, 'Instalación de máquinas y equipos industriales', 33),
(351, 'Producción, transporte y distribución de energía eléctrica', 35),
(352, 'Producción de gas; distribución por tubería de combustibles gaseosos', 35),
(353, 'Suministro de vapor y aire acondicionado', 35),
(360, 'Captación, depuración y distribución de agua', 36),
(370, 'Recogida y tratamiento de aguas residuales', 37),
(381, 'Recogida de residuos', 38),
(382, 'Tratamiento y eliminación de residuos', 38),
(383, 'Valorización', 38),
(390, 'Actividades de descontaminación y otros servicios de gestión de residuos', 39),
(411, 'Promoción inmobiliaria', 41),
(412, 'Construcción de edificios', 41),
(421, 'Construcción de carreteras y vías férreas, puentes y túneles', 42),
(422, 'Construcción de redes', 42),
(429, 'Construcción de otros proyectos de ingeniería civil', 42),
(431, 'Demolición y preparación de terrenos', 43),
(432, 'Instalaciones eléctricas, de fontanería y otras instalaciones en obras de construcción', 43),
(433, 'Acabado de edificios', 43),
(439, 'Otras actividades de construcción especializada', 43),
(451, 'Venta de vehículos de motor', 45),
(452, 'Mantenimiento y reparación de vehículos de motor', 45),
(453, 'Comercio de repuestos y accesorios de vehículos de motor', 45),
(454, 'Venta, mantenimiento y reparación de motocicletas y de sus repuestos y accesorios', 45),
(461, 'Intermediarios del comercio', 46),
(462, 'Comercio al por mayor de materias primas agrarias y de animales vivos', 46),
(463, 'Comercio al por mayor de productos alimenticios, bebidas y tabaco', 46),
(464, 'Comercio al por mayor de artículos de uso doméstico', 46),
(465, 'Comercio al por mayor de equipos para las tecnologías de la información y las comunicaciones', 46),
(466, 'Comercio al por mayor de otra maquinaria, equipos y suministros', 46),
(467, 'Otro comercio al por mayor especializado', 46),
(469, 'Comercio al por mayor no especializado', 46),
(471, 'Comercio al por menor en establecimientos no especializados', 47),
(472, 'Comercio al por menor de productos alimenticios, bebidas y tabaco en establecimientos especializados', 47),
(473, 'Comercio al por menor de combustible para la automoción en establecimientos especializados', 47),
(474, 'Comercio al por menor de equipos para las tecnologías de la información y las comunicaciones en establecimientos especializados', 47),
(475, 'Comercio al por menor de otros artículos de uso doméstico en establecimientos especializados', 47),
(476, 'Comercio al por menor de artículos culturales y recreativos en establecimientos especializados', 47),
(477, 'Comercio al por menor de otros artículos en establecimientos especializados', 47),
(478, 'Comercio al por menor en puestos de venta y mercadillos', 47),
(479, 'Comercio al por menor no realizado ni en establecimientos, ni en puestos de venta ni en mercadillos', 47),
(491, 'Transporte interurbano de pasajeros por ferrocarril', 49),
(492, 'Transporte de mercancías por ferrocarril', 49),
(493, 'Otro transporte terrestre de pasajeros', 49),
(494, 'Transporte de mercancías por carretera y servicios de mudanza', 49),
(495, 'Transporte por tubería', 49),
(501, 'Transporte marítimo de pasajeros', 50),
(502, 'Transporte marítimo de mercancías', 50),
(503, 'Transporte de pasajeros por vías navegables interiores', 50),
(504, 'Transporte de mercancías por vías navegables interiores', 50),
(511, 'Transporte aéreo de pasajeros', 51),
(512, 'Transporte aéreo de mercancías y transporte espacial', 51),
(521, 'Depósito y almacenamiento', 52),
(522, 'Actividades anexas al transporte', 52),
(531, 'Actividades postales sometidas a la obligación del servicio universal', 53),
(532, 'Otras actividades postales y de correos', 53),
(551, 'Hoteles y alojamientos similares', 55),
(552, 'Alojamientos turísticos y otros alojamientos de corta estancia', 55),
(553, 'Campings', 55),
(559, 'Otros alojamientos', 55),
(561, 'Restaurantes y puestos de comidas', 56),
(562, 'Provisión de comidas preparadas para eventos y otros servicios de comidas', 56),
(563, 'Establecimientos de bebidas', 56),
(581, 'Edición de libros, periódicos y otras actividades editoriales', 58),
(582, 'Edición de programas informáticos', 58),
(591, 'Actividades cinematográficas, de vídeo y de programas de televisión', 59),
(592, 'Actividades de grabación de sonido y edición musical', 59),
(601, 'Actividades de radiodifusión', 60),
(602, 'Actividades de programación y emisión de televisión', 60),
(611, 'Telecomunicaciones por cable', 61),
(612, 'Telecomunicaciones inalámbricas', 61),
(613, 'Telecomunicaciones por satélite', 61),
(619, 'Otras actividades de telecomunicaciones', 61),
(620, 'Programación, consultoría y otras actividades relacionadas con la informática', 62),
(631, 'Proceso de datos, hosting y actividades relacionadas; portales web', 63),
(639, 'Otros servicios de información', 63),
(641, 'Intermediación monetaria', 64),
(642, 'Actividades de las sociedades holding', 64),
(643, 'Inversión colectiva, fondos y entidades financieras similares', 64),
(649, 'Otros servicios financieros, excepto seguros y fondos de pensiones', 64),
(651, 'Seguros', 65),
(652, 'Reaseguros', 65),
(653, 'Fondos de pensiones', 65),
(661, 'Actividades auxiliares a los servicios financieros, excepto seguros y fondos de pensiones', 66),
(662, 'Actividades auxiliares a seguros y fondos de pensiones', 66),
(663, 'Actividades de gestión de fondos', 66),
(681, 'Compraventa de bienes inmobiliarios por cuenta propia', 68),
(682, 'Alquiler de bienes inmobiliarios por cuenta propia', 68),
(683, 'Actividades inmobiliarias por cuenta de terceros', 68),
(691, 'Actividades jurídicas', 69),
(692, 'Actividades de contabilidad, teneduría de libros, auditoría y asesoría fiscal', 69),
(701, 'Actividades de las sedes centrales', 70),
(702, 'Actividades de consultoría de gestión empresarial', 70),
(711, 'Servicios técnicos de arquitectura e ingeniería y otras actividades relacionadas con el asesoramiento técnico', 71),
(712, 'Ensayos y análisis técnicos', 71),
(721, 'Investigación y desarrollo experimental en ciencias naturales y técnicas', 72),
(722, 'Investigación y desarrollo experimental en ciencias sociales y humanidades', 72),
(731, 'Publicidad', 73),
(732, 'Estudios de mercado y realización de encuestas de opinión pública', 73),
(741, 'Actividades de diseño especializado', 74),
(742, 'Actividades de fotografía', 74),
(743, 'Actividades de traducción e interpretación', 74),
(749, 'Otras actividades profesionales, científicas y técnicas n.c.o.p.', 74),
(750, 'Actividades veterinarias', 75),
(771, 'Alquiler de vehículos de motor', 77),
(772, 'Alquiler de efectos personales y artículos de uso doméstico', 77),
(773, 'Alquiler de otra maquinaria, equipos y bienes tangibles', 77),
(774, 'Arrendamiento de la propiedad intelectual y productos similares, excepto trabajos protegidos por los derechos de autor', 77),
(781, 'Actividades de las agencias de colocación', 78),
(782, 'Actividades de las empresas de trabajo temporal', 78),
(783, 'Otra provisión de recursos humanos', 78),
(791, 'Actividades de agencias de viajes y operadores turísticos', 79),
(799, 'Otros servicios de reservas y actividades relacionadas con los mismos', 79),
(801, 'Actividades de seguridad privada', 80),
(802, 'Servicios de sistemas de seguridad', 80),
(803, 'Actividades de investigación', 80),
(811, 'Servicios integrales a edificios e instalaciones', 81),
(812, 'Actividades de limpieza', 81),
(813, 'Actividades de jardinería', 81),
(821, 'Actividades administrativas y auxiliares de oficina', 82),
(822, 'Actividades de los centros de llamadas', 82),
(823, 'Organización de convenciones y ferias de muestras', 82),
(829, 'Actividades de apoyo a las empresas n.c.o.p.', 82),
(841, 'Administración Pública y de la política económica y social', 84),
(842, 'Prestación de servicios a la comunidad en general', 84),
(843, 'Seguridad Social obligatoria', 84),
(851, 'Educación preprimaria', 85),
(852, 'Educación primaria', 85),
(853, 'Educación secundaria', 85),
(854, 'Educación postsecundaria', 85),
(855, 'Otra educación', 85),
(856, 'Actividades auxiliares a la educación', 85),
(861, 'Actividades hospitalarias', 86),
(862, 'Actividades médicas y odontológicas', 86),
(869, 'Otras actividades sanitarias', 86),
(871, 'Asistencia en establecimientos residenciales con cuidados sanitarios', 87),
(872, 'Asistencia en establecimientos residenciales para personas con discapacidad intelectual, enfermedad mental y drogodependencia', 87),
(873, 'Asistencia en establecimientos residenciales para personas mayores y con discapacidad física', 87),
(879, 'Otras actividades de asistencia en establecimientos residenciales', 87),
(881, 'Actividades de servicios sociales sin alojamiento para personas mayores y con discapacidad', 88),
(889, 'Otras actividades de servicios sociales sin alojamiento', 88),
(900, 'Actividades de creación, artísticas y espectáculos', 90),
(910, 'Actividades de bibliotecas, archivos, museos y otras actividades culturales', 91),
(920, 'Actividades de juegos de azar y apuestas', 92),
(931, 'Actividades deportivas', 93),
(932, 'Actividades recreativas y de entretenimiento', 93),
(941, 'Actividades de organizaciones empresariales, profesionales y patronales', 94),
(942, 'Actividades sindicales', 94),
(949, 'Otras actividades asociativas', 94),
(951, 'Reparación de ordenadores y equipos de comunicación', 95),
(952, 'Reparación de efectos personales y artículos de uso doméstico', 95),
(960, 'Otros servicios personales', 96),
(970, 'Actividades de los hogares como empleadores de personal doméstico', 97),
(981, 'Actividades de los hogares como productores de bienes para uso propio', 98),
(982, 'Actividades de los hogares como productores de servicios para uso propio', 98),
(990, 'Actividades de organizaciones y organismos extraterritoriales', 99);

-- --------------------------------------------------------

--
-- Estructura de tabla para la tabla `cnae2009_macro`
--

CREATE TABLE IF NOT EXISTS `cnae2009_macro` (
  `id` int(11) NOT NULL,
  `descripcion` varchar(256) NOT NULL,
  PRIMARY KEY (`id`)
) ENGINE=InnoDB DEFAULT CHARSET=latin1;

--
-- Volcado de datos para la tabla `cnae2009_macro`
--

INSERT INTO `cnae2009_macro` (`id`, `descripcion`) VALUES
(1, 'Agricultura, ganadería, pesca, industria extractiva'),
(2, 'Industria manufacturera'),
(3, 'Producción y distribución de energía eléctrica y agua'),
(4, 'Construcción'),
(5, 'Comercio'),
(6, 'Hostelería, transporte y telecomunicaciones'),
(7, 'Intermediación financiera'),
(8, 'Actividades inmobiliarias'),
(9, 'Actividades profesionales, científicas y técnicas'),
(10, 'Actividades administrativas y servicios auxiliares'),
(11, 'Administración pública'),
(12, 'Educación, actividades sanitarias, servicios a la comunidad, actividades artísticas y actividades en los hogares'),
(13, 'Organizaciones extraterritoriales'),
(99, 'Missing');

-- --------------------------------------------------------

--
-- Estructura de tabla para la tabla `cnae2009_seccion`
--

CREATE TABLE IF NOT EXISTS `cnae2009_seccion` (
  `id` int(11) NOT NULL,
  `codigo` varchar(2) NOT NULL,
  `descripcion` varchar(256) NOT NULL,
  PRIMARY KEY (`id`)
) ENGINE=InnoDB DEFAULT CHARSET=latin1;

--
-- Volcado de datos para la tabla `cnae2009_seccion`
--

INSERT INTO `cnae2009_seccion` (`id`, `codigo`, `descripcion`) VALUES
(1, 'A', 'Agricultura, ganadería, silvicultura y pesca'),
(2, 'B', 'Industrias extractivas'),
(3, 'C', 'Industria manufacturera'),
(4, 'D', 'Suministro de energía eléctrica, gas, vapor y aire acondicionado'),
(5, 'E', 'Suministro de agua, actividades de saneamiento, gestión de residuos y descontaminación'),
(6, 'F', 'Construcción'),
(7, 'G', 'Comercio al por mayor y al por menor; reparación de vehículos de motor y motocicletas'),
(8, 'H', 'Transporte y almacenamiento'),
(9, 'I', 'Hostelería'),
(10, 'J', 'Información y comunicaciones'),
(11, 'K', 'Actividades financieras y de seguros'),
(12, 'L', 'Actividades inmobiliarias'),
(13, 'M', 'Actividades profesionales, científicas y técnicas'),
(14, 'N', 'Actividades administrativas y servicios auxiliares'),
(15, 'O', 'Administración Pública y defensa; Seguridad Social obligatoria'),
(16, 'P', 'Educación'),
(17, 'Q', 'Actividades sanitarias y de servicios sociales'),
(18, 'R', 'Actividades artísticas, recreativas y de entretenimiento'),
(19, 'S', 'Otros servicios'),
(20, 'T', 'Actividades de los hogares como empleadores de personal doméstico; actividades de los hogares como productores de bienes y servicios para uso propio'),
(21, 'U', 'Actividades de organizaciones y organismos extraterritoriales');

-- --------------------------------------------------------

--
-- Estructura de tabla para la tabla `coef_tiempo_parcial`
--

CREATE TABLE IF NOT EXISTS `coef_tiempo_parcial` (
  `id` int(11) NOT NULL,
  `tipo_coef_tiempo_parcial` int(11) NOT NULL,
  PRIMARY KEY (`id`),
  KEY `tipo_coef_tiempo_parcial` (`tipo_coef_tiempo_parcial`)
) ENGINE=InnoDB DEFAULT CHARSET=latin1;

--
-- Volcado de datos para la tabla `coef_tiempo_parcial`
--

INSERT INTO `coef_tiempo_parcial` (`id`, `tipo_coef_tiempo_parcial`) VALUES
(0, 1),
(876, 1),
(877, 1),
(878, 1),
(879, 1),
(880, 1),
(881, 1),
(882, 1),
(883, 1),
(884, 1),
(885, 1),
(886, 1),
(887, 1),
(888, 1),
(889, 1),
(890, 1),
(891, 1),
(892, 1),
(893, 1),
(894, 1),
(895, 1),
(896, 1),
(897, 1),
(898, 1),
(899, 1),
(900, 1),
(901, 1),
(902, 1),
(903, 1),
(904, 1),
(905, 1),
(906, 1),
(907, 1),
(908, 1),
(909, 1),
(910, 1),
(911, 1),
(912, 1),
(913, 1),
(914, 1),
(915, 1),
(916, 1),
(917, 1),
(918, 1),
(919, 1),
(920, 1),
(921, 1),
(922, 1),
(923, 1),
(924, 1),
(925, 1),
(926, 1),
(927, 1),
(928, 1),
(929, 1),
(930, 1),
(931, 1),
(932, 1),
(933, 1),
(934, 1),
(935, 1),
(936, 1),
(937, 1),
(938, 1),
(939, 1),
(940, 1),
(941, 1),
(942, 1),
(943, 1),
(944, 1),
(945, 1),
(946, 1),
(947, 1),
(948, 1),
(949, 1),
(950, 1),
(951, 1),
(952, 1),
(953, 1),
(954, 1),
(955, 1),
(956, 1),
(957, 1),
(958, 1),
(959, 1),
(960, 1),
(961, 1),
(962, 1),
(963, 1),
(964, 1),
(965, 1),
(966, 1),
(967, 1),
(968, 1),
(969, 1),
(970, 1),
(971, 1),
(972, 1),
(973, 1),
(974, 1),
(975, 1),
(976, 1),
(977, 1),
(978, 1),
(979, 1),
(980, 1),
(981, 1),
(982, 1),
(983, 1),
(984, 1),
(985, 1),
(986, 1),
(987, 1),
(988, 1),
(989, 1),
(990, 1),
(991, 1),
(992, 1),
(993, 1),
(994, 1),
(995, 1),
(996, 1),
(997, 1),
(998, 1),
(999, 1),
(500, 2),
(501, 2),
(502, 2),
(503, 2),
(504, 2),
(505, 2),
(506, 2),
(507, 2),
(508, 2),
(509, 2),
(510, 2),
(511, 2),
(512, 2),
(513, 2),
(514, 2),
(515, 2),
(516, 2),
(517, 2),
(518, 2),
(519, 2),
(520, 2),
(521, 2),
(522, 2),
(523, 2),
(524, 2),
(525, 2),
(526, 2),
(527, 2),
(528, 2),
(529, 2),
(530, 2),
(531, 2),
(532, 2),
(533, 2),
(534, 2),
(535, 2),
(536, 2),
(537, 2),
(538, 2),
(539, 2),
(540, 2),
(541, 2),
(542, 2),
(543, 2),
(544, 2),
(545, 2),
(546, 2),
(547, 2),
(548, 2),
(549, 2),
(550, 2),
(551, 2),
(552, 2),
(553, 2),
(554, 2),
(555, 2),
(556, 2),
(557, 2),
(558, 2),
(559, 2),
(560, 2),
(561, 2),
(562, 2),
(563, 2),
(564, 2),
(565, 2),
(566, 2),
(567, 2),
(568, 2),
(569, 2),
(570, 2),
(571, 2),
(572, 2),
(573, 2),
(574, 2),
(575, 2),
(576, 2),
(577, 2),
(578, 2),
(579, 2),
(580, 2),
(581, 2),
(582, 2),
(583, 2),
(584, 2),
(585, 2),
(586, 2),
(587, 2),
(588, 2),
(589, 2),
(590, 2),
(591, 2),
(592, 2),
(593, 2),
(594, 2),
(595, 2),
(596, 2),
(597, 2),
(598, 2),
(599, 2),
(600, 2),
(601, 2),
(602, 2),
(603, 2),
(604, 2),
(605, 2),
(606, 2),
(607, 2),
(608, 2),
(609, 2),
(610, 2),
(611, 2),
(612, 2),
(613, 2),
(614, 2),
(615, 2),
(616, 2),
(617, 2),
(618, 2),
(619, 2),
(620, 2),
(621, 2),
(622, 2),
(623, 2),
(624, 2),
(625, 2),
(626, 2),
(627, 2),
(628, 2),
(629, 2),
(630, 2),
(631, 2),
(632, 2),
(633, 2),
(634, 2),
(635, 2),
(636, 2),
(637, 2),
(638, 2),
(639, 2),
(640, 2),
(641, 2),
(642, 2),
(643, 2),
(644, 2),
(645, 2),
(646, 2),
(647, 2),
(648, 2),
(649, 2),
(650, 2),
(651, 2),
(652, 2),
(653, 2),
(654, 2),
(655, 2),
(656, 2),
(657, 2),
(658, 2),
(659, 2),
(660, 2),
(661, 2),
(662, 2),
(663, 2),
(664, 2),
(665, 2),
(666, 2),
(667, 2),
(668, 2),
(669, 2),
(670, 2),
(671, 2),
(672, 2),
(673, 2),
(674, 2),
(675, 2),
(676, 2),
(677, 2),
(678, 2),
(679, 2),
(680, 2),
(681, 2),
(682, 2),
(683, 2),
(684, 2),
(685, 2),
(686, 2),
(687, 2),
(688, 2),
(689, 2),
(690, 2),
(691, 2),
(692, 2),
(693, 2),
(694, 2),
(695, 2),
(696, 2),
(697, 2),
(698, 2),
(699, 2),
(700, 2),
(701, 2),
(702, 2),
(703, 2),
(704, 2),
(705, 2),
(706, 2),
(707, 2),
(708, 2),
(709, 2),
(710, 2),
(711, 2),
(712, 2),
(713, 2),
(714, 2),
(715, 2),
(716, 2),
(717, 2),
(718, 2),
(719, 2),
(720, 2),
(721, 2),
(722, 2),
(723, 2),
(724, 2),
(725, 2),
(726, 2),
(727, 2),
(728, 2),
(729, 2),
(730, 2),
(731, 2),
(732, 2),
(733, 2),
(734, 2),
(735, 2),
(736, 2),
(737, 2),
(738, 2),
(739, 2),
(740, 2),
(741, 2),
(742, 2),
(743, 2),
(744, 2),
(745, 2),
(746, 2),
(747, 2),
(748, 2),
(749, 2),
(750, 2),
(751, 2),
(752, 2),
(753, 2),
(754, 2),
(755, 2),
(756, 2),
(757, 2),
(758, 2),
(759, 2),
(760, 2),
(761, 2),
(762, 2),
(763, 2),
(764, 2),
(765, 2),
(766, 2),
(767, 2),
(768, 2),
(769, 2),
(770, 2),
(771, 2),
(772, 2),
(773, 2),
(774, 2),
(775, 2),
(776, 2),
(777, 2),
(778, 2),
(779, 2),
(780, 2),
(781, 2),
(782, 2),
(783, 2),
(784, 2),
(785, 2),
(786, 2),
(787, 2),
(788, 2),
(789, 2),
(790, 2),
(791, 2),
(792, 2),
(793, 2),
(794, 2),
(795, 2),
(796, 2),
(797, 2),
(798, 2),
(799, 2),
(800, 2),
(801, 2),
(802, 2),
(803, 2),
(804, 2),
(805, 2),
(806, 2),
(807, 2),
(808, 2),
(809, 2),
(810, 2),
(811, 2),
(812, 2),
(813, 2),
(814, 2),
(815, 2),
(816, 2),
(817, 2),
(818, 2),
(819, 2),
(820, 2),
(821, 2),
(822, 2),
(823, 2),
(824, 2),
(825, 2),
(826, 2),
(827, 2),
(828, 2),
(829, 2),
(830, 2),
(831, 2),
(832, 2),
(833, 2),
(834, 2),
(835, 2),
(836, 2),
(837, 2),
(838, 2),
(839, 2),
(840, 2),
(841, 2),
(842, 2),
(843, 2),
(844, 2),
(845, 2),
(846, 2),
(847, 2),
(848, 2),
(849, 2),
(850, 2),
(851, 2),
(852, 2),
(853, 2),
(854, 2),
(855, 2),
(856, 2),
(857, 2),
(858, 2),
(859, 2),
(860, 2),
(861, 2),
(862, 2),
(863, 2),
(864, 2),
(865, 2),
(866, 2),
(867, 2),
(868, 2),
(869, 2),
(870, 2),
(871, 2),
(872, 2),
(873, 2),
(874, 2),
(875, 2),
(376, 3),
(377, 3),
(378, 3),
(379, 3),
(380, 3),
(381, 3),
(382, 3),
(383, 3),
(384, 3),
(385, 3),
(386, 3),
(387, 3),
(388, 3),
(389, 3),
(390, 3),
(391, 3),
(392, 3),
(393, 3),
(394, 3),
(395, 3),
(396, 3),
(397, 3),
(398, 3),
(399, 3),
(400, 3),
(401, 3),
(402, 3),
(403, 3),
(404, 3),
(405, 3),
(406, 3),
(407, 3),
(408, 3),
(409, 3),
(410, 3),
(411, 3),
(412, 3),
(413, 3),
(414, 3),
(415, 3),
(416, 3),
(417, 3),
(418, 3),
(419, 3),
(420, 3),
(421, 3),
(422, 3),
(423, 3),
(424, 3),
(425, 3),
(426, 3),
(427, 3),
(428, 3),
(429, 3),
(430, 3),
(431, 3),
(432, 3),
(433, 3),
(434, 3),
(435, 3),
(436, 3),
(437, 3),
(438, 3),
(439, 3),
(440, 3),
(441, 3),
(442, 3),
(443, 3),
(444, 3),
(445, 3),
(446, 3),
(447, 3),
(448, 3),
(449, 3),
(450, 3),
(451, 3),
(452, 3),
(453, 3),
(454, 3),
(455, 3),
(456, 3),
(457, 3),
(458, 3),
(459, 3),
(460, 3),
(461, 3),
(462, 3),
(463, 3),
(464, 3),
(465, 3),
(466, 3),
(467, 3),
(468, 3),
(469, 3),
(470, 3),
(471, 3),
(472, 3),
(473, 3),
(474, 3),
(475, 3),
(476, 3),
(477, 3),
(478, 3),
(479, 3),
(480, 3),
(481, 3),
(482, 3),
(483, 3),
(484, 3),
(485, 3),
(486, 3),
(487, 3),
(488, 3),
(489, 3),
(490, 3),
(491, 3),
(492, 3),
(493, 3),
(494, 3),
(495, 3),
(496, 3),
(497, 3),
(498, 3),
(499, 3),
(1, 4),
(2, 4),
(3, 4),
(4, 4),
(5, 4),
(6, 4),
(7, 4),
(8, 4),
(9, 4),
(10, 4),
(11, 4),
(12, 4),
(13, 4),
(14, 4),
(15, 4),
(16, 4),
(17, 4),
(18, 4),
(19, 4),
(20, 4),
(21, 4),
(22, 4),
(23, 4),
(24, 4),
(25, 4),
(26, 4),
(27, 4),
(28, 4),
(29, 4),
(30, 4),
(31, 4),
(32, 4),
(33, 4),
(34, 4),
(35, 4),
(36, 4),
(37, 4),
(38, 4),
(39, 4),
(40, 4),
(41, 4),
(42, 4),
(43, 4),
(44, 4),
(45, 4),
(46, 4),
(47, 4),
(48, 4),
(49, 4),
(50, 4),
(51, 4),
(52, 4),
(53, 4),
(54, 4),
(55, 4),
(56, 4),
(57, 4),
(58, 4),
(59, 4),
(60, 4),
(61, 4),
(62, 4),
(63, 4),
(64, 4),
(65, 4),
(66, 4),
(67, 4),
(68, 4),
(69, 4),
(70, 4),
(71, 4),
(72, 4),
(73, 4),
(74, 4),
(75, 4),
(76, 4),
(77, 4),
(78, 4),
(79, 4),
(80, 4),
(81, 4),
(82, 4),
(83, 4),
(84, 4),
(85, 4),
(86, 4),
(87, 4),
(88, 4),
(89, 4),
(90, 4),
(91, 4),
(92, 4),
(93, 4),
(94, 4),
(95, 4),
(96, 4),
(97, 4),
(98, 4),
(99, 4),
(100, 4),
(101, 4),
(102, 4),
(103, 4),
(104, 4),
(105, 4),
(106, 4),
(107, 4),
(108, 4),
(109, 4),
(110, 4),
(111, 4),
(112, 4),
(113, 4),
(114, 4),
(115, 4),
(116, 4),
(117, 4),
(118, 4),
(119, 4),
(120, 4),
(121, 4),
(122, 4),
(123, 4),
(124, 4),
(125, 4),
(126, 4),
(127, 4),
(128, 4),
(129, 4),
(130, 4),
(131, 4),
(132, 4),
(133, 4),
(134, 4),
(135, 4),
(136, 4),
(137, 4),
(138, 4),
(139, 4),
(140, 4),
(141, 4),
(142, 4),
(143, 4),
(144, 4),
(145, 4),
(146, 4),
(147, 4),
(148, 4),
(149, 4),
(150, 4),
(151, 4),
(152, 4),
(153, 4),
(154, 4),
(155, 4),
(156, 4),
(157, 4),
(158, 4),
(159, 4),
(160, 4),
(161, 4),
(162, 4),
(163, 4),
(164, 4),
(165, 4),
(166, 4),
(167, 4),
(168, 4),
(169, 4),
(170, 4),
(171, 4),
(172, 4),
(173, 4),
(174, 4),
(175, 4),
(176, 4),
(177, 4),
(178, 4),
(179, 4),
(180, 4),
(181, 4),
(182, 4),
(183, 4),
(184, 4),
(185, 4),
(186, 4),
(187, 4),
(188, 4),
(189, 4),
(190, 4),
(191, 4),
(192, 4),
(193, 4),
(194, 4),
(195, 4),
(196, 4),
(197, 4),
(198, 4),
(199, 4),
(200, 4),
(201, 4),
(202, 4),
(203, 4),
(204, 4),
(205, 4),
(206, 4),
(207, 4),
(208, 4),
(209, 4),
(210, 4),
(211, 4),
(212, 4),
(213, 4),
(214, 4),
(215, 4),
(216, 4),
(217, 4),
(218, 4),
(219, 4),
(220, 4),
(221, 4),
(222, 4),
(223, 4),
(224, 4),
(225, 4),
(226, 4),
(227, 4),
(228, 4),
(229, 4),
(230, 4),
(231, 4),
(232, 4),
(233, 4),
(234, 4),
(235, 4),
(236, 4),
(237, 4),
(238, 4),
(239, 4),
(240, 4),
(241, 4),
(242, 4),
(243, 4),
(244, 4),
(245, 4),
(246, 4),
(247, 4),
(248, 4),
(249, 4),
(250, 4),
(251, 4),
(252, 4),
(253, 4),
(254, 4),
(255, 4),
(256, 4),
(257, 4),
(258, 4),
(259, 4),
(260, 4),
(261, 4),
(262, 4),
(263, 4),
(264, 4),
(265, 4),
(266, 4),
(267, 4),
(268, 4),
(269, 4),
(270, 4),
(271, 4),
(272, 4),
(273, 4),
(274, 4),
(275, 4),
(276, 4),
(277, 4),
(278, 4),
(279, 4),
(280, 4),
(281, 4),
(282, 4),
(283, 4),
(284, 4),
(285, 4),
(286, 4),
(287, 4),
(288, 4),
(289, 4),
(290, 4),
(291, 4),
(292, 4),
(293, 4),
(294, 4),
(295, 4),
(296, 4),
(297, 4),
(298, 4),
(299, 4),
(300, 4),
(301, 4),
(302, 4),
(303, 4),
(304, 4),
(305, 4),
(306, 4),
(307, 4),
(308, 4),
(309, 4),
(310, 4),
(311, 4),
(312, 4),
(313, 4),
(314, 4),
(315, 4),
(316, 4),
(317, 4),
(318, 4),
(319, 4),
(320, 4),
(321, 4),
(322, 4),
(323, 4),
(324, 4),
(325, 4),
(326, 4),
(327, 4),
(328, 4),
(329, 4),
(330, 4),
(331, 4),
(332, 4),
(333, 4),
(334, 4),
(335, 4),
(336, 4),
(337, 4),
(338, 4),
(339, 4),
(340, 4),
(341, 4),
(342, 4),
(343, 4),
(344, 4),
(345, 4),
(346, 4),
(347, 4),
(348, 4),
(349, 4),
(350, 4),
(351, 4),
(352, 4),
(353, 4),
(354, 4),
(355, 4),
(356, 4),
(357, 4),
(358, 4),
(359, 4),
(360, 4),
(361, 4),
(362, 4),
(363, 4),
(364, 4),
(365, 4),
(366, 4),
(367, 4),
(368, 4),
(369, 4),
(370, 4),
(371, 4),
(372, 4),
(373, 4),
(374, 4),
(375, 4);

-- --------------------------------------------------------

--
-- Estructura de tabla para la tabla `colectivo_especial_cc`
--

CREATE TABLE IF NOT EXISTS `colectivo_especial_cc` (
  `id` int(11) NOT NULL,
  `descripcion` varchar(256) NOT NULL,
  PRIMARY KEY (`id`)
) ENGINE=InnoDB DEFAULT CHARSET=latin1;

--
-- Volcado de datos para la tabla `colectivo_especial_cc`
--

INSERT INTO `colectivo_especial_cc` (`id`, `descripcion`) VALUES
(100, 'Ministerios'),
(110, 'Organismos y Entes Públ. de las AAPP (Centr.,Auton.y Local); Consejos,Tribunales, Entidades de Seg.Social, Parlamentos.'),
(120, 'Fundaciones y Emp.Públicas de las AAPP (Centr., Auton. y Local); soc.con part.mayoritaria de las AAPP, Banca Pública, Banco de España'),
(130, 'Entidad Pública Empresarial Ministerio de Hacienda'),
(160, 'Fundación Ministerio de Hacienda'),
(200, 'Ministerio de Economía y Empresa'),
(210, 'Organismo Autónomo Ministerio de Economía y Empresa'),
(220, 'Sociedad Mercantil Ministerio de Economía y Empresa'),
(230, 'Entidad Pública Empresarial Ministerio de Economía y Empresa'),
(260, 'Fundación Ministerio de Economía y Empresa'),
(450, 'MUFACE'),
(472, 'Sociedad Mercantil Ministerio de Política Territorial y Función Pública'),
(476, 'Fundación Ministerio de Política Territorial y Función Pública'),
(480, 'Ministerio de Política Territorial y Función Pública'),
(481, 'Organismo Autónomo Ministerio de Política Territorial y Función Pública'),
(483, 'Entidad Pública Empresarial Ministerio de Política Territorial y Función Pública'),
(500, 'Ministerio de Ciencia, Innovación y Universidades'),
(571, 'Organismo Autónomo Ministerio de Ciencia, Innovación y Universidades'),
(572, 'Sociedad Mercantil Ministerio de Ciencia, Innovación y Universidades'),
(573, 'Empresa Pública Empresarial Ministerio de Ciencia, Innovación y Universidades'),
(574, 'Fundación Ministerio de Ciencia, Innovación y Universidades'),
(576, 'Fundación Ministerio de Ciencia, Innovación y Universidades'),
(600, 'Ministerio de la Presidencia, Relaciones con las Cortes e Igualdad'),
(610, 'Organismo Autónomo Ministerio de la Presidencia, Relaciones con las Cortes e Igualdad'),
(620, 'Sociedad Mercantil Ministerio de la Presidencia, Relaciones con las Cortes e Igualdad'),
(630, 'Entidad Pública Empresarial Ministerio de la Presidencia, Relaciones con las Cortes e Igualdad'),
(660, 'Fundación Ministerio de la Presidencia, Relaciones con las Cortes e Igualdad'),
(700, 'Ministerio para la Transición Ecológica'),
(710, 'Organismo Autónomo Ministerio para la Transición Ecológica'),
(720, 'Sociedad mercantil Ministerio para la Transición Ecológica'),
(730, 'Entidad Pública Empresarial Ministerio para la Transición Ecológica'),
(760, 'Fundación Ministerio para la Transición Ecológica'),
(800, 'Ministerio Agricultura, Pesca y Alimentación'),
(810, 'Organismo Autónomo Ministerio Agricultura, Pesca y Alimentación'),
(820, 'Sociedad Mercantil Ministerio Agricultura, Pesca y Alimentación'),
(830, 'Entidad Pública Empresarial Ministerio Agricultura, Pesca y Alimentación'),
(860, 'Fundación Ministerio Agricultura, Pesca y Alimentación'),
(900, 'Ministerio Asuntos Exteriores, Unión Europea y Cooperación'),
(910, 'Organismo Autónomo del Ministerio de Asuntos Exteriores, Unión Europea y Cooperación'),
(920, 'Sociedad Mercantil del Ministerio Asuntos Exteriores, Unión Europea y Cooperación'),
(930, 'Entidades Públicas Empresariales del Ministerio Asuntos Exteriores y Cooperación'),
(960, 'Fundación del Ministerio Asuntos Exteriores, Unión Europea y Cooperación'),
(1100, 'Ministerio de Defensa'),
(1110, 'Organismo Autónomo y Agencia Estatal del Ministerio de Defensa'),
(1120, 'Sociedad Mercantil del Ministerio de Defensa'),
(1130, 'Entidad Pública Empresarial del Ministerio de Defensa'),
(1140, 'Centro Universitario Ministerio de Defensa'),
(1150, 'ISFAS'),
(1160, 'Fundación Ministerio de Defensa.'),
(1170, 'Ministerio de Educación y Formación Profesional'),
(1171, 'Organismo Autónomo Ministerio de Educación y Formación Profesional'),
(1172, 'Sociedad Mercantil Ministerio de Educación y Formación Profesional'),
(1173, 'Entidad Pública Empresarial Ministerio de Educación y Formación Profesional'),
(1176, 'Fundación Ministerio de Educación y Formación Profesional'),
(1303, 'Centros educativos subvencionados'),
(1470, 'Ministerio de Industria, Comercio y Turismo'),
(1471, 'Organismo Autónomo y Agencia Estatal Ministerio de Industria, Comercio y Turismo'),
(1472, 'Sociedad Mercantil Ministerio de Industria, Comercio y Turismo'),
(1473, 'Entidad Pública Empresarial Ministerio de Industria, Comercio y Turismo'),
(1476, 'Fundación Ministerio de Industria, Comercio y Turismo'),
(1500, 'Ministerio del Interior'),
(1510, 'Organismo Autónomo del Ministerio del Interior'),
(1520, 'Sociedad Mercantil Ministerio del Interior'),
(1530, 'Entidad Pública Empresarial Ministerio del Interior'),
(1560, 'Fundación Ministerio del Interior'),
(1600, 'Ministerio de Justicia'),
(1610, 'Organismo Autónomo y Agencia Estatal del Ministerio de Justicia'),
(1620, 'Sociedad Mercantil Ministerio de Justicia'),
(1630, 'Entidad Pública Empresarial Ministerio de Justicia'),
(1650, 'MUGEJU'),
(1660, 'Fundación Ministerio de Justicia'),
(1700, 'Ministerio de Fomento'),
(1710, 'Organismo Autónomo Ministerio de Fomento'),
(1720, 'Sociedad Mercantil Ministerio de Fomento'),
(1730, 'Entidad Pública Empresarial Ministerio de Fomento'),
(1760, 'Fundación Ministerio de Fomento'),
(1880, 'Ministerio de Sanidad, Consumo y Bienestar'),
(1881, 'Organismo Autónomo Ministerio Sanidad, Consumo y Bienestar'),
(1882, 'Sociedad Mercantil Ministerio de Sanidad, Consumo y Bienestar'),
(1883, 'Entidad Pública Empresarial Sanidad, Consumo y Bienestar'),
(1886, 'Fundación Ministerio de Sanidad, Consumo y Bienestar'),
(1970, 'Ministerio de Trabajo, Migraciones y Seguridad Social'),
(1971, 'Organismo Autónomo Ministerio de Trabajo, Migraciones y Seguridad Social'),
(1972, 'Sociedad Mercantil Ministerio de Trabajo, Migraciones y Seguridad Social'),
(1973, 'Entidad Pública Empresarial Ministerio de Trabajo, Migraciones y Seguridad Social'),
(1976, 'Fundación Ministerio de Trabajo, Migraciones y Seguridad Social'),
(2100, 'Ministerio de Cultura y Deportes'),
(2110, 'Organismo Autónomo Ministerio de Cultura y Deportes'),
(2172, 'Sociedad Mercantil Ministerio de Cultura y Deportes'),
(2173, 'Entidad Pública Empresarial Ministerio de Cultura y Deportes'),
(2176, 'Fundación Ministerio de Cultura y Deportes'),
(2200, 'Administración Local (incluyendo consorcios y mancomunidades)'),
(2210, 'Organismos Autónomos y Entes Públicos de Ayuntamientos'),
(2220, 'Sociedad Mercantil Ayuntamientos'),
(2226, 'Consorcio Empresarial Ayuntamientos'),
(2227, 'Consorcio Administrativo Ayuntamientos'),
(2230, 'Entidad Pública Empresarial Ayuntamientos'),
(2239, 'Mancomunidad de Entidades Locales'),
(2240, 'Consejos comarcales'),
(2241, 'Organismos Autónomos y Entes Públicos Empresariales dependientes de Consejos Comarcales.'),
(2242, 'Sociedades Mercantiles dependientes de Consejos Comarcales.'),
(2260, 'Fundación Ayuntamientos'),
(2300, 'Cabildos insulares'),
(2310, 'Organismos Autónomos y Entes Públicos de Cabildos insulares.'),
(2320, 'Sociedad Mercantil Cabildos insulares.'),
(2326, 'Consorcio Empresarial Cabildos y Consejos Comarcales'),
(2327, 'Consorcio Administrativo cabildo-consorcio insular'),
(2330, 'Entidad Pública Empresarial Cabildos insulares'),
(2360, 'Fundación Cabildos insulares'),
(2400, 'Diputaciones'),
(2410, 'Organismos Autónomos y Agencias Estatales Ministerio de Administraciones Públicas'),
(2420, 'Sociedad Mercantil Diputaciones'),
(2426, 'Consorcio Empresarial Diputaciones'),
(2427, 'Consorcio Administrativo Diputaciones'),
(2430, 'Entidad Pública Empresarial Diputaciones'),
(2460, 'Fundación Diputaciones'),
(2600, 'Administración Autonómica (incluyendo universidades y consorcios)'),
(2601, 'Centros de Salud y de Servicios Sociales'),
(2602, 'Servicios Sociales'),
(2603, 'Centros Docentes Subvencionados'),
(2610, 'Organismo Autónomo y Agencia de Comunidades Autónomas.'),
(2611, 'Servicios de salud'),
(2612, 'Servicios sociales'),
(2615, 'Universidades Públicas con cargo al Presupuesto CCAA'),
(2616, 'Fundación Pública Sanitaria CCAA'),
(2620, 'Sociedad Mercantil Comunidades Autónomas'),
(2626, 'Consorcio Empresarial Comunidades Autónomas'),
(2627, 'Consorcio Administrativo Comunidades Autónomas'),
(2630, 'Entidad Pública Empresarial Comunidades Autónomas'),
(2640, 'Parlamento de Comunidades Autónomas'),
(2650, 'Organismo CCAA –Conv. Relación contable2660 Fundación Comunidades Autónomas'),
(2700, 'Cortes Generales'),
(2701, 'Defensor del Pueblo'),
(2726, 'Consorcio Empresarial Administración General del Estado'),
(2727, 'Consorcio Administrativo Administración General del Estado'),
(3400, 'Consejo de Seguridad Nuclear'),
(3500, 'Intervención General de la Seguridad Social'),
(3600, 'I.N.S.S.'),
(3700, 'Instituto de Gestión Sanitaria'),
(3800, 'INSERSO'),
(3900, 'T.G.S.S. Incl.CCC de Gerencia de Informática'),
(3950, 'Gerencia de Informática de la Seguridad Social'),
(3951, 'Servicio Jurídico de SSCC'),
(4000, 'INEM – Solo personal propio del INEM'),
(4100, 'Parados Servicio Público de Empleo'),
(4200, 'I.S.M.'),
(4300, 'Universidades privadas'),
(4400, 'Embajadas, Consulados, Misiones Diplomáticas'),
(4401, 'Diputados Parlamento Europeo - Asistentes'),
(4460, 'Org. Inter. Intergubernamental – sede España'),
(4500, 'Inst. de UE sin act. En España Ag. Aux.'),
(4600, 'Tribunal Constitucional'),
(4650, 'Casa de su Majestad el Rey'),
(4700, 'Tribunal de Cuentas'),
(4800, 'Consejo General del Poder Judicial'),
(4900, 'Consejo de Estado'),
(5003, 'Centros Docentes no Subvencionados'),
(5031, 'Partidos políticos'),
(5032, 'Grupos Parlamentarios'),
(5033, 'Otros sindicatos'),
(5035, 'Unión General de Trabajadores'),
(5036, 'Comisiones Obreras'),
(5037, 'Unión Sindical Obrera'),
(5038, 'Coord. de Org. de Agricultores y Ganaderos'),
(5039, 'Langile Aberzaleen Barzordeak'),
(5040, 'Iglesia Ortodoxa Rusa – Patriarcado Moscú'),
(5041, 'Clero Diocesano de la Iglesia Católica'),
(5042, 'Iglesia Adventista Séptimo Día – Ministro Culto'),
(5043, 'FEREDA Entidades Religión Evangélica – FEREDE'),
(5044, 'Comunidad Israelitas de España - Religiosos'),
(5045, 'Comisión Islámica de España – Imanes'),
(5046, 'Testigos Jehová – Miembros Orden Religiosa'),
(5051, 'Registro Propiedad'),
(5052, 'Notarias'),
(5055, 'Organizaciones no gubernamentales'),
(5062, 'Agrupaciones Profesionales Sindicales'),
(5065, 'Esukadoko Sindikatoa'),
(5066, 'Confederación Sindical Independiente de Funcionarios'),
(5080, 'Empresa de Trabajo Temporal. Trabajadores propios.'),
(5081, 'Empresas de Trabajo Temporal (sólo trabajadores cedidos)'),
(5161, 'Cooperativas de Trabajo Asociado'),
(5162, 'Cooperativas de Servicios'),
(5163, 'Cooperativas de Consumo y Usuarios'),
(5164, 'Cooperativas de viviendas'),
(5165, 'Cooperativas Agrarias'),
(5166, 'Cooperativas de Explotación comunitaria de la tierra'),
(5167, 'Cooperativas del Mar'),
(5168, 'Cooperativas de Transportistas'),
(5169, 'Cooperativas de Seguros'),
(5170, 'Cooperativas Sanitarias'),
(5171, 'Cooperativas de Enseñanza'),
(5173, 'Cooperativas de Crédito'),
(5174, 'Cooperativas de Segundo Grado'),
(5180, 'S.A. Laborales y S.L. Laborales.'),
(5181, 'Sociedades Limitadas Laborales'),
(5200, 'Mutualidad Cuerpo de Corred. Colegiados'),
(5201, 'Prev. Mut. Aparejadores y Arquitectos Técnicos MPS'),
(5202, 'Asociación Corresponsales de Prensa Extranjera'),
(5203, 'Mutualidad de Prev. Soc. de Procuradores'),
(5208, 'Mut. Gestores Adm. Pensionistas'),
(5210, 'Mutualidad de la Abogacía'),
(5211, 'Cons. Gr. Colegio Oficial de Médicos'),
(5212, 'C. Ahorros Munic. Bilbao. Pens.'),
(5213, 'Col. Reg. Prop. y Mercantiles'),
(5218, 'Patronato Mutualidad Notarial'),
(5219, 'Federación Nacional de Asociaciones de Prensa de España'),
(5300, 'Empresas Estibadoras'),
(5301, 'Agrupación portuaria Interés Económico '),
(5302, 'Sociedad Anónima Gestión Estibadores Portuarios'),
(5303, 'Empresa por sentencia de Estibadores'),
(5304, 'Centro Portuario de Empleo Trabajadores de estructura'),
(5305, 'Centro Portuario de Empleo Trabajadores cedidos'),
(5310, 'Escuela de F.P. Náutico Pesquera'),
(5320, 'Extracción de algas'),
(5321, 'Extracción de corales'),
(5330, 'Emp. Mixta sujeta a Conv. Inter.'),
(5331, 'Remolcadores / Tip. 1 Zona'),
(5332, 'Remolcadores / Tip. 2 y 3 Zona'),
(5333, 'CCC Sometido al Régimen Económico y Fiscal de Canarias'),
(5334, 'Paro Flota Marruecos'),
(5411, 'Otras Corporaciones de Derecho Público'),
(5412, 'Cámara Comercio, Industria y Navegación'),
(5413, 'Cámaras Agrarias'),
(5414, 'Colegios profesionales'),
(5555, 'Responsabilidad Solidaria-Subsidiaria'),
(5901, 'Banco de España'),
(5903, 'Telefónica de España, S.A'),
(6100, 'Empr. Manip., Env. y Comercio del Plátano'),
(9999, 'Otros');

-- --------------------------------------------------------

--
-- Estructura de tabla para la tabla `comunidad_autonoma`
--

CREATE TABLE IF NOT EXISTS `comunidad_autonoma` (
  `id` int(11) NOT NULL,
  `nombre` varchar(32) NOT NULL,
  PRIMARY KEY (`id`)
) ENGINE=InnoDB DEFAULT CHARSET=latin1;

--
-- Volcado de datos para la tabla `comunidad_autonoma`
--

INSERT INTO `comunidad_autonoma` (`id`, `nombre`) VALUES
(1, 'Andalucía'),
(2, 'Aragón'),
(3, 'Principado de Asturias'),
(4, 'Illes Balears'),
(5, 'Canarias'),
(6, 'Cantabria'),
(7, 'Castilla y León'),
(8, 'Castilla - La Mancha'),
(9, 'Cataluña'),
(10, 'Comunitat Valenciana'),
(11, 'Extremadura'),
(12, 'Galicia'),
(13, 'Comunidad de Madrid'),
(14, 'Región de Murcia'),
(15, 'Comunidad Foral de Navarra'),
(16, 'País Vasco'),
(17, 'La Rioja'),
(18, 'Ceuta'),
(19, 'Melilla'),
(66, 'No residente en España'),
(99, 'otros');

-- --------------------------------------------------------

--
-- Estructura de tabla para la tabla `grado_incapacidad`
--

CREATE TABLE IF NOT EXISTS `grado_incapacidad` (
  `id` int(11) NOT NULL,
  `descripcion` varchar(64) NOT NULL,
  PRIMARY KEY (`id`)
) ENGINE=InnoDB DEFAULT CHARSET=latin1;

--
-- Volcado de datos para la tabla `grado_incapacidad`
--

INSERT INTO `grado_incapacidad` (`id`, `descripcion`) VALUES
(1, 'Gran invalidez'),
(2, 'Incapacidad absoluta'),
(3, 'Incapacidad total para la profesión habitual (55% de la base)'),
(4, 'Incapacidad total para la profesión habitual (75% de la base)'),
(6, 'Incapacidad permanente parcial'),
(7, 'Otras pensiones de incapacidad');

-- --------------------------------------------------------

--
-- Estructura de tabla para la tabla `grupo_cotizacion`
--

CREATE TABLE IF NOT EXISTS `grupo_cotizacion` (
  `id` int(11) NOT NULL,
  `baja` tinyint(1) NOT NULL,
  `descripcion` varchar(256) NOT NULL,
  `tipo_grupo_cotizacion` int(11) NOT NULL,
  PRIMARY KEY (`id`),
  KEY `tipo_grupo_cotizacion` (`tipo_grupo_cotizacion`)
) ENGINE=InnoDB DEFAULT CHARSET=latin1;

--
-- Volcado de datos para la tabla `grupo_cotizacion`
--

INSERT INTO `grupo_cotizacion` (`id`, `baja`, `descripcion`, `tipo_grupo_cotizacion`) VALUES
(1, 0, 'INGENIEROS, LICENCIADOS Y ALTA DIRECCION', 1),
(2, 0, 'INGENIEROS TECNICOS, PERITOS Y AYUDANTES', 1),
(3, 0, 'JEFES ADMINISTRATIVOS Y DE TALLER', 1),
(4, 0, 'AYUDANTES NO TITULADOS', 2),
(5, 0, 'OFICIALES ADMINISTRATIVOS', 2),
(6, 0, 'SUBALTERNOS', 2),
(7, 0, 'AUXILIARES ADMINISTRATIVOS', 2),
(8, 0, 'OFICIALES DE PRIMERA Y SEGUNDA', 3),
(9, 0, 'OFICIALES DE TERCERA Y ESPECIALISTAS', 3),
(10, 0, 'MAYORES DE 18 AÑOS NO CUALIFICADOS', 4),
(11, 0, 'TRABAJADORES MENORES DE 18 AÑOS', 5),
(12, 1, 'TRABAJADORES MENORES DE 17 AÑOS', 5),
(13, 1, 'SIN COTIZACIÓN (PENSIONISTAS, ETC)', 5),
(14, 1, 'BENEFICIARIOS PENSIONISTAS DE LA GUERRA CIVIL', 5),
(19, 1, 'ASEGURADOS VOLUNTARIOS POR CUENTA AJENADEL R.E.A', 5),
(20, 1, 'FECHA BAJ.LOG.HISTORICA, TRAB.CTA.PROPIA R.E.A. SINILT Y SIN ATE', 5),
(21, 1, 'TRABAJADORES POR CUENTA PROPIA DEL R.E.A. CON A.T', 5),
(22, 1, 'TRABAJADORES POR CUENTA PROPIA R.E.A. CON ILT. Y SIN ATE', 5),
(23, 1, 'TRABJ.CUENTA PROPIA DEL R.E.A. CON A.T.E. Y CON ILT', 5),
(31, 1, 'EN EXPECTATIVA DE CAMBIO DE G.C21 A G.C23 EL PRÓXIMO 1 DE ENERO', 5),
(32, 1, 'EN EXPCTATIVA DE CAMBIO DE G.C23 A G.C21 EL PRÓXIMO 1 DE ENERO', 5),
(39, 1, 'ASEGURADOS VOLUNTARIOS POR CUENTA PROPIA DEL R.E.A', 5);

-- --------------------------------------------------------

--
-- Estructura de tabla para la tabla `municipio`
--

CREATE TABLE IF NOT EXISTS `municipio` (
  `id` int(11) NOT NULL,
  `id_comunidad_autonoma` int(11) NOT NULL,
  `id_provincia` int(11) NOT NULL,
  `id_municipio` int(11) NOT NULL,
  `nombre` varchar(128) NOT NULL,
  PRIMARY KEY (`id`),
  KEY `id_comunidad_autonoma` (`id_comunidad_autonoma`,`id_provincia`),
  KEY `id_provincia` (`id_provincia`)
) ENGINE=InnoDB DEFAULT CHARSET=latin1;

--
-- Volcado de datos para la tabla `municipio`
--

INSERT INTO `municipio` (`id`, `id_comunidad_autonoma`, `id_provincia`, `id_municipio`, `nombre`) VALUES
(1000, 16, 1, 0, 'Provincia de  Araba/Álava'),
(1001, 16, 1, 1, 'Alegría-Dulantzi'),
(1002, 16, 1, 2, 'Amurrio'),
(1003, 16, 1, 3, 'Aramaio'),
(1004, 16, 1, 4, 'Artziniega'),
(1006, 16, 1, 6, 'Armiñón'),
(1008, 16, 1, 8, 'Arratzua-Ubarrundia'),
(1009, 16, 1, 9, 'Asparrena'),
(1010, 16, 1, 10, 'Ayala/Aiara'),
(1011, 16, 1, 11, 'Baños de Ebro/Mañueta'),
(1013, 16, 1, 13, 'Barrundia'),
(1014, 16, 1, 14, 'Berantevilla'),
(1016, 16, 1, 16, 'Bernedo'),
(1017, 16, 1, 17, 'Campezo/Kanpezu'),
(1018, 16, 1, 18, 'Zigoitia'),
(1019, 16, 1, 19, 'Kripan'),
(1020, 16, 1, 20, 'Kuartango'),
(1021, 16, 1, 21, 'Elburgo/Burgelu'),
(1022, 16, 1, 22, 'Elciego'),
(1023, 16, 1, 23, 'Elvillar/Bilar'),
(1027, 16, 1, 27, 'Iruraiz-Gauna'),
(1028, 16, 1, 28, 'Labastida/Bastida'),
(1030, 16, 1, 30, 'Lagrán'),
(1031, 16, 1, 31, 'Laguardia'),
(1032, 16, 1, 32, 'Lanciego/Lantziego'),
(1033, 16, 1, 33, 'Lapuebla de Labarca'),
(1034, 16, 1, 34, 'Leza'),
(1036, 16, 1, 36, 'Laudio/Llodio'),
(1037, 16, 1, 37, 'Arraia-Maeztu'),
(1039, 16, 1, 39, 'Moreda de Álava/Moreda Araba'),
(1041, 16, 1, 41, 'Navaridas'),
(1042, 16, 1, 42, 'Okondo'),
(1043, 16, 1, 43, 'Oyón-Oion'),
(1044, 16, 1, 44, 'Peñacerrada-Urizaharra'),
(1046, 16, 1, 46, 'Erriberagoitia/Ribera Alta'),
(1047, 16, 1, 47, 'Erriberabeitia'),
(1049, 16, 1, 49, 'Añana'),
(1051, 16, 1, 51, 'Agurain/Salvatierra'),
(1052, 16, 1, 52, 'Samaniego'),
(1053, 16, 1, 53, 'San Millán/Donemiliaga'),
(1054, 16, 1, 54, 'Urkabustaiz'),
(1055, 16, 1, 55, 'Valdegovía/Gaubea'),
(1056, 16, 1, 56, 'Harana/Valle de Arana'),
(1057, 16, 1, 57, 'Villabuena de Álava/Eskuernaga'),
(1058, 16, 1, 58, 'Legutio'),
(1059, 16, 1, 59, 'Vitoria-Gasteiz'),
(1060, 16, 1, 60, 'Yécora/Iekora'),
(1061, 16, 1, 61, 'Zalduondo'),
(1062, 16, 1, 62, 'Zambrana'),
(1063, 16, 1, 63, 'Zuia'),
(1901, 16, 1, 901, 'Iruña Oka/Iruña de Oca'),
(1902, 16, 1, 902, 'Lantarón'),
(2000, 8, 2, 0, 'Provincia de  Albacete '),
(2001, 8, 2, 1, 'Abengibre'),
(2002, 8, 2, 2, 'Alatoz'),
(2003, 8, 2, 3, 'Albacete'),
(2004, 8, 2, 4, 'Albatana'),
(2005, 8, 2, 5, 'Alborea'),
(2006, 8, 2, 6, 'Alcadozo'),
(2007, 8, 2, 7, 'Alcalá del Júcar'),
(2008, 8, 2, 8, 'Alcaraz'),
(2009, 8, 2, 9, 'Almansa'),
(2010, 8, 2, 10, 'Alpera'),
(2011, 8, 2, 11, 'Ayna'),
(2012, 8, 2, 12, 'Balazote'),
(2013, 8, 2, 13, 'Balsa de Ves'),
(2014, 8, 2, 14, 'Ballestero, El'),
(2015, 8, 2, 15, 'Barrax'),
(2016, 8, 2, 16, 'Bienservida'),
(2017, 8, 2, 17, 'Bogarra'),
(2018, 8, 2, 18, 'Bonete'),
(2019, 8, 2, 19, 'Bonillo, El'),
(2020, 8, 2, 20, 'Carcelén'),
(2021, 8, 2, 21, 'Casas de Juan Núñez'),
(2022, 8, 2, 22, 'Casas de Lázaro'),
(2023, 8, 2, 23, 'Casas de Ves'),
(2024, 8, 2, 24, 'Casas-Ibáñez'),
(2025, 8, 2, 25, 'Caudete'),
(2026, 8, 2, 26, 'Cenizate'),
(2027, 8, 2, 27, 'Corral-Rubio'),
(2028, 8, 2, 28, 'Cotillas'),
(2029, 8, 2, 29, 'Chinchilla de Monte-Aragón'),
(2030, 8, 2, 30, 'Elche de la Sierra'),
(2031, 8, 2, 31, 'Férez'),
(2032, 8, 2, 32, 'Fuensanta'),
(2033, 8, 2, 33, 'Fuente-Álamo'),
(2034, 8, 2, 34, 'Fuentealbilla'),
(2035, 8, 2, 35, 'Gineta, La'),
(2036, 8, 2, 36, 'Golosalvo'),
(2037, 8, 2, 37, 'Hellín'),
(2038, 8, 2, 38, 'Herrera, La'),
(2039, 8, 2, 39, 'Higueruela'),
(2040, 8, 2, 40, 'Hoya-Gonzalo'),
(2041, 8, 2, 41, 'Jorquera'),
(2042, 8, 2, 42, 'Letur'),
(2043, 8, 2, 43, 'Lezuza'),
(2044, 8, 2, 44, 'Liétor'),
(2045, 8, 2, 45, 'Madrigueras'),
(2046, 8, 2, 46, 'Mahora'),
(2047, 8, 2, 47, 'Masegoso'),
(2048, 8, 2, 48, 'Minaya'),
(2049, 8, 2, 49, 'Molinicos'),
(2050, 8, 2, 50, 'Montalvos'),
(2051, 8, 2, 51, 'Montealegre del Castillo'),
(2052, 8, 2, 52, 'Motilleja'),
(2053, 8, 2, 53, 'Munera'),
(2054, 8, 2, 54, 'Navas de Jorquera'),
(2055, 8, 2, 55, 'Nerpio'),
(2056, 8, 2, 56, 'Ontur'),
(2057, 8, 2, 57, 'Ossa de Montiel'),
(2058, 8, 2, 58, 'Paterna del Madera'),
(2059, 8, 2, 59, 'Peñascosa'),
(2060, 8, 2, 60, 'Peñas de San Pedro'),
(2061, 8, 2, 61, 'Pétrola'),
(2062, 8, 2, 62, 'Povedilla'),
(2063, 8, 2, 63, 'Pozohondo'),
(2064, 8, 2, 64, 'Pozo-Lorente'),
(2065, 8, 2, 65, 'Pozuelo'),
(2066, 8, 2, 66, 'Recueja, La'),
(2067, 8, 2, 67, 'Riópar'),
(2068, 8, 2, 68, 'Robledo'),
(2069, 8, 2, 69, 'Roda, La'),
(2070, 8, 2, 70, 'Salobre'),
(2071, 8, 2, 71, 'San Pedro'),
(2072, 8, 2, 72, 'Socovos'),
(2073, 8, 2, 73, 'Tarazona de la Mancha'),
(2074, 8, 2, 74, 'Tobarra'),
(2075, 8, 2, 75, 'Valdeganga'),
(2076, 8, 2, 76, 'Vianos'),
(2077, 8, 2, 77, 'Villa de Ves'),
(2078, 8, 2, 78, 'Villalgordo del Júcar'),
(2079, 8, 2, 79, 'Villamalea'),
(2080, 8, 2, 80, 'Villapalacios'),
(2081, 8, 2, 81, 'Villarrobledo'),
(2082, 8, 2, 82, 'Villatoya'),
(2083, 8, 2, 83, 'Villavaliente'),
(2084, 8, 2, 84, 'Villaverde de Guadalimar'),
(2085, 8, 2, 85, 'Viveros'),
(2086, 8, 2, 86, 'Yeste'),
(2901, 8, 2, 901, 'Pozo Cañada'),
(3000, 10, 3, 0, 'Provincia de  Alicante/Alacant'),
(3001, 10, 3, 1, 'Atzúbia, l'''),
(3002, 10, 3, 2, 'Agost'),
(3003, 10, 3, 3, 'Agres'),
(3004, 10, 3, 4, 'Aigües'),
(3005, 10, 3, 5, 'Albatera'),
(3006, 10, 3, 6, 'Alcalalí'),
(3007, 10, 3, 7, 'Alcocer de Planes'),
(3008, 10, 3, 8, 'Alcoleja'),
(3009, 10, 3, 9, 'Alcoy/Alcoi'),
(3010, 10, 3, 10, 'Alfafara'),
(3011, 10, 3, 11, 'Alfàs del Pi, l'''),
(3012, 10, 3, 12, 'Algorfa'),
(3013, 10, 3, 13, 'Algueña'),
(3014, 10, 3, 14, 'Alicante/Alacant'),
(3015, 10, 3, 15, 'Almoradí'),
(3016, 10, 3, 16, 'Almudaina'),
(3017, 10, 3, 17, 'Alqueria d''Asnar, l'''),
(3018, 10, 3, 18, 'Altea'),
(3019, 10, 3, 19, 'Aspe'),
(3020, 10, 3, 20, 'Balones'),
(3021, 10, 3, 21, 'Banyeres de Mariola'),
(3022, 10, 3, 22, 'Benasau'),
(3023, 10, 3, 23, 'Beneixama'),
(3024, 10, 3, 24, 'Benejúzar'),
(3025, 10, 3, 25, 'Benferri'),
(3026, 10, 3, 26, 'Beniarbeig'),
(3027, 10, 3, 27, 'Beniardá'),
(3028, 10, 3, 28, 'Beniarrés'),
(3029, 10, 3, 29, 'Benigembla'),
(3030, 10, 3, 30, 'Benidoleig'),
(3031, 10, 3, 31, 'Benidorm'),
(3032, 10, 3, 32, 'Benifallim'),
(3033, 10, 3, 33, 'Benifato'),
(3034, 10, 3, 34, 'Benijófar'),
(3035, 10, 3, 35, 'Benilloba'),
(3036, 10, 3, 36, 'Benillup'),
(3037, 10, 3, 37, 'Benimantell'),
(3038, 10, 3, 38, 'Benimarfull'),
(3039, 10, 3, 39, 'Benimassot'),
(3040, 10, 3, 40, 'Benimeli'),
(3041, 10, 3, 41, 'Benissa'),
(3042, 10, 3, 42, 'Benitachell/Poble Nou de Benitatxell, el'),
(3043, 10, 3, 43, 'Biar'),
(3044, 10, 3, 44, 'Bigastro'),
(3045, 10, 3, 45, 'Bolulla'),
(3046, 10, 3, 46, 'Busot'),
(3047, 10, 3, 47, 'Calp'),
(3048, 10, 3, 48, 'Callosa d''en Sarrià'),
(3049, 10, 3, 49, 'Callosa de Segura'),
(3050, 10, 3, 50, 'Campello, el'),
(3051, 10, 3, 51, 'Campo de Mirra/Camp de Mirra, el'),
(3052, 10, 3, 52, 'Cañada'),
(3053, 10, 3, 53, 'Castalla'),
(3054, 10, 3, 54, 'Castell de Castells'),
(3055, 10, 3, 55, 'Catral'),
(3056, 10, 3, 56, 'Cocentaina'),
(3057, 10, 3, 57, 'Confrides'),
(3058, 10, 3, 58, 'Cox'),
(3059, 10, 3, 59, 'Crevillent'),
(3060, 10, 3, 60, 'Quatretondeta'),
(3061, 10, 3, 61, 'Daya Nueva'),
(3062, 10, 3, 62, 'Daya Vieja'),
(3063, 10, 3, 63, 'Dénia'),
(3064, 10, 3, 64, 'Dolores'),
(3065, 10, 3, 65, 'Elche/Elx'),
(3066, 10, 3, 66, 'Elda'),
(3067, 10, 3, 67, 'Facheca'),
(3068, 10, 3, 68, 'Famorca'),
(3069, 10, 3, 69, 'Finestrat'),
(3070, 10, 3, 70, 'Formentera del Segura'),
(3071, 10, 3, 71, 'Gata de Gorgos'),
(3072, 10, 3, 72, 'Gaianes'),
(3073, 10, 3, 73, 'Gorga'),
(3074, 10, 3, 74, 'Granja de Rocamora'),
(3075, 10, 3, 75, 'Castell de Guadalest, el'),
(3076, 10, 3, 76, 'Guardamar del Segura'),
(3077, 10, 3, 77, 'Fondó de les Neus, el/Hondón de las Nieves'),
(3078, 10, 3, 78, 'Hondón de los Frailes'),
(3079, 10, 3, 79, 'Ibi'),
(3080, 10, 3, 80, 'Jacarilla'),
(3081, 10, 3, 81, 'Xaló'),
(3082, 10, 3, 82, 'Jávea/Xàbia'),
(3083, 10, 3, 83, 'Jijona/Xixona'),
(3084, 10, 3, 84, 'Lorcha/Orxa, l'''),
(3085, 10, 3, 85, 'Llíber'),
(3086, 10, 3, 86, 'Millena'),
(3088, 10, 3, 88, 'Monforte del Cid'),
(3089, 10, 3, 89, 'Monóvar/Monòver'),
(3090, 10, 3, 90, 'Mutxamel'),
(3091, 10, 3, 91, 'Murla'),
(3092, 10, 3, 92, 'Muro de Alcoy'),
(3093, 10, 3, 93, 'Novelda'),
(3094, 10, 3, 94, 'Nucia, la'),
(3095, 10, 3, 95, 'Ondara'),
(3096, 10, 3, 96, 'Onil'),
(3097, 10, 3, 97, 'Orba'),
(3098, 10, 3, 98, 'Orxeta'),
(3099, 10, 3, 99, 'Orihuela'),
(3100, 10, 3, 100, 'Parcent'),
(3101, 10, 3, 101, 'Pedreguer'),
(3102, 10, 3, 102, 'Pego'),
(3103, 10, 3, 103, 'Penàguila'),
(3104, 10, 3, 104, 'Petrer'),
(3105, 10, 3, 105, 'Pinós, el/Pinoso'),
(3106, 10, 3, 106, 'Planes'),
(3107, 10, 3, 107, 'Polop'),
(3109, 10, 3, 109, 'Rafal'),
(3110, 10, 3, 110, 'Ràfol d''Almúnia, el'),
(3111, 10, 3, 111, 'Redován'),
(3112, 10, 3, 112, 'Relleu'),
(3113, 10, 3, 113, 'Rojales'),
(3114, 10, 3, 114, 'Romana, la'),
(3115, 10, 3, 115, 'Sagra'),
(3116, 10, 3, 116, 'Salinas'),
(3117, 10, 3, 117, 'Sanet y Negrals'),
(3118, 10, 3, 118, 'San Fulgencio'),
(3119, 10, 3, 119, 'Sant Joan d''Alacant'),
(3120, 10, 3, 120, 'San Miguel de Salinas'),
(3121, 10, 3, 121, 'Santa Pola'),
(3122, 10, 3, 122, 'San Vicente del Raspeig/Sant Vicent del Raspeig'),
(3123, 10, 3, 123, 'Sax'),
(3124, 10, 3, 124, 'Sella'),
(3125, 10, 3, 125, 'Senija'),
(3127, 10, 3, 127, 'Tàrbena'),
(3128, 10, 3, 128, 'Teulada'),
(3129, 10, 3, 129, 'Tibi'),
(3130, 10, 3, 130, 'Tollos'),
(3131, 10, 3, 131, 'Tormos'),
(3132, 10, 3, 132, 'Torremanzanas/Torre de les Maçanes, la'),
(3133, 10, 3, 133, 'Torrevieja'),
(3134, 10, 3, 134, 'Vall d''Alcalà, la'),
(3135, 10, 3, 135, 'Vall d''Ebo, la'),
(3136, 10, 3, 136, 'Vall de Gallinera'),
(3137, 10, 3, 137, 'Vall de Laguar, la'),
(3138, 10, 3, 138, 'Verger, el'),
(3139, 10, 3, 139, 'Villajoyosa/Vila Joiosa, la'),
(3140, 10, 3, 140, 'Villena'),
(3901, 10, 3, 901, 'Poblets, els'),
(3902, 10, 3, 902, 'Pilar de la Horadada'),
(3903, 10, 3, 903, 'Montesinos, Los'),
(3904, 10, 3, 904, 'San Isidro'),
(4000, 1, 4, 0, 'Provincia de  Almería'),
(4001, 1, 4, 1, 'Abla'),
(4002, 1, 4, 2, 'Abrucena'),
(4003, 1, 4, 3, 'Adra'),
(4004, 1, 4, 4, 'Albanchez'),
(4005, 1, 4, 5, 'Alboloduy'),
(4006, 1, 4, 6, 'Albox'),
(4007, 1, 4, 7, 'Alcolea'),
(4008, 1, 4, 8, 'Alcóntar'),
(4009, 1, 4, 9, 'Alcudia de Monteagud'),
(4010, 1, 4, 10, 'Alhabia'),
(4011, 1, 4, 11, 'Alhama de Almería'),
(4012, 1, 4, 12, 'Alicún'),
(4013, 1, 4, 13, 'Almería'),
(4014, 1, 4, 14, 'Almócita'),
(4015, 1, 4, 15, 'Alsodux'),
(4016, 1, 4, 16, 'Antas'),
(4017, 1, 4, 17, 'Arboleas'),
(4018, 1, 4, 18, 'Armuña de Almanzora'),
(4019, 1, 4, 19, 'Bacares'),
(4020, 1, 4, 20, 'Bayárcal'),
(4021, 1, 4, 21, 'Bayarque'),
(4022, 1, 4, 22, 'Bédar'),
(4023, 1, 4, 23, 'Beires'),
(4024, 1, 4, 24, 'Benahadux'),
(4026, 1, 4, 26, 'Benitagla'),
(4027, 1, 4, 27, 'Benizalón'),
(4028, 1, 4, 28, 'Bentarique'),
(4029, 1, 4, 29, 'Berja'),
(4030, 1, 4, 30, 'Canjáyar'),
(4031, 1, 4, 31, 'Cantoria'),
(4032, 1, 4, 32, 'Carboneras'),
(4033, 1, 4, 33, 'Castro de Filabres'),
(4034, 1, 4, 34, 'Cóbdar'),
(4035, 1, 4, 35, 'Cuevas del Almanzora'),
(4036, 1, 4, 36, 'Chercos'),
(4037, 1, 4, 37, 'Chirivel'),
(4038, 1, 4, 38, 'Dalías'),
(4041, 1, 4, 41, 'Enix'),
(4043, 1, 4, 43, 'Felix'),
(4044, 1, 4, 44, 'Fines'),
(4045, 1, 4, 45, 'Fiñana'),
(4046, 1, 4, 46, 'Fondón'),
(4047, 1, 4, 47, 'Gádor'),
(4048, 1, 4, 48, 'Gallardos, Los'),
(4049, 1, 4, 49, 'Garrucha'),
(4050, 1, 4, 50, 'Gérgal'),
(4051, 1, 4, 51, 'Huécija'),
(4052, 1, 4, 52, 'Huércal de Almería'),
(4053, 1, 4, 53, 'Huércal-Overa'),
(4054, 1, 4, 54, 'Íllar'),
(4055, 1, 4, 55, 'Instinción'),
(4056, 1, 4, 56, 'Laroya'),
(4057, 1, 4, 57, 'Láujar de Andarax'),
(4058, 1, 4, 58, 'Líjar'),
(4059, 1, 4, 59, 'Lubrín'),
(4060, 1, 4, 60, 'Lucainena de las Torres'),
(4061, 1, 4, 61, 'Lúcar'),
(4062, 1, 4, 62, 'Macael'),
(4063, 1, 4, 63, 'María'),
(4064, 1, 4, 64, 'Mojácar'),
(4065, 1, 4, 65, 'Nacimiento'),
(4066, 1, 4, 66, 'Níjar'),
(4067, 1, 4, 67, 'Ohanes'),
(4068, 1, 4, 68, 'Olula de Castro'),
(4069, 1, 4, 69, 'Olula del Río'),
(4070, 1, 4, 70, 'Oria'),
(4071, 1, 4, 71, 'Padules'),
(4072, 1, 4, 72, 'Partaloa'),
(4073, 1, 4, 73, 'Paterna del Río'),
(4074, 1, 4, 74, 'Pechina'),
(4075, 1, 4, 75, 'Pulpí'),
(4076, 1, 4, 76, 'Purchena'),
(4077, 1, 4, 77, 'Rágol'),
(4078, 1, 4, 78, 'Rioja'),
(4079, 1, 4, 79, 'Roquetas de Mar'),
(4080, 1, 4, 80, 'Santa Cruz de Marchena'),
(4081, 1, 4, 81, 'Santa Fe de Mondújar'),
(4082, 1, 4, 82, 'Senés'),
(4083, 1, 4, 83, 'Serón'),
(4084, 1, 4, 84, 'Sierro'),
(4085, 1, 4, 85, 'Somontín'),
(4086, 1, 4, 86, 'Sorbas'),
(4087, 1, 4, 87, 'Suflí'),
(4088, 1, 4, 88, 'Tabernas'),
(4089, 1, 4, 89, 'Taberno'),
(4090, 1, 4, 90, 'Tahal'),
(4091, 1, 4, 91, 'Terque'),
(4092, 1, 4, 92, 'Tíjola'),
(4093, 1, 4, 93, 'Turre'),
(4094, 1, 4, 94, 'Turrillas'),
(4095, 1, 4, 95, 'Uleila del Campo'),
(4096, 1, 4, 96, 'Urrácal'),
(4097, 1, 4, 97, 'Velefique'),
(4098, 1, 4, 98, 'Vélez-Blanco'),
(4099, 1, 4, 99, 'Vélez-Rubio'),
(4100, 1, 4, 100, 'Vera'),
(4101, 1, 4, 101, 'Viator'),
(4102, 1, 4, 102, 'Vícar'),
(4103, 1, 4, 103, 'Zurgena'),
(4901, 1, 4, 901, 'Tres Villas, Las'),
(4902, 1, 4, 902, 'Ejido, El'),
(4903, 1, 4, 903, 'Mojonera, La'),
(4904, 1, 4, 904, 'Balanegra'),
(5000, 7, 5, 0, 'Provincia de  Ávila'),
(5001, 7, 5, 1, 'Adanero'),
(5002, 7, 5, 2, 'Adrada, La'),
(5005, 7, 5, 5, 'Albornos'),
(5007, 7, 5, 7, 'Aldeanueva de Santa Cruz'),
(5008, 7, 5, 8, 'Aldeaseca'),
(5010, 7, 5, 10, 'Aldehuela, La'),
(5012, 7, 5, 12, 'Amavida'),
(5013, 7, 5, 13, 'Arenal, El'),
(5014, 7, 5, 14, 'Arenas de San Pedro'),
(5015, 7, 5, 15, 'Arevalillo'),
(5016, 7, 5, 16, 'Arévalo'),
(5017, 7, 5, 17, 'Aveinte'),
(5018, 7, 5, 18, 'Avellaneda'),
(5019, 7, 5, 19, 'Ávila'),
(5021, 7, 5, 21, 'Barco de Ávila, El'),
(5022, 7, 5, 22, 'Barraco, El'),
(5023, 7, 5, 23, 'Barromán'),
(5024, 7, 5, 24, 'Becedas'),
(5025, 7, 5, 25, 'Becedillas'),
(5026, 7, 5, 26, 'Bercial de Zapardiel'),
(5027, 7, 5, 27, 'Berlanas, Las'),
(5029, 7, 5, 29, 'Bernuy-Zapardiel'),
(5030, 7, 5, 30, 'Berrocalejo de Aragona'),
(5033, 7, 5, 33, 'Blascomillán'),
(5034, 7, 5, 34, 'Blasconuño de Matacabras'),
(5035, 7, 5, 35, 'Blascosancho'),
(5036, 7, 5, 36, 'Bohodón, El'),
(5037, 7, 5, 37, 'Bohoyo'),
(5038, 7, 5, 38, 'Bonilla de la Sierra'),
(5039, 7, 5, 39, 'Brabos'),
(5040, 7, 5, 40, 'Bularros'),
(5041, 7, 5, 41, 'Burgohondo'),
(5042, 7, 5, 42, 'Cabezas de Alambre'),
(5043, 7, 5, 43, 'Cabezas del Pozo'),
(5044, 7, 5, 44, 'Cabezas del Villar'),
(5045, 7, 5, 45, 'Cabizuela'),
(5046, 7, 5, 46, 'Canales'),
(5047, 7, 5, 47, 'Candeleda'),
(5048, 7, 5, 48, 'Cantiveros'),
(5049, 7, 5, 49, 'Cardeñosa'),
(5051, 7, 5, 51, 'Carrera, La'),
(5052, 7, 5, 52, 'Casas del Puerto'),
(5053, 7, 5, 53, 'Casasola'),
(5054, 7, 5, 54, 'Casavieja'),
(5055, 7, 5, 55, 'Casillas'),
(5056, 7, 5, 56, 'Castellanos de Zapardiel'),
(5057, 7, 5, 57, 'Cebreros'),
(5058, 7, 5, 58, 'Cepeda la Mora'),
(5059, 7, 5, 59, 'Cillán'),
(5060, 7, 5, 60, 'Cisla'),
(5061, 7, 5, 61, 'Colilla, La'),
(5062, 7, 5, 62, 'Collado de Contreras'),
(5063, 7, 5, 63, 'Collado del Mirón'),
(5064, 7, 5, 64, 'Constanzana'),
(5065, 7, 5, 65, 'Crespos'),
(5066, 7, 5, 66, 'Cuevas del Valle'),
(5067, 7, 5, 67, 'Chamartín'),
(5069, 7, 5, 69, 'Donjimeno'),
(5070, 7, 5, 70, 'Donvidas'),
(5072, 7, 5, 72, 'Espinosa de los Caballeros'),
(5073, 7, 5, 73, 'Flores de Ávila'),
(5074, 7, 5, 74, 'Fontiveros'),
(5075, 7, 5, 75, 'Fresnedilla'),
(5076, 7, 5, 76, 'Fresno, El'),
(5077, 7, 5, 77, 'Fuente el Saúz'),
(5078, 7, 5, 78, 'Fuentes de Año'),
(5079, 7, 5, 79, 'Gallegos de Altamiros'),
(5080, 7, 5, 80, 'Gallegos de Sobrinos'),
(5081, 7, 5, 81, 'Garganta del Villar'),
(5082, 7, 5, 82, 'Gavilanes'),
(5083, 7, 5, 83, 'Gemuño'),
(5084, 7, 5, 84, 'Gilbuena'),
(5085, 7, 5, 85, 'Gil García'),
(5086, 7, 5, 86, 'Gimialcón'),
(5087, 7, 5, 87, 'Gotarrendura'),
(5088, 7, 5, 88, 'Grandes y San Martín'),
(5089, 7, 5, 89, 'Guisando'),
(5090, 7, 5, 90, 'Gutierre-Muñoz'),
(5092, 7, 5, 92, 'Hernansancho'),
(5093, 7, 5, 93, 'Herradón de Pinares'),
(5094, 7, 5, 94, 'Herreros de Suso'),
(5095, 7, 5, 95, 'Higuera de las Dueñas'),
(5096, 7, 5, 96, 'Hija de Dios, La'),
(5097, 7, 5, 97, 'Horcajada, La'),
(5099, 7, 5, 99, 'Horcajo de las Torres'),
(5100, 7, 5, 100, 'Hornillo, El'),
(5101, 7, 5, 101, 'Hoyocasero'),
(5102, 7, 5, 102, 'Hoyo de Pinares, El'),
(5103, 7, 5, 103, 'Hoyorredondo'),
(5104, 7, 5, 104, 'Hoyos del Collado'),
(5105, 7, 5, 105, 'Hoyos del Espino'),
(5106, 7, 5, 106, 'Hoyos de Miguel Muñoz'),
(5107, 7, 5, 107, 'Hurtumpascual'),
(5108, 7, 5, 108, 'Junciana'),
(5109, 7, 5, 109, 'Langa'),
(5110, 7, 5, 110, 'Lanzahíta'),
(5112, 7, 5, 112, 'Losar del Barco, El'),
(5113, 7, 5, 113, 'Llanos de Tormes, Los'),
(5114, 7, 5, 114, 'Madrigal de las Altas Torres'),
(5115, 7, 5, 115, 'Maello'),
(5116, 7, 5, 116, 'Malpartida de Corneja'),
(5117, 7, 5, 117, 'Mamblas'),
(5118, 7, 5, 118, 'Mancera de Arriba'),
(5119, 7, 5, 119, 'Manjabálago y Ortigosa de Rioalmar'),
(5120, 7, 5, 120, 'Marlín'),
(5121, 7, 5, 121, 'Martiherrero'),
(5122, 7, 5, 122, 'Martínez'),
(5123, 7, 5, 123, 'Mediana de Voltoya'),
(5124, 7, 5, 124, 'Medinilla'),
(5125, 7, 5, 125, 'Mengamuñoz'),
(5126, 7, 5, 126, 'Mesegar de Corneja'),
(5127, 7, 5, 127, 'Mijares'),
(5128, 7, 5, 128, 'Mingorría'),
(5129, 7, 5, 129, 'Mirón, El'),
(5130, 7, 5, 130, 'Mironcillo'),
(5131, 7, 5, 131, 'Mirueña de los Infanzones'),
(5132, 7, 5, 132, 'Mombeltrán'),
(5133, 7, 5, 133, 'Monsalupe'),
(5134, 7, 5, 134, 'Moraleja de Matacabras'),
(5135, 7, 5, 135, 'Muñana'),
(5136, 7, 5, 136, 'Muñico'),
(5138, 7, 5, 138, 'Muñogalindo'),
(5139, 7, 5, 139, 'Muñogrande'),
(5140, 7, 5, 140, 'Muñomer del Peco'),
(5141, 7, 5, 141, 'Muñopepe'),
(5142, 7, 5, 142, 'Muñosancho'),
(5143, 7, 5, 143, 'Muñotello'),
(5144, 7, 5, 144, 'Narrillos del Álamo'),
(5145, 7, 5, 145, 'Narrillos del Rebollar'),
(5147, 7, 5, 147, 'Narros del Castillo'),
(5148, 7, 5, 148, 'Narros del Puerto'),
(5149, 7, 5, 149, 'Narros de Saldueña'),
(5151, 7, 5, 151, 'Navacepedilla de Corneja'),
(5152, 7, 5, 152, 'Nava de Arévalo'),
(5153, 7, 5, 153, 'Nava del Barco'),
(5154, 7, 5, 154, 'Navadijos'),
(5155, 7, 5, 155, 'Navaescurial'),
(5156, 7, 5, 156, 'Navahondilla'),
(5157, 7, 5, 157, 'Navalacruz'),
(5158, 7, 5, 158, 'Navalmoral'),
(5159, 7, 5, 159, 'Navalonguilla'),
(5160, 7, 5, 160, 'Navalosa'),
(5161, 7, 5, 161, 'Navalperal de Pinares'),
(5162, 7, 5, 162, 'Navalperal de Tormes'),
(5163, 7, 5, 163, 'Navaluenga'),
(5164, 7, 5, 164, 'Navaquesera'),
(5165, 7, 5, 165, 'Navarredonda de Gredos'),
(5166, 7, 5, 166, 'Navarredondilla'),
(5167, 7, 5, 167, 'Navarrevisca'),
(5168, 7, 5, 168, 'Navas del Marqués, Las'),
(5169, 7, 5, 169, 'Navatalgordo'),
(5170, 7, 5, 170, 'Navatejares'),
(5171, 7, 5, 171, 'Neila de San Miguel'),
(5172, 7, 5, 172, 'Niharra'),
(5173, 7, 5, 173, 'Ojos-Albos'),
(5174, 7, 5, 174, 'Orbita'),
(5175, 7, 5, 175, 'Oso, El'),
(5176, 7, 5, 176, 'Padiernos'),
(5177, 7, 5, 177, 'Pajares de Adaja'),
(5178, 7, 5, 178, 'Palacios de Goda'),
(5179, 7, 5, 179, 'Papatrigo'),
(5180, 7, 5, 180, 'Parral, El'),
(5181, 7, 5, 181, 'Pascualcobo'),
(5182, 7, 5, 182, 'Pedro Bernardo'),
(5183, 7, 5, 183, 'Pedro-Rodríguez'),
(5184, 7, 5, 184, 'Peguerinos'),
(5185, 7, 5, 185, 'Peñalba de Ávila'),
(5186, 7, 5, 186, 'Piedrahíta'),
(5187, 7, 5, 187, 'Piedralaves'),
(5188, 7, 5, 188, 'Poveda'),
(5189, 7, 5, 189, 'Poyales del Hoyo'),
(5190, 7, 5, 190, 'Pozanco'),
(5191, 7, 5, 191, 'Pradosegar'),
(5192, 7, 5, 192, 'Puerto Castilla'),
(5193, 7, 5, 193, 'Rasueros'),
(5194, 7, 5, 194, 'Riocabado'),
(5195, 7, 5, 195, 'Riofrío'),
(5196, 7, 5, 196, 'Rivilla de Barajas'),
(5197, 7, 5, 197, 'Salobral'),
(5198, 7, 5, 198, 'Salvadiós'),
(5199, 7, 5, 199, 'San Bartolomé de Béjar'),
(5200, 7, 5, 200, 'San Bartolomé de Corneja'),
(5201, 7, 5, 201, 'San Bartolomé de Pinares'),
(5204, 7, 5, 204, 'Sanchidrián'),
(5205, 7, 5, 205, 'Sanchorreja'),
(5206, 7, 5, 206, 'San Esteban de los Patos'),
(5207, 7, 5, 207, 'San Esteban del Valle'),
(5208, 7, 5, 208, 'San Esteban de Zapardiel'),
(5209, 7, 5, 209, 'San García de Ingelmos'),
(5210, 7, 5, 210, 'San Juan de la Encinilla'),
(5211, 7, 5, 211, 'San Juan de la Nava'),
(5212, 7, 5, 212, 'San Juan del Molinillo'),
(5213, 7, 5, 213, 'San Juan del Olmo'),
(5214, 7, 5, 214, 'San Lorenzo de Tormes'),
(5215, 7, 5, 215, 'San Martín de la Vega del Alberche'),
(5216, 7, 5, 216, 'San Martín del Pimpollar'),
(5217, 7, 5, 217, 'San Miguel de Corneja'),
(5218, 7, 5, 218, 'San Miguel de Serrezuela'),
(5219, 7, 5, 219, 'San Pascual'),
(5220, 7, 5, 220, 'San Pedro del Arroyo'),
(5221, 7, 5, 221, 'Santa Cruz del Valle'),
(5222, 7, 5, 222, 'Santa Cruz de Pinares'),
(5224, 7, 5, 224, 'Santa María del Arroyo'),
(5225, 7, 5, 225, 'Santa María del Berrocal'),
(5226, 7, 5, 226, 'Santa María de los Caballeros'),
(5227, 7, 5, 227, 'Santa María del Tiétar'),
(5228, 7, 5, 228, 'Santiago del Collado'),
(5229, 7, 5, 229, 'Santo Domingo de las Posadas'),
(5230, 7, 5, 230, 'Santo Tomé de Zabarcos'),
(5231, 7, 5, 231, 'San Vicente de Arévalo'),
(5232, 7, 5, 232, 'Serrada, La'),
(5233, 7, 5, 233, 'Serranillos'),
(5234, 7, 5, 234, 'Sigeres'),
(5235, 7, 5, 235, 'Sinlabajos'),
(5236, 7, 5, 236, 'Solana de Ávila'),
(5237, 7, 5, 237, 'Solana de Rioalmar'),
(5238, 7, 5, 238, 'Solosancho'),
(5239, 7, 5, 239, 'Sotalbo'),
(5240, 7, 5, 240, 'Sotillo de la Adrada'),
(5241, 7, 5, 241, 'Tiemblo, El'),
(5242, 7, 5, 242, 'Tiñosillos'),
(5243, 7, 5, 243, 'Tolbaños'),
(5244, 7, 5, 244, 'Tormellas'),
(5245, 7, 5, 245, 'Tornadizos de Ávila'),
(5246, 7, 5, 246, 'Tórtoles'),
(5247, 7, 5, 247, 'Torre, La'),
(5249, 7, 5, 249, 'Umbrías'),
(5251, 7, 5, 251, 'Vadillo de la Sierra'),
(5252, 7, 5, 252, 'Valdecasa'),
(5253, 7, 5, 253, 'Vega de Santa María'),
(5254, 7, 5, 254, 'Velayos'),
(5256, 7, 5, 256, 'Villaflor'),
(5257, 7, 5, 257, 'Villafranca de la Sierra'),
(5258, 7, 5, 258, 'Villanueva de Gómez'),
(5259, 7, 5, 259, 'Villanueva del Aceral'),
(5260, 7, 5, 260, 'Villanueva del Campillo'),
(5261, 7, 5, 261, 'Villar de Corneja'),
(5262, 7, 5, 262, 'Villarejo del Valle'),
(5263, 7, 5, 263, 'Villatoro'),
(5264, 7, 5, 264, 'Viñegra de Moraña'),
(5265, 7, 5, 265, 'Vita'),
(5266, 7, 5, 266, 'Zapardiel de la Cañada'),
(5267, 7, 5, 267, 'Zapardiel de la Ribera'),
(5901, 7, 5, 901, 'San Juan de Gredos'),
(5902, 7, 5, 902, 'Santa María del Cubillo'),
(5903, 7, 5, 903, 'Diego del Carpio'),
(5904, 7, 5, 904, 'Santiago del Tormes'),
(5905, 7, 5, 905, 'Villanueva de Ávila'),
(6000, 11, 6, 0, 'Provincia de  Badajoz'),
(6001, 11, 6, 1, 'Acedera'),
(6002, 11, 6, 2, 'Aceuchal'),
(6003, 11, 6, 3, 'Ahillones'),
(6004, 11, 6, 4, 'Alange'),
(6005, 11, 6, 5, 'Albuera, La'),
(6006, 11, 6, 6, 'Alburquerque'),
(6007, 11, 6, 7, 'Alconchel'),
(6008, 11, 6, 8, 'Alconera'),
(6009, 11, 6, 9, 'Aljucén'),
(6010, 11, 6, 10, 'Almendral'),
(6011, 11, 6, 11, 'Almendralejo'),
(6012, 11, 6, 12, 'Arroyo de San Serván'),
(6013, 11, 6, 13, 'Atalaya'),
(6014, 11, 6, 14, 'Azuaga'),
(6015, 11, 6, 15, 'Badajoz'),
(6016, 11, 6, 16, 'Barcarrota'),
(6017, 11, 6, 17, 'Baterno'),
(6018, 11, 6, 18, 'Benquerencia de la Serena'),
(6019, 11, 6, 19, 'Berlanga'),
(6020, 11, 6, 20, 'Bienvenida'),
(6021, 11, 6, 21, 'Bodonal de la Sierra'),
(6022, 11, 6, 22, 'Burguillos del Cerro'),
(6023, 11, 6, 23, 'Cabeza del Buey'),
(6024, 11, 6, 24, 'Cabeza la Vaca'),
(6025, 11, 6, 25, 'Calamonte'),
(6026, 11, 6, 26, 'Calera de León'),
(6027, 11, 6, 27, 'Calzadilla de los Barros'),
(6028, 11, 6, 28, 'Campanario'),
(6029, 11, 6, 29, 'Campillo de Llerena'),
(6030, 11, 6, 30, 'Capilla'),
(6031, 11, 6, 31, 'Carmonita'),
(6032, 11, 6, 32, 'Carrascalejo, El'),
(6033, 11, 6, 33, 'Casas de Don Pedro'),
(6034, 11, 6, 34, 'Casas de Reina'),
(6035, 11, 6, 35, 'Castilblanco'),
(6036, 11, 6, 36, 'Castuera'),
(6037, 11, 6, 37, 'Codosera, La'),
(6038, 11, 6, 38, 'Cordobilla de Lácara'),
(6039, 11, 6, 39, 'Coronada, La'),
(6040, 11, 6, 40, 'Corte de Peleas'),
(6041, 11, 6, 41, 'Cristina'),
(6042, 11, 6, 42, 'Cheles'),
(6043, 11, 6, 43, 'Don Álvaro'),
(6044, 11, 6, 44, 'Don Benito'),
(6045, 11, 6, 45, 'Entrín Bajo'),
(6046, 11, 6, 46, 'Esparragalejo'),
(6047, 11, 6, 47, 'Esparragosa de la Serena'),
(6048, 11, 6, 48, 'Esparragosa de Lares'),
(6049, 11, 6, 49, 'Feria'),
(6050, 11, 6, 50, 'Fregenal de la Sierra'),
(6051, 11, 6, 51, 'Fuenlabrada de los Montes'),
(6052, 11, 6, 52, 'Fuente de Cantos'),
(6053, 11, 6, 53, 'Fuente del Arco'),
(6054, 11, 6, 54, 'Fuente del Maestre'),
(6055, 11, 6, 55, 'Fuentes de León'),
(6056, 11, 6, 56, 'Garbayuela'),
(6057, 11, 6, 57, 'Garlitos'),
(6058, 11, 6, 58, 'Garrovilla, La'),
(6059, 11, 6, 59, 'Granja de Torrehermosa'),
(6060, 11, 6, 60, 'Guareña'),
(6061, 11, 6, 61, 'Haba, La'),
(6062, 11, 6, 62, 'Helechosa de los Montes'),
(6063, 11, 6, 63, 'Herrera del Duque'),
(6064, 11, 6, 64, 'Higuera de la Serena'),
(6065, 11, 6, 65, 'Higuera de Llerena'),
(6066, 11, 6, 66, 'Higuera de Vargas'),
(6067, 11, 6, 67, 'Higuera la Real'),
(6068, 11, 6, 68, 'Hinojosa del Valle'),
(6069, 11, 6, 69, 'Hornachos'),
(6070, 11, 6, 70, 'Jerez de los Caballeros'),
(6071, 11, 6, 71, 'Lapa, La'),
(6072, 11, 6, 72, 'Lobón'),
(6073, 11, 6, 73, 'Llera'),
(6074, 11, 6, 74, 'Llerena'),
(6075, 11, 6, 75, 'Magacela'),
(6076, 11, 6, 76, 'Maguilla'),
(6077, 11, 6, 77, 'Malcocinado'),
(6078, 11, 6, 78, 'Malpartida de la Serena'),
(6079, 11, 6, 79, 'Manchita'),
(6080, 11, 6, 80, 'Medellín'),
(6081, 11, 6, 81, 'Medina de las Torres'),
(6082, 11, 6, 82, 'Mengabril'),
(6083, 11, 6, 83, 'Mérida'),
(6084, 11, 6, 84, 'Mirandilla'),
(6085, 11, 6, 85, 'Monesterio'),
(6086, 11, 6, 86, 'Montemolín'),
(6087, 11, 6, 87, 'Monterrubio de la Serena'),
(6088, 11, 6, 88, 'Montijo'),
(6089, 11, 6, 89, 'Morera, La'),
(6090, 11, 6, 90, 'Nava de Santiago, La'),
(6091, 11, 6, 91, 'Navalvillar de Pela'),
(6092, 11, 6, 92, 'Nogales'),
(6093, 11, 6, 93, 'Oliva de la Frontera'),
(6094, 11, 6, 94, 'Oliva de Mérida'),
(6095, 11, 6, 95, 'Olivenza'),
(6096, 11, 6, 96, 'Orellana de la Sierra'),
(6097, 11, 6, 97, 'Orellana la Vieja'),
(6098, 11, 6, 98, 'Palomas'),
(6099, 11, 6, 99, 'Parra, La'),
(6100, 11, 6, 100, 'Peñalsordo'),
(6101, 11, 6, 101, 'Peraleda del Zaucejo'),
(6102, 11, 6, 102, 'Puebla de Alcocer'),
(6103, 11, 6, 103, 'Puebla de la Calzada'),
(6104, 11, 6, 104, 'Puebla de la Reina'),
(6105, 11, 6, 105, 'Puebla del Maestre'),
(6106, 11, 6, 106, 'Puebla del Prior'),
(6107, 11, 6, 107, 'Puebla de Obando'),
(6108, 11, 6, 108, 'Puebla de Sancho Pérez'),
(6109, 11, 6, 109, 'Quintana de la Serena'),
(6110, 11, 6, 110, 'Reina'),
(6111, 11, 6, 111, 'Rena'),
(6112, 11, 6, 112, 'Retamal de Llerena'),
(6113, 11, 6, 113, 'Ribera del Fresno'),
(6114, 11, 6, 114, 'Risco'),
(6115, 11, 6, 115, 'Roca de la Sierra, La'),
(6116, 11, 6, 116, 'Salvaleón'),
(6117, 11, 6, 117, 'Salvatierra de los Barros'),
(6118, 11, 6, 118, 'Sancti-Spíritus'),
(6119, 11, 6, 119, 'San Pedro de Mérida'),
(6120, 11, 6, 120, 'Santa Amalia'),
(6121, 11, 6, 121, 'Santa Marta'),
(6122, 11, 6, 122, 'Santos de Maimona, Los'),
(6123, 11, 6, 123, 'San Vicente de Alcántara'),
(6124, 11, 6, 124, 'Segura de León'),
(6125, 11, 6, 125, 'Siruela'),
(6126, 11, 6, 126, 'Solana de los Barros'),
(6127, 11, 6, 127, 'Talarrubias'),
(6128, 11, 6, 128, 'Talavera la Real'),
(6129, 11, 6, 129, 'Táliga'),
(6130, 11, 6, 130, 'Tamurejo'),
(6131, 11, 6, 131, 'Torre de Miguel Sesmero'),
(6132, 11, 6, 132, 'Torremayor'),
(6133, 11, 6, 133, 'Torremejía'),
(6134, 11, 6, 134, 'Trasierra'),
(6135, 11, 6, 135, 'Trujillanos'),
(6136, 11, 6, 136, 'Usagre'),
(6137, 11, 6, 137, 'Valdecaballeros'),
(6138, 11, 6, 138, 'Valdetorres'),
(6139, 11, 6, 139, 'Valencia de las Torres'),
(6140, 11, 6, 140, 'Valencia del Mombuey'),
(6141, 11, 6, 141, 'Valencia del Ventoso'),
(6142, 11, 6, 142, 'Valverde de Burguillos'),
(6143, 11, 6, 143, 'Valverde de Leganés'),
(6144, 11, 6, 144, 'Valverde de Llerena'),
(6145, 11, 6, 145, 'Valverde de Mérida'),
(6146, 11, 6, 146, 'Valle de la Serena'),
(6147, 11, 6, 147, 'Valle de Matamoros'),
(6148, 11, 6, 148, 'Valle de Santa Ana'),
(6149, 11, 6, 149, 'Villafranca de los Barros'),
(6150, 11, 6, 150, 'Villagarcía de la Torre'),
(6151, 11, 6, 151, 'Villagonzalo'),
(6152, 11, 6, 152, 'Villalba de los Barros'),
(6153, 11, 6, 153, 'Villanueva de la Serena'),
(6154, 11, 6, 154, 'Villanueva del Fresno'),
(6155, 11, 6, 155, 'Villar del Rey'),
(6156, 11, 6, 156, 'Villar de Rena'),
(6157, 11, 6, 157, 'Villarta de los Montes'),
(6158, 11, 6, 158, 'Zafra'),
(6159, 11, 6, 159, 'Zahínos'),
(6160, 11, 6, 160, 'Zalamea de la Serena'),
(6161, 11, 6, 161, 'Zarza-Capilla'),
(6162, 11, 6, 162, 'Zarza, La'),
(6901, 11, 6, 901, 'Valdelacalzada'),
(6902, 11, 6, 902, 'Pueblonuevo del Guadiana'),
(6903, 11, 6, 903, 'Guadiana del Caudillo'),
(7000, 4, 7, 0, 'Provincia de  Illes Balears'),
(7001, 4, 7, 1, 'Alaró'),
(7002, 4, 7, 2, 'Alaior'),
(7003, 4, 7, 3, 'Alcúdia'),
(7004, 4, 7, 4, 'Algaida'),
(7005, 4, 7, 5, 'Andratx'),
(7006, 4, 7, 6, 'Artà'),
(7007, 4, 7, 7, 'Banyalbufar'),
(7008, 4, 7, 8, 'Binissalem'),
(7009, 4, 7, 9, 'Búger'),
(7010, 4, 7, 10, 'Bunyola'),
(7011, 4, 7, 11, 'Calvià'),
(7012, 4, 7, 12, 'Campanet'),
(7013, 4, 7, 13, 'Campos'),
(7014, 4, 7, 14, 'Capdepera'),
(7015, 4, 7, 15, 'Ciutadella de Menorca'),
(7016, 4, 7, 16, 'Consell'),
(7017, 4, 7, 17, 'Costitx'),
(7018, 4, 7, 18, 'Deià'),
(7019, 4, 7, 19, 'Escorca'),
(7020, 4, 7, 20, 'Esporles'),
(7021, 4, 7, 21, 'Estellencs'),
(7022, 4, 7, 22, 'Felanitx'),
(7023, 4, 7, 23, 'Ferreries'),
(7024, 4, 7, 24, 'Formentera'),
(7025, 4, 7, 25, 'Fornalutx'),
(7026, 4, 7, 26, 'Eivissa'),
(7027, 4, 7, 27, 'Inca'),
(7028, 4, 7, 28, 'Lloret de Vistalegre'),
(7029, 4, 7, 29, 'Lloseta'),
(7030, 4, 7, 30, 'Llubí'),
(7031, 4, 7, 31, 'Llucmajor'),
(7032, 4, 7, 32, 'Maó-Mahón'),
(7033, 4, 7, 33, 'Manacor'),
(7034, 4, 7, 34, 'Mancor de la Vall'),
(7035, 4, 7, 35, 'Maria de la Salut'),
(7036, 4, 7, 36, 'Marratxí'),
(7037, 4, 7, 37, 'Mercadal, Es'),
(7038, 4, 7, 38, 'Montuïri'),
(7039, 4, 7, 39, 'Muro'),
(7040, 4, 7, 40, 'Palma '),
(7041, 4, 7, 41, 'Petra'),
(7042, 4, 7, 42, 'Pollença'),
(7043, 4, 7, 43, 'Porreres'),
(7044, 4, 7, 44, 'Pobla, Sa'),
(7045, 4, 7, 45, 'Puigpunyent'),
(7046, 4, 7, 46, 'Sant Antoni de Portmany'),
(7047, 4, 7, 47, 'Sencelles'),
(7048, 4, 7, 48, 'Sant Josep de sa Talaia'),
(7049, 4, 7, 49, 'Sant Joan'),
(7050, 4, 7, 50, 'Sant Joan de Labritja'),
(7051, 4, 7, 51, 'Sant Llorenç des Cardassar'),
(7052, 4, 7, 52, 'Sant Lluís'),
(7053, 4, 7, 53, 'Santa Eugènia'),
(7054, 4, 7, 54, 'Santa Eulària des Riu'),
(7055, 4, 7, 55, 'Santa Margalida'),
(7056, 4, 7, 56, 'Santa María del Camí'),
(7057, 4, 7, 57, 'Santanyí'),
(7058, 4, 7, 58, 'Selva'),
(7059, 4, 7, 59, 'Salines, Ses'),
(7060, 4, 7, 60, 'Sineu'),
(7061, 4, 7, 61, 'Sóller'),
(7062, 4, 7, 62, 'Son Servera'),
(7063, 4, 7, 63, 'Valldemossa'),
(7064, 4, 7, 64, 'Castell, Es'),
(7065, 4, 7, 65, 'Vilafranca de Bonany'),
(7901, 4, 7, 901, 'Ariany'),
(7902, 4, 7, 902, 'Migjorn Gran, Es'),
(8000, 9, 8, 0, 'Provincia de  Barcelona'),
(8001, 9, 8, 1, 'Abrera'),
(8002, 9, 8, 2, 'Aguilar de Segarra'),
(8003, 9, 8, 3, 'Alella'),
(8004, 9, 8, 4, 'Alpens'),
(8005, 9, 8, 5, 'Ametlla del Vallès, L'''),
(8006, 9, 8, 6, 'Arenys de Mar'),
(8007, 9, 8, 7, 'Arenys de Munt'),
(8008, 9, 8, 8, 'Argençola'),
(8009, 9, 8, 9, 'Argentona'),
(8010, 9, 8, 10, 'Artés'),
(8011, 9, 8, 11, 'Avià'),
(8012, 9, 8, 12, 'Avinyó'),
(8013, 9, 8, 13, 'Avinyonet del Penedès'),
(8014, 9, 8, 14, 'Aiguafreda'),
(8015, 9, 8, 15, 'Badalona'),
(8016, 9, 8, 16, 'Bagà'),
(8017, 9, 8, 17, 'Balenyà'),
(8018, 9, 8, 18, 'Balsareny'),
(8019, 9, 8, 19, 'Barcelona'),
(8020, 9, 8, 20, 'Begues'),
(8021, 9, 8, 21, 'Bellprat'),
(8022, 9, 8, 22, 'Berga'),
(8023, 9, 8, 23, 'Bigues i Riells'),
(8024, 9, 8, 24, 'Borredà'),
(8025, 9, 8, 25, 'Bruc, El'),
(8026, 9, 8, 26, 'Brull, El'),
(8027, 9, 8, 27, 'Cabanyes, Les'),
(8028, 9, 8, 28, 'Cabrera d''Anoia'),
(8029, 9, 8, 29, 'Cabrera de Mar'),
(8030, 9, 8, 30, 'Cabrils'),
(8031, 9, 8, 31, 'Calaf'),
(8032, 9, 8, 32, 'Caldes d''Estrac'),
(8033, 9, 8, 33, 'Caldes de Montbui'),
(8034, 9, 8, 34, 'Calders'),
(8035, 9, 8, 35, 'Calella'),
(8036, 9, 8, 36, 'Calonge de Segarra'),
(8037, 9, 8, 37, 'Calldetenes'),
(8038, 9, 8, 38, 'Callús'),
(8039, 9, 8, 39, 'Campins'),
(8040, 9, 8, 40, 'Canet de Mar'),
(8041, 9, 8, 41, 'Canovelles'),
(8042, 9, 8, 42, 'Cànoves i Samalús'),
(8043, 9, 8, 43, 'Canyelles'),
(8044, 9, 8, 44, 'Capellades'),
(8045, 9, 8, 45, 'Capolat'),
(8046, 9, 8, 46, 'Cardedeu'),
(8047, 9, 8, 47, 'Cardona'),
(8048, 9, 8, 48, 'Carme'),
(8049, 9, 8, 49, 'Casserres'),
(8050, 9, 8, 50, 'Castellar del Riu'),
(8051, 9, 8, 51, 'Castellar del Vallès'),
(8052, 9, 8, 52, 'Castellar de n''Hug'),
(8053, 9, 8, 53, 'Castellbell i el Vilar'),
(8054, 9, 8, 54, 'Castellbisbal'),
(8055, 9, 8, 55, 'Castellcir'),
(8056, 9, 8, 56, 'Castelldefels'),
(8057, 9, 8, 57, 'Castell de l''Areny'),
(8058, 9, 8, 58, 'Castellet i la Gornal'),
(8059, 9, 8, 59, 'Castellfollit del Boix'),
(8060, 9, 8, 60, 'Castellfollit de Riubregós'),
(8061, 9, 8, 61, 'Castellgalí'),
(8062, 9, 8, 62, 'Castellnou de Bages'),
(8063, 9, 8, 63, 'Castellolí'),
(8064, 9, 8, 64, 'Castellterçol'),
(8065, 9, 8, 65, 'Castellví de la Marca'),
(8066, 9, 8, 66, 'Castellví de Rosanes'),
(8067, 9, 8, 67, 'Centelles'),
(8068, 9, 8, 68, 'Cervelló'),
(8069, 9, 8, 69, 'Collbató'),
(8070, 9, 8, 70, 'Collsuspina'),
(8071, 9, 8, 71, 'Copons'),
(8072, 9, 8, 72, 'Corbera de Llobregat'),
(8073, 9, 8, 73, 'Cornellà de Llobregat'),
(8074, 9, 8, 74, 'Cubelles'),
(8075, 9, 8, 75, 'Dosrius'),
(8076, 9, 8, 76, 'Esparreguera'),
(8077, 9, 8, 77, 'Esplugues de Llobregat'),
(8078, 9, 8, 78, 'Espunyola, L'''),
(8079, 9, 8, 79, 'Estany, L'''),
(8080, 9, 8, 80, 'Fígols'),
(8081, 9, 8, 81, 'Fogars de Montclús'),
(8082, 9, 8, 82, 'Fogars de la Selva'),
(8083, 9, 8, 83, 'Folgueroles'),
(8084, 9, 8, 84, 'Fonollosa'),
(8085, 9, 8, 85, 'Font-rubí'),
(8086, 9, 8, 86, 'Franqueses del Vallès, Les'),
(8087, 9, 8, 87, 'Gallifa'),
(8088, 9, 8, 88, 'Garriga, La'),
(8089, 9, 8, 89, 'Gavà'),
(8090, 9, 8, 90, 'Gaià'),
(8091, 9, 8, 91, 'Gelida'),
(8092, 9, 8, 92, 'Gironella'),
(8093, 9, 8, 93, 'Gisclareny'),
(8094, 9, 8, 94, 'Granada, La'),
(8095, 9, 8, 95, 'Granera'),
(8096, 9, 8, 96, 'Granollers'),
(8097, 9, 8, 97, 'Gualba'),
(8098, 9, 8, 98, 'Sant Salvador de Guardiola'),
(8099, 9, 8, 99, 'Guardiola de Berguedà'),
(8100, 9, 8, 100, 'Gurb'),
(8101, 9, 8, 101, 'Hospitalet de Llobregat, L'''),
(8102, 9, 8, 102, 'Igualada'),
(8103, 9, 8, 103, 'Jorba'),
(8104, 9, 8, 104, 'Llacuna, La'),
(8105, 9, 8, 105, 'Llagosta, La'),
(8106, 9, 8, 106, 'Llinars del Vallès'),
(8107, 9, 8, 107, 'Lliçà d''Amunt'),
(8108, 9, 8, 108, 'Lliçà de Vall'),
(8109, 9, 8, 109, 'Lluçà'),
(8110, 9, 8, 110, 'Malgrat de Mar'),
(8111, 9, 8, 111, 'Malla'),
(8112, 9, 8, 112, 'Manlleu'),
(8113, 9, 8, 113, 'Manresa'),
(8114, 9, 8, 114, 'Martorell'),
(8115, 9, 8, 115, 'Martorelles'),
(8116, 9, 8, 116, 'Masies de Roda, Les'),
(8117, 9, 8, 117, 'Masies de Voltregà, Les'),
(8118, 9, 8, 118, 'Masnou, El'),
(8119, 9, 8, 119, 'Masquefa'),
(8120, 9, 8, 120, 'Matadepera'),
(8121, 9, 8, 121, 'Mataró'),
(8122, 9, 8, 122, 'Mediona'),
(8123, 9, 8, 123, 'Molins de Rei'),
(8124, 9, 8, 124, 'Mollet del Vallès'),
(8125, 9, 8, 125, 'Montcada i Reixac'),
(8126, 9, 8, 126, 'Montgat'),
(8127, 9, 8, 127, 'Monistrol de Montserrat'),
(8128, 9, 8, 128, 'Monistrol de Calders'),
(8129, 9, 8, 129, 'Muntanyola'),
(8130, 9, 8, 130, 'Montclar'),
(8131, 9, 8, 131, 'Montesquiu'),
(8132, 9, 8, 132, 'Montmajor'),
(8133, 9, 8, 133, 'Montmaneu'),
(8134, 9, 8, 134, 'Figaró-Montmany'),
(8135, 9, 8, 135, 'Montmeló'),
(8136, 9, 8, 136, 'Montornès del Vallès'),
(8137, 9, 8, 137, 'Montseny'),
(8138, 9, 8, 138, 'Moià'),
(8139, 9, 8, 139, 'Mura'),
(8140, 9, 8, 140, 'Navarcles'),
(8141, 9, 8, 141, 'Navàs'),
(8142, 9, 8, 142, 'Nou de Berguedà, La'),
(8143, 9, 8, 143, 'Òdena'),
(8144, 9, 8, 144, 'Olvan'),
(8145, 9, 8, 145, 'Olèrdola'),
(8146, 9, 8, 146, 'Olesa de Bonesvalls'),
(8147, 9, 8, 147, 'Olesa de Montserrat'),
(8148, 9, 8, 148, 'Olivella'),
(8149, 9, 8, 149, 'Olost'),
(8150, 9, 8, 150, 'Orís'),
(8151, 9, 8, 151, 'Oristà'),
(8152, 9, 8, 152, 'Orpí'),
(8153, 9, 8, 153, 'Òrrius'),
(8154, 9, 8, 154, 'Pacs del Penedès'),
(8155, 9, 8, 155, 'Palafolls'),
(8156, 9, 8, 156, 'Palau-solità i Plegamans'),
(8157, 9, 8, 157, 'Pallejà'),
(8158, 9, 8, 158, 'Papiol, El'),
(8159, 9, 8, 159, 'Parets del Vallès'),
(8160, 9, 8, 160, 'Perafita'),
(8161, 9, 8, 161, 'Piera'),
(8162, 9, 8, 162, 'Hostalets de Pierola, Els'),
(8163, 9, 8, 163, 'Pineda de Mar'),
(8164, 9, 8, 164, 'Pla del Penedès, El'),
(8165, 9, 8, 165, 'Pobla de Claramunt, La'),
(8166, 9, 8, 166, 'Pobla de Lillet, La'),
(8167, 9, 8, 167, 'Polinyà'),
(8168, 9, 8, 168, 'Pontons'),
(8169, 9, 8, 169, 'Prat de Llobregat, El'),
(8170, 9, 8, 170, 'Prats de Rei, Els'),
(8171, 9, 8, 171, 'Prats de Lluçanès'),
(8172, 9, 8, 172, 'Premià de Mar'),
(8174, 9, 8, 174, 'Puigdàlber'),
(8175, 9, 8, 175, 'Puig-reig'),
(8176, 9, 8, 176, 'Pujalt'),
(8177, 9, 8, 177, 'Quar, La'),
(8178, 9, 8, 178, 'Rajadell'),
(8179, 9, 8, 179, 'Rellinars'),
(8180, 9, 8, 180, 'Ripollet'),
(8181, 9, 8, 181, 'Roca del Vallès, La'),
(8182, 9, 8, 182, 'Pont de Vilomara i Rocafort, El'),
(8183, 9, 8, 183, 'Roda de Ter'),
(8184, 9, 8, 184, 'Rubí'),
(8185, 9, 8, 185, 'Rubió'),
(8187, 9, 8, 187, 'Sabadell'),
(8188, 9, 8, 188, 'Sagàs'),
(8189, 9, 8, 189, 'Sant Pere Sallavinera'),
(8190, 9, 8, 190, 'Saldes'),
(8191, 9, 8, 191, 'Sallent'),
(8192, 9, 8, 192, 'Santpedor'),
(8193, 9, 8, 193, 'Sant Iscle de Vallalta'),
(8194, 9, 8, 194, 'Sant Adrià de Besòs'),
(8195, 9, 8, 195, 'Sant Agustí de Lluçanès'),
(8196, 9, 8, 196, 'Sant Andreu de la Barca'),
(8197, 9, 8, 197, 'Sant Andreu de Llavaneres'),
(8198, 9, 8, 198, 'Sant Antoni de Vilamajor'),
(8199, 9, 8, 199, 'Sant Bartomeu del Grau'),
(8200, 9, 8, 200, 'Sant Boi de Llobregat'),
(8201, 9, 8, 201, 'Sant Boi de Lluçanès'),
(8202, 9, 8, 202, 'Sant Celoni'),
(8203, 9, 8, 203, 'Sant Cebrià de Vallalta'),
(8204, 9, 8, 204, 'Sant Climent de Llobregat'),
(8205, 9, 8, 205, 'Sant Cugat del Vallès'),
(8206, 9, 8, 206, 'Sant Cugat Sesgarrigues'),
(8207, 9, 8, 207, 'Sant Esteve de Palautordera'),
(8208, 9, 8, 208, 'Sant Esteve Sesrovires'),
(8209, 9, 8, 209, 'Sant Fost de Campsentelles'),
(8210, 9, 8, 210, 'Sant Feliu de Codines'),
(8211, 9, 8, 211, 'Sant Feliu de Llobregat'),
(8212, 9, 8, 212, 'Sant Feliu Sasserra'),
(8213, 9, 8, 213, 'Sant Fruitós de Bages'),
(8214, 9, 8, 214, 'Vilassar de Dalt'),
(8215, 9, 8, 215, 'Sant Hipòlit de Voltregà'),
(8216, 9, 8, 216, 'Sant Jaume de Frontanyà'),
(8217, 9, 8, 217, 'Sant Joan Despí'),
(8218, 9, 8, 218, 'Sant Joan de Vilatorrada'),
(8219, 9, 8, 219, 'Vilassar de Mar'),
(8220, 9, 8, 220, 'Sant Julià de Vilatorta'),
(8221, 9, 8, 221, 'Sant Just Desvern'),
(8222, 9, 8, 222, 'Sant Llorenç d''Hortons'),
(8223, 9, 8, 223, 'Sant Llorenç Savall'),
(8224, 9, 8, 224, 'Sant Martí de Centelles'),
(8225, 9, 8, 225, 'Sant Martí d''Albars'),
(8226, 9, 8, 226, 'Sant Martí de Tous'),
(8227, 9, 8, 227, 'Sant Martí Sarroca'),
(8228, 9, 8, 228, 'Sant Martí Sesgueioles'),
(8229, 9, 8, 229, 'Sant Mateu de Bages'),
(8230, 9, 8, 230, 'Premià de Dalt'),
(8231, 9, 8, 231, 'Sant Pere de Ribes'),
(8232, 9, 8, 232, 'Sant Pere de Riudebitlles'),
(8233, 9, 8, 233, 'Sant Pere de Torelló'),
(8234, 9, 8, 234, 'Sant Pere de Vilamajor'),
(8235, 9, 8, 235, 'Sant Pol de Mar'),
(8236, 9, 8, 236, 'Sant Quintí de Mediona'),
(8237, 9, 8, 237, 'Sant Quirze de Besora'),
(8238, 9, 8, 238, 'Sant Quirze del Vallès'),
(8239, 9, 8, 239, 'Sant Quirze Safaja'),
(8240, 9, 8, 240, 'Sant Sadurní d''Anoia'),
(8241, 9, 8, 241, 'Sant Sadurní d''Osormort'),
(8242, 9, 8, 242, 'Marganell'),
(8243, 9, 8, 243, 'Santa Cecília de Voltregà'),
(8244, 9, 8, 244, 'Santa Coloma de Cervelló'),
(8245, 9, 8, 245, 'Santa Coloma de Gramenet'),
(8246, 9, 8, 246, 'Santa Eugènia de Berga'),
(8247, 9, 8, 247, 'Santa Eulàlia de Riuprimer'),
(8248, 9, 8, 248, 'Santa Eulàlia de Ronçana'),
(8249, 9, 8, 249, 'Santa Fe del Penedès'),
(8250, 9, 8, 250, 'Santa Margarida de Montbui'),
(8251, 9, 8, 251, 'Santa Margarida i els Monjos'),
(8252, 9, 8, 252, 'Barberà del Vallès'),
(8253, 9, 8, 253, 'Santa Maria de Besora'),
(8254, 9, 8, 254, 'Esquirol, L'''),
(8255, 9, 8, 255, 'Santa Maria de Merlès'),
(8256, 9, 8, 256, 'Santa Maria de Martorelles'),
(8257, 9, 8, 257, 'Santa Maria de Miralles'),
(8258, 9, 8, 258, 'Santa Maria d''Oló'),
(8259, 9, 8, 259, 'Santa Maria de Palautordera'),
(8260, 9, 8, 260, 'Santa Perpètua de Mogoda'),
(8261, 9, 8, 261, 'Santa Susanna'),
(8262, 9, 8, 262, 'Sant Vicenç de Castellet'),
(8263, 9, 8, 263, 'Sant Vicenç dels Horts'),
(8264, 9, 8, 264, 'Sant Vicenç de Montalt'),
(8265, 9, 8, 265, 'Sant Vicenç de Torelló'),
(8266, 9, 8, 266, 'Cerdanyola del Vallès'),
(8267, 9, 8, 267, 'Sentmenat'),
(8268, 9, 8, 268, 'Cercs'),
(8269, 9, 8, 269, 'Seva'),
(8270, 9, 8, 270, 'Sitges'),
(8271, 9, 8, 271, 'Sobremunt'),
(8272, 9, 8, 272, 'Sora'),
(8273, 9, 8, 273, 'Subirats'),
(8274, 9, 8, 274, 'Súria'),
(8275, 9, 8, 275, 'Tavèrnoles'),
(8276, 9, 8, 276, 'Tagamanent'),
(8277, 9, 8, 277, 'Talamanca'),
(8278, 9, 8, 278, 'Taradell'),
(8279, 9, 8, 279, 'Terrassa'),
(8280, 9, 8, 280, 'Tavertet'),
(8281, 9, 8, 281, 'Teià'),
(8282, 9, 8, 282, 'Tiana'),
(8283, 9, 8, 283, 'Tona'),
(8284, 9, 8, 284, 'Tordera'),
(8285, 9, 8, 285, 'Torelló'),
(8286, 9, 8, 286, 'Torre de Claramunt, La'),
(8287, 9, 8, 287, 'Torrelavit'),
(8288, 9, 8, 288, 'Torrelles de Foix'),
(8289, 9, 8, 289, 'Torrelles de Llobregat'),
(8290, 9, 8, 290, 'Ullastrell'),
(8291, 9, 8, 291, 'Vacarisses'),
(8292, 9, 8, 292, 'Vallbona d''Anoia'),
(8293, 9, 8, 293, 'Vallcebre'),
(8294, 9, 8, 294, 'Vallgorguina'),
(8295, 9, 8, 295, 'Vallirana'),
(8296, 9, 8, 296, 'Vallromanes'),
(8297, 9, 8, 297, 'Veciana'),
(8298, 9, 8, 298, 'Vic'),
(8299, 9, 8, 299, 'Vilada'),
(8300, 9, 8, 300, 'Viladecavalls'),
(8301, 9, 8, 301, 'Viladecans'),
(8302, 9, 8, 302, 'Vilanova del Camí'),
(8303, 9, 8, 303, 'Vilanova de Sau'),
(8304, 9, 8, 304, 'Vilobí del Penedès'),
(8305, 9, 8, 305, 'Vilafranca del Penedès'),
(8306, 9, 8, 306, 'Vilalba Sasserra'),
(8307, 9, 8, 307, 'Vilanova i la Geltrú'),
(8308, 9, 8, 308, 'Viver i Serrateix'),
(8901, 9, 8, 901, 'Rupit i Pruit'),
(8902, 9, 8, 902, 'Vilanova del Vallès'),
(8903, 9, 8, 903, 'Sant Julià de Cerdanyola'),
(8904, 9, 8, 904, 'Badia del Vallès'),
(8905, 9, 8, 905, 'Palma de Cervelló, La'),
(9000, 7, 9, 0, 'Provincia de  Burgos'),
(9001, 7, 9, 1, 'Abajas'),
(9003, 7, 9, 3, 'Adrada de Haza'),
(9006, 7, 9, 6, 'Aguas Cándidas'),
(9007, 7, 9, 7, 'Aguilar de Bureba'),
(9009, 7, 9, 9, 'Albillos'),
(9010, 7, 9, 10, 'Alcocero de Mola'),
(9011, 7, 9, 11, 'Alfoz de Bricia'),
(9012, 7, 9, 12, 'Alfoz de Santa Gadea'),
(9013, 7, 9, 13, 'Altable'),
(9014, 7, 9, 14, 'Altos, Los'),
(9016, 7, 9, 16, 'Ameyugo'),
(9017, 7, 9, 17, 'Anguix'),
(9018, 7, 9, 18, 'Aranda de Duero'),
(9019, 7, 9, 19, 'Arandilla'),
(9020, 7, 9, 20, 'Arauzo de Miel'),
(9021, 7, 9, 21, 'Arauzo de Salce'),
(9022, 7, 9, 22, 'Arauzo de Torre'),
(9023, 7, 9, 23, 'Arcos'),
(9024, 7, 9, 24, 'Arenillas de Riopisuerga'),
(9025, 7, 9, 25, 'Arija'),
(9026, 7, 9, 26, 'Arlanzón'),
(9027, 7, 9, 27, 'Arraya de Oca'),
(9029, 7, 9, 29, 'Atapuerca'),
(9030, 7, 9, 30, 'Ausines, Los'),
(9032, 7, 9, 32, 'Avellanosa de Muñó'),
(9033, 7, 9, 33, 'Bahabón de Esgueva'),
(9034, 7, 9, 34, 'Balbases, Los'),
(9035, 7, 9, 35, 'Baños de Valdearados'),
(9036, 7, 9, 36, 'Bañuelos de Bureba'),
(9037, 7, 9, 37, 'Barbadillo de Herreros'),
(9038, 7, 9, 38, 'Barbadillo del Mercado'),
(9039, 7, 9, 39, 'Barbadillo del Pez'),
(9041, 7, 9, 41, 'Barrio de Muñó'),
(9043, 7, 9, 43, 'Barrios de Bureba, Los'),
(9044, 7, 9, 44, 'Barrios de Colina'),
(9045, 7, 9, 45, 'Basconcillos del Tozo'),
(9046, 7, 9, 46, 'Bascuñana'),
(9047, 7, 9, 47, 'Belbimbre'),
(9048, 7, 9, 48, 'Belorado'),
(9050, 7, 9, 50, 'Berberana'),
(9051, 7, 9, 51, 'Berlangas de Roa'),
(9052, 7, 9, 52, 'Berzosa de Bureba'),
(9054, 7, 9, 54, 'Bozoó'),
(9055, 7, 9, 55, 'Brazacorta'),
(9056, 7, 9, 56, 'Briviesca'),
(9057, 7, 9, 57, 'Bugedo'),
(9058, 7, 9, 58, 'Buniel'),
(9059, 7, 9, 59, 'Burgos'),
(9060, 7, 9, 60, 'Busto de Bureba'),
(9061, 7, 9, 61, 'Cabañes de Esgueva'),
(9062, 7, 9, 62, 'Cabezón de la Sierra'),
(9063, 7, 9, 63, 'Cavia'),
(9064, 7, 9, 64, 'Caleruega'),
(9065, 7, 9, 65, 'Campillo de Aranda'),
(9066, 7, 9, 66, 'Campolara'),
(9067, 7, 9, 67, 'Canicosa de la Sierra'),
(9068, 7, 9, 68, 'Cantabrana'),
(9070, 7, 9, 70, 'Carazo'),
(9071, 7, 9, 71, 'Carcedo de Bureba'),
(9072, 7, 9, 72, 'Carcedo de Burgos'),
(9073, 7, 9, 73, 'Cardeñadijo'),
(9074, 7, 9, 74, 'Cardeñajimeno'),
(9075, 7, 9, 75, 'Cardeñuela Riopico'),
(9076, 7, 9, 76, 'Carrias'),
(9077, 7, 9, 77, 'Cascajares de Bureba'),
(9078, 7, 9, 78, 'Cascajares de la Sierra'),
(9079, 7, 9, 79, 'Castellanos de Castro'),
(9082, 7, 9, 82, 'Castildelgado'),
(9083, 7, 9, 83, 'Castil de Peones'),
(9084, 7, 9, 84, 'Castrillo de la Reina'),
(9085, 7, 9, 85, 'Castrillo de la Vega'),
(9086, 7, 9, 86, 'Castrillo del Val'),
(9088, 7, 9, 88, 'Castrillo de Riopisuerga'),
(9090, 7, 9, 90, 'Castrillo Mota de Judíos'),
(9091, 7, 9, 91, 'Castrojeriz'),
(9093, 7, 9, 93, 'Cayuela'),
(9094, 7, 9, 94, 'Cebrecos'),
(9095, 7, 9, 95, 'Celada del Camino'),
(9098, 7, 9, 98, 'Cerezo de Río Tirón'),
(9100, 7, 9, 100, 'Cerratón de Juarros'),
(9101, 7, 9, 101, 'Ciadoncha'),
(9102, 7, 9, 102, 'Cillaperlata'),
(9103, 7, 9, 103, 'Cilleruelo de Abajo'),
(9104, 7, 9, 104, 'Cilleruelo de Arriba'),
(9105, 7, 9, 105, 'Ciruelos de Cervera'),
(9108, 7, 9, 108, 'Cogollos'),
(9109, 7, 9, 109, 'Condado de Treviño'),
(9110, 7, 9, 110, 'Contreras'),
(9112, 7, 9, 112, 'Coruña del Conde'),
(9113, 7, 9, 113, 'Covarrubias'),
(9114, 7, 9, 114, 'Cubillo del Campo'),
(9115, 7, 9, 115, 'Cubo de Bureba'),
(9117, 7, 9, 117, 'Cueva de Roa, La'),
(9119, 7, 9, 119, 'Cuevas de San Clemente'),
(9120, 7, 9, 120, 'Encío'),
(9122, 7, 9, 122, 'Espinosa de Cervera'),
(9123, 7, 9, 123, 'Espinosa del Camino'),
(9124, 7, 9, 124, 'Espinosa de los Monteros'),
(9125, 7, 9, 125, 'Estépar'),
(9127, 7, 9, 127, 'Fontioso'),
(9128, 7, 9, 128, 'Frandovínez'),
(9129, 7, 9, 129, 'Fresneda de la Sierra Tirón'),
(9130, 7, 9, 130, 'Fresneña'),
(9131, 7, 9, 131, 'Fresnillo de las Dueñas'),
(9132, 7, 9, 132, 'Fresno de Río Tirón'),
(9133, 7, 9, 133, 'Fresno de Rodilla'),
(9134, 7, 9, 134, 'Frías'),
(9135, 7, 9, 135, 'Fuentebureba'),
(9136, 7, 9, 136, 'Fuentecén'),
(9137, 7, 9, 137, 'Fuentelcésped'),
(9138, 7, 9, 138, 'Fuentelisendo'),
(9139, 7, 9, 139, 'Fuentemolinos'),
(9140, 7, 9, 140, 'Fuentenebro'),
(9141, 7, 9, 141, 'Fuentespina'),
(9143, 7, 9, 143, 'Galbarros'),
(9144, 7, 9, 144, 'Gallega, La'),
(9148, 7, 9, 148, 'Grijalba'),
(9149, 7, 9, 149, 'Grisaleña'),
(9151, 7, 9, 151, 'Gumiel de Izán'),
(9152, 7, 9, 152, 'Gumiel de Mercado'),
(9154, 7, 9, 154, 'Hacinas'),
(9155, 7, 9, 155, 'Haza'),
(9159, 7, 9, 159, 'Hontanas'),
(9160, 7, 9, 160, 'Hontangas'),
(9162, 7, 9, 162, 'Hontoria de la Cantera'),
(9163, 7, 9, 163, 'Hontoria del Pinar'),
(9164, 7, 9, 164, 'Hontoria de Valdearados'),
(9166, 7, 9, 166, 'Hormazas, Las'),
(9167, 7, 9, 167, 'Hornillos del Camino'),
(9168, 7, 9, 168, 'Horra, La'),
(9169, 7, 9, 169, 'Hortigüela'),
(9170, 7, 9, 170, 'Hoyales de Roa'),
(9172, 7, 9, 172, 'Huérmeces'),
(9173, 7, 9, 173, 'Huerta de Arriba'),
(9174, 7, 9, 174, 'Huerta de Rey'),
(9175, 7, 9, 175, 'Humada'),
(9176, 7, 9, 176, 'Hurones'),
(9177, 7, 9, 177, 'Ibeas de Juarros'),
(9178, 7, 9, 178, 'Ibrillos'),
(9179, 7, 9, 179, 'Iglesiarrubia'),
(9180, 7, 9, 180, 'Iglesias'),
(9181, 7, 9, 181, 'Isar'),
(9182, 7, 9, 182, 'Itero del Castillo'),
(9183, 7, 9, 183, 'Jaramillo de la Fuente'),
(9184, 7, 9, 184, 'Jaramillo Quemado'),
(9189, 7, 9, 189, 'Junta de Traslaloma'),
(9190, 7, 9, 190, 'Junta de Villalba de Losa'),
(9191, 7, 9, 191, 'Jurisdicción de Lara'),
(9192, 7, 9, 192, 'Jurisdicción de San Zadornil'),
(9194, 7, 9, 194, 'Lerma'),
(9195, 7, 9, 195, 'Llano de Bureba'),
(9196, 7, 9, 196, 'Madrigal del Monte'),
(9197, 7, 9, 197, 'Madrigalejo del Monte'),
(9198, 7, 9, 198, 'Mahamud'),
(9199, 7, 9, 199, 'Mambrilla de Castrejón'),
(9200, 7, 9, 200, 'Mambrillas de Lara'),
(9201, 7, 9, 201, 'Mamolar'),
(9202, 7, 9, 202, 'Manciles'),
(9206, 7, 9, 206, 'Mazuela'),
(9208, 7, 9, 208, 'Mecerreyes'),
(9209, 7, 9, 209, 'Medina de Pomar'),
(9211, 7, 9, 211, 'Melgar de Fernamental'),
(9213, 7, 9, 213, 'Merindad de Cuesta-Urria'),
(9214, 7, 9, 214, 'Merindad de Montija'),
(9215, 7, 9, 215, 'Merindad de Sotoscueva'),
(9216, 7, 9, 216, 'Merindad de Valdeporres'),
(9217, 7, 9, 217, 'Merindad de Valdivielso'),
(9218, 7, 9, 218, 'Milagros'),
(9219, 7, 9, 219, 'Miranda de Ebro'),
(9220, 7, 9, 220, 'Miraveche'),
(9221, 7, 9, 221, 'Modúbar de la Emparedada'),
(9223, 7, 9, 223, 'Monasterio de la Sierra'),
(9224, 7, 9, 224, 'Monasterio de Rodilla'),
(9225, 7, 9, 225, 'Moncalvillo'),
(9226, 7, 9, 226, 'Monterrubio de la Demanda'),
(9227, 7, 9, 227, 'Montorio'),
(9228, 7, 9, 228, 'Moradillo de Roa'),
(9229, 7, 9, 229, 'Nava de Roa'),
(9230, 7, 9, 230, 'Navas de Bureba'),
(9231, 7, 9, 231, 'Nebreda'),
(9232, 7, 9, 232, 'Neila'),
(9235, 7, 9, 235, 'Olmedillo de Roa'),
(9236, 7, 9, 236, 'Olmillos de Muñó'),
(9238, 7, 9, 238, 'Oña'),
(9239, 7, 9, 239, 'Oquillas'),
(9241, 7, 9, 241, 'Orbaneja Riopico'),
(9242, 7, 9, 242, 'Padilla de Abajo'),
(9243, 7, 9, 243, 'Padilla de Arriba'),
(9244, 7, 9, 244, 'Padrones de Bureba'),
(9246, 7, 9, 246, 'Palacios de la Sierra'),
(9247, 7, 9, 247, 'Palacios de Riopisuerga'),
(9248, 7, 9, 248, 'Palazuelos de la Sierra'),
(9249, 7, 9, 249, 'Palazuelos de Muñó'),
(9250, 7, 9, 250, 'Pampliega'),
(9251, 7, 9, 251, 'Pancorbo'),
(9253, 7, 9, 253, 'Pardilla'),
(9255, 7, 9, 255, 'Partido de la Sierra en Tobalina'),
(9256, 7, 9, 256, 'Pedrosa de Duero'),
(9257, 7, 9, 257, 'Pedrosa del Páramo'),
(9258, 7, 9, 258, 'Pedrosa del Príncipe'),
(9259, 7, 9, 259, 'Pedrosa de Río Úrbel'),
(9261, 7, 9, 261, 'Peñaranda de Duero'),
(9262, 7, 9, 262, 'Peral de Arlanza'),
(9265, 7, 9, 265, 'Piérnigas'),
(9266, 7, 9, 266, 'Pineda de la Sierra'),
(9267, 7, 9, 267, 'Pineda Trasmonte'),
(9268, 7, 9, 268, 'Pinilla de los Barruecos'),
(9269, 7, 9, 269, 'Pinilla de los Moros'),
(9270, 7, 9, 270, 'Pinilla Trasmonte'),
(9272, 7, 9, 272, 'Poza de la Sal'),
(9273, 7, 9, 273, 'Prádanos de Bureba'),
(9274, 7, 9, 274, 'Pradoluengo'),
(9275, 7, 9, 275, 'Presencio'),
(9276, 7, 9, 276, 'Puebla de Arganzón, La'),
(9277, 7, 9, 277, 'Puentedura'),
(9279, 7, 9, 279, 'Quemada'),
(9280, 7, 9, 280, 'Quintanabureba'),
(9281, 7, 9, 281, 'Quintana del Pidio'),
(9283, 7, 9, 283, 'Quintanaélez'),
(9287, 7, 9, 287, 'Quintanaortuño'),
(9288, 7, 9, 288, 'Quintanapalla'),
(9289, 7, 9, 289, 'Quintanar de la Sierra'),
(9292, 7, 9, 292, 'Quintanavides'),
(9294, 7, 9, 294, 'Quintanilla de la Mata'),
(9295, 7, 9, 295, 'Quintanilla del Coco'),
(9297, 7, 9, 297, 'Quintanillas, Las'),
(9298, 7, 9, 298, 'Quintanilla San García'),
(9301, 7, 9, 301, 'Quintanilla Vivar'),
(9302, 7, 9, 302, 'Rabanera del Pinar'),
(9303, 7, 9, 303, 'Rábanos'),
(9304, 7, 9, 304, 'Rabé de las Calzadas'),
(9306, 7, 9, 306, 'Rebolledo de la Torre'),
(9307, 7, 9, 307, 'Redecilla del Camino'),
(9308, 7, 9, 308, 'Redecilla del Campo'),
(9309, 7, 9, 309, 'Regumiel de la Sierra'),
(9310, 7, 9, 310, 'Reinoso'),
(9311, 7, 9, 311, 'Retuerta'),
(9312, 7, 9, 312, 'Revilla y Ahedo, La'),
(9314, 7, 9, 314, 'Revilla del Campo'),
(9315, 7, 9, 315, 'Revillarruz'),
(9316, 7, 9, 316, 'Revilla Vallejera'),
(9317, 7, 9, 317, 'Rezmondo'),
(9318, 7, 9, 318, 'Riocavado de la Sierra'),
(9321, 7, 9, 321, 'Roa'),
(9323, 7, 9, 323, 'Rojas'),
(9325, 7, 9, 325, 'Royuela de Río Franco'),
(9326, 7, 9, 326, 'Rubena'),
(9327, 7, 9, 327, 'Rublacedo de Abajo'),
(9328, 7, 9, 328, 'Rucandio'),
(9329, 7, 9, 329, 'Salas de Bureba'),
(9330, 7, 9, 330, 'Salas de los Infantes'),
(9332, 7, 9, 332, 'Saldaña de Burgos'),
(9334, 7, 9, 334, 'Salinillas de Bureba'),
(9335, 7, 9, 335, 'San Adrián de Juarros'),
(9337, 7, 9, 337, 'San Juan del Monte'),
(9338, 7, 9, 338, 'San Mamés de Burgos'),
(9339, 7, 9, 339, 'San Martín de Rubiales'),
(9340, 7, 9, 340, 'San Millán de Lara'),
(9343, 7, 9, 343, 'Santa Cecilia'),
(9345, 7, 9, 345, 'Santa Cruz de la Salceda'),
(9346, 7, 9, 346, 'Santa Cruz del Valle Urbión'),
(9347, 7, 9, 347, 'Santa Gadea del Cid'),
(9348, 7, 9, 348, 'Santa Inés'),
(9350, 7, 9, 350, 'Santa María del Campo'),
(9351, 7, 9, 351, 'Santa María del Invierno'),
(9352, 7, 9, 352, 'Santa María del Mercadillo'),
(9353, 7, 9, 353, 'Santa María Rivarredonda'),
(9354, 7, 9, 354, 'Santa Olalla de Bureba'),
(9355, 7, 9, 355, 'Santibáñez de Esgueva'),
(9356, 7, 9, 356, 'Santibáñez del Val'),
(9358, 7, 9, 358, 'Santo Domingo de Silos'),
(9360, 7, 9, 360, 'San Vicente del Valle'),
(9361, 7, 9, 361, 'Sargentes de la Lora'),
(9362, 7, 9, 362, 'Sarracín'),
(9363, 7, 9, 363, 'Sasamón'),
(9365, 7, 9, 365, 'Sequera de Haza, La'),
(9366, 7, 9, 366, 'Solarana'),
(9368, 7, 9, 368, 'Sordillos'),
(9369, 7, 9, 369, 'Sotillo de la Ribera'),
(9372, 7, 9, 372, 'Sotragero'),
(9373, 7, 9, 373, 'Sotresgudo'),
(9374, 7, 9, 374, 'Susinos del Páramo');
INSERT INTO `municipio` (`id`, `id_comunidad_autonoma`, `id_provincia`, `id_municipio`, `nombre`) VALUES
(9375, 7, 9, 375, 'Tamarón'),
(9377, 7, 9, 377, 'Tardajos'),
(9378, 7, 9, 378, 'Tejada'),
(9380, 7, 9, 380, 'Terradillos de Esgueva'),
(9381, 7, 9, 381, 'Tinieblas de la Sierra'),
(9382, 7, 9, 382, 'Tobar'),
(9384, 7, 9, 384, 'Tordómar'),
(9386, 7, 9, 386, 'Torrecilla del Monte'),
(9387, 7, 9, 387, 'Torregalindo'),
(9388, 7, 9, 388, 'Torrelara'),
(9389, 7, 9, 389, 'Torrepadre'),
(9390, 7, 9, 390, 'Torresandino'),
(9391, 7, 9, 391, 'Tórtoles de Esgueva'),
(9392, 7, 9, 392, 'Tosantos'),
(9394, 7, 9, 394, 'Trespaderne'),
(9395, 7, 9, 395, 'Tubilla del Agua'),
(9396, 7, 9, 396, 'Tubilla del Lago'),
(9398, 7, 9, 398, 'Úrbel del Castillo'),
(9400, 7, 9, 400, 'Vadocondes'),
(9403, 7, 9, 403, 'Valdeande'),
(9405, 7, 9, 405, 'Valdezate'),
(9406, 7, 9, 406, 'Valdorros'),
(9407, 7, 9, 407, 'Valmala'),
(9408, 7, 9, 408, 'Vallarta de Bureba'),
(9409, 7, 9, 409, 'Valle de Manzanedo'),
(9410, 7, 9, 410, 'Valle de Mena'),
(9411, 7, 9, 411, 'Valle de Oca'),
(9412, 7, 9, 412, 'Valle de Tobalina'),
(9413, 7, 9, 413, 'Valle de Valdebezana'),
(9414, 7, 9, 414, 'Valle de Valdelaguna'),
(9415, 7, 9, 415, 'Valle de Valdelucio'),
(9416, 7, 9, 416, 'Valle de Zamanzas'),
(9417, 7, 9, 417, 'Vallejera'),
(9418, 7, 9, 418, 'Valles de Palenzuela'),
(9419, 7, 9, 419, 'Valluércanes'),
(9421, 7, 9, 421, 'Vid y Barrios, La'),
(9422, 7, 9, 422, 'Vid de Bureba, La'),
(9423, 7, 9, 423, 'Vileña'),
(9424, 7, 9, 424, 'Viloria de Rioja'),
(9425, 7, 9, 425, 'Vilviestre del Pinar'),
(9427, 7, 9, 427, 'Villadiego'),
(9428, 7, 9, 428, 'Villaescusa de Roa'),
(9429, 7, 9, 429, 'Villaescusa la Sombría'),
(9430, 7, 9, 430, 'Villaespasa'),
(9431, 7, 9, 431, 'Villafranca Montes de Oca'),
(9432, 7, 9, 432, 'Villafruela'),
(9433, 7, 9, 433, 'Villagalijo'),
(9434, 7, 9, 434, 'Villagonzalo Pedernales'),
(9437, 7, 9, 437, 'Villahoz'),
(9438, 7, 9, 438, 'Villalba de Duero'),
(9439, 7, 9, 439, 'Villalbilla de Burgos'),
(9440, 7, 9, 440, 'Villalbilla de Gumiel'),
(9441, 7, 9, 441, 'Villaldemiro'),
(9442, 7, 9, 442, 'Villalmanzo'),
(9443, 7, 9, 443, 'Villamayor de los Montes'),
(9444, 7, 9, 444, 'Villamayor de Treviño'),
(9445, 7, 9, 445, 'Villambistia'),
(9446, 7, 9, 446, 'Villamedianilla'),
(9447, 7, 9, 447, 'Villamiel de la Sierra'),
(9448, 7, 9, 448, 'Villangómez'),
(9449, 7, 9, 449, 'Villanueva de Argaño'),
(9450, 7, 9, 450, 'Villanueva de Carazo'),
(9451, 7, 9, 451, 'Villanueva de Gumiel'),
(9454, 7, 9, 454, 'Villanueva de Teba'),
(9455, 7, 9, 455, 'Villaquirán de la Puebla'),
(9456, 7, 9, 456, 'Villaquirán de los Infantes'),
(9458, 7, 9, 458, 'Villariezo'),
(9460, 7, 9, 460, 'Villasandino'),
(9463, 7, 9, 463, 'Villasur de Herreros'),
(9464, 7, 9, 464, 'Villatuelda'),
(9466, 7, 9, 466, 'Villaverde del Monte'),
(9467, 7, 9, 467, 'Villaverde-Mogina'),
(9471, 7, 9, 471, 'Villayerno Morquillas'),
(9472, 7, 9, 472, 'Villazopeque'),
(9473, 7, 9, 473, 'Villegas'),
(9476, 7, 9, 476, 'Villoruebo'),
(9478, 7, 9, 478, 'Vizcaínos'),
(9480, 7, 9, 480, 'Zael'),
(9482, 7, 9, 482, 'Zarzosa de Río Pisuerga'),
(9483, 7, 9, 483, 'Zazuar'),
(9485, 7, 9, 485, 'Zuñeda'),
(9901, 7, 9, 901, 'Quintanilla del Agua y Tordueles'),
(9902, 7, 9, 902, 'Valle de Santibáñez'),
(9903, 7, 9, 903, 'Villarcayo de Merindad de Castilla la Vieja'),
(9904, 7, 9, 904, 'Valle de las Navas'),
(9905, 7, 9, 905, 'Valle de Sedano'),
(9906, 7, 9, 906, 'Merindad de Río Ubierna'),
(9907, 7, 9, 907, 'Alfoz de Quintanadueñas'),
(9908, 7, 9, 908, 'Valle de Losa'),
(10000, 11, 10, 0, 'Provincia de  Cáceres'),
(10001, 11, 10, 1, 'Abadía'),
(10002, 11, 10, 2, 'Abertura'),
(10003, 11, 10, 3, 'Acebo'),
(10004, 11, 10, 4, 'Acehúche'),
(10005, 11, 10, 5, 'Aceituna'),
(10006, 11, 10, 6, 'Ahigal'),
(10007, 11, 10, 7, 'Albalá'),
(10008, 11, 10, 8, 'Alcántara'),
(10009, 11, 10, 9, 'Alcollarín'),
(10010, 11, 10, 10, 'Alcuéscar'),
(10011, 11, 10, 11, 'Aldeacentenera'),
(10012, 11, 10, 12, 'Aldea del Cano'),
(10013, 11, 10, 13, 'Aldea del Obispo, La'),
(10014, 11, 10, 14, 'Aldeanueva de la Vera'),
(10015, 11, 10, 15, 'Aldeanueva del Camino'),
(10016, 11, 10, 16, 'Aldehuela de Jerte'),
(10017, 11, 10, 17, 'Alía'),
(10018, 11, 10, 18, 'Aliseda'),
(10019, 11, 10, 19, 'Almaraz'),
(10020, 11, 10, 20, 'Almoharín'),
(10021, 11, 10, 21, 'Arroyo de la Luz'),
(10022, 11, 10, 22, 'Arroyomolinos de la Vera'),
(10023, 11, 10, 23, 'Arroyomolinos'),
(10024, 11, 10, 24, 'Baños de Montemayor'),
(10025, 11, 10, 25, 'Barrado'),
(10026, 11, 10, 26, 'Belvís de Monroy'),
(10027, 11, 10, 27, 'Benquerencia'),
(10028, 11, 10, 28, 'Berrocalejo'),
(10029, 11, 10, 29, 'Berzocana'),
(10030, 11, 10, 30, 'Bohonal de Ibor'),
(10031, 11, 10, 31, 'Botija'),
(10032, 11, 10, 32, 'Brozas'),
(10033, 11, 10, 33, 'Cabañas del Castillo'),
(10034, 11, 10, 34, 'Cabezabellosa'),
(10035, 11, 10, 35, 'Cabezuela del Valle'),
(10036, 11, 10, 36, 'Cabrero'),
(10037, 11, 10, 37, 'Cáceres'),
(10038, 11, 10, 38, 'Cachorrilla'),
(10039, 11, 10, 39, 'Cadalso'),
(10040, 11, 10, 40, 'Calzadilla'),
(10041, 11, 10, 41, 'Caminomorisco'),
(10042, 11, 10, 42, 'Campillo de Deleitosa'),
(10043, 11, 10, 43, 'Campo Lugar'),
(10044, 11, 10, 44, 'Cañamero'),
(10045, 11, 10, 45, 'Cañaveral'),
(10046, 11, 10, 46, 'Carbajo'),
(10047, 11, 10, 47, 'Carcaboso'),
(10048, 11, 10, 48, 'Carrascalejo'),
(10049, 11, 10, 49, 'Casar de Cáceres'),
(10050, 11, 10, 50, 'Casar de Palomero'),
(10051, 11, 10, 51, 'Casares de las Hurdes'),
(10052, 11, 10, 52, 'Casas de Don Antonio'),
(10053, 11, 10, 53, 'Casas de Don Gómez'),
(10054, 11, 10, 54, 'Casas del Castañar'),
(10055, 11, 10, 55, 'Casas del Monte'),
(10056, 11, 10, 56, 'Casas de Millán'),
(10057, 11, 10, 57, 'Casas de Miravete'),
(10058, 11, 10, 58, 'Casatejada'),
(10059, 11, 10, 59, 'Casillas de Coria'),
(10060, 11, 10, 60, 'Castañar de Ibor'),
(10061, 11, 10, 61, 'Ceclavín'),
(10062, 11, 10, 62, 'Cedillo'),
(10063, 11, 10, 63, 'Cerezo'),
(10064, 11, 10, 64, 'Cilleros'),
(10065, 11, 10, 65, 'Collado de la Vera'),
(10066, 11, 10, 66, 'Conquista de la Sierra'),
(10067, 11, 10, 67, 'Coria'),
(10068, 11, 10, 68, 'Cuacos de Yuste'),
(10069, 11, 10, 69, 'Cumbre, La'),
(10070, 11, 10, 70, 'Deleitosa'),
(10071, 11, 10, 71, 'Descargamaría'),
(10072, 11, 10, 72, 'Eljas'),
(10073, 11, 10, 73, 'Escurial'),
(10075, 11, 10, 75, 'Fresnedoso de Ibor'),
(10076, 11, 10, 76, 'Galisteo'),
(10077, 11, 10, 77, 'Garciaz'),
(10078, 11, 10, 78, 'Garganta, La'),
(10079, 11, 10, 79, 'Garganta la Olla'),
(10080, 11, 10, 80, 'Gargantilla'),
(10081, 11, 10, 81, 'Gargüera'),
(10082, 11, 10, 82, 'Garrovillas de Alconétar'),
(10083, 11, 10, 83, 'Garvín'),
(10084, 11, 10, 84, 'Gata'),
(10085, 11, 10, 85, 'Gordo, El'),
(10086, 11, 10, 86, 'Granja, La'),
(10087, 11, 10, 87, 'Guadalupe'),
(10088, 11, 10, 88, 'Guijo de Coria'),
(10089, 11, 10, 89, 'Guijo de Galisteo'),
(10090, 11, 10, 90, 'Guijo de Granadilla'),
(10091, 11, 10, 91, 'Guijo de Santa Bárbara'),
(10092, 11, 10, 92, 'Herguijuela'),
(10093, 11, 10, 93, 'Hernán-Pérez'),
(10094, 11, 10, 94, 'Herrera de Alcántara'),
(10095, 11, 10, 95, 'Herreruela'),
(10096, 11, 10, 96, 'Hervás'),
(10097, 11, 10, 97, 'Higuera'),
(10098, 11, 10, 98, 'Hinojal'),
(10099, 11, 10, 99, 'Holguera'),
(10100, 11, 10, 100, 'Hoyos'),
(10101, 11, 10, 101, 'Huélaga'),
(10102, 11, 10, 102, 'Ibahernando'),
(10103, 11, 10, 103, 'Jaraicejo'),
(10104, 11, 10, 104, 'Jaraíz de la Vera'),
(10105, 11, 10, 105, 'Jarandilla de la Vera'),
(10106, 11, 10, 106, 'Jarilla'),
(10107, 11, 10, 107, 'Jerte'),
(10108, 11, 10, 108, 'Ladrillar'),
(10109, 11, 10, 109, 'Logrosán'),
(10110, 11, 10, 110, 'Losar de la Vera'),
(10111, 11, 10, 111, 'Madrigal de la Vera'),
(10112, 11, 10, 112, 'Madrigalejo'),
(10113, 11, 10, 113, 'Madroñera'),
(10114, 11, 10, 114, 'Majadas'),
(10115, 11, 10, 115, 'Malpartida de Cáceres'),
(10116, 11, 10, 116, 'Malpartida de Plasencia'),
(10117, 11, 10, 117, 'Marchagaz'),
(10118, 11, 10, 118, 'Mata de Alcántara'),
(10119, 11, 10, 119, 'Membrío'),
(10120, 11, 10, 120, 'Mesas de Ibor'),
(10121, 11, 10, 121, 'Miajadas'),
(10122, 11, 10, 122, 'Millanes'),
(10123, 11, 10, 123, 'Mirabel'),
(10124, 11, 10, 124, 'Mohedas de Granadilla'),
(10125, 11, 10, 125, 'Monroy'),
(10126, 11, 10, 126, 'Montánchez'),
(10127, 11, 10, 127, 'Montehermoso'),
(10128, 11, 10, 128, 'Moraleja'),
(10129, 11, 10, 129, 'Morcillo'),
(10130, 11, 10, 130, 'Navaconcejo'),
(10131, 11, 10, 131, 'Navalmoral de la Mata'),
(10132, 11, 10, 132, 'Navalvillar de Ibor'),
(10133, 11, 10, 133, 'Navas del Madroño'),
(10134, 11, 10, 134, 'Navezuelas'),
(10135, 11, 10, 135, 'Nuñomoral'),
(10136, 11, 10, 136, 'Oliva de Plasencia'),
(10137, 11, 10, 137, 'Palomero'),
(10138, 11, 10, 138, 'Pasarón de la Vera'),
(10139, 11, 10, 139, 'Pedroso de Acim'),
(10140, 11, 10, 140, 'Peraleda de la Mata'),
(10141, 11, 10, 141, 'Peraleda de San Román'),
(10142, 11, 10, 142, 'Perales del Puerto'),
(10143, 11, 10, 143, 'Pescueza'),
(10144, 11, 10, 144, 'Pesga, La'),
(10145, 11, 10, 145, 'Piedras Albas'),
(10146, 11, 10, 146, 'Pinofranqueado'),
(10147, 11, 10, 147, 'Piornal'),
(10148, 11, 10, 148, 'Plasencia'),
(10149, 11, 10, 149, 'Plasenzuela'),
(10150, 11, 10, 150, 'Portaje'),
(10151, 11, 10, 151, 'Portezuelo'),
(10152, 11, 10, 152, 'Pozuelo de Zarzón'),
(10153, 11, 10, 153, 'Puerto de Santa Cruz'),
(10154, 11, 10, 154, 'Rebollar'),
(10155, 11, 10, 155, 'Riolobos'),
(10156, 11, 10, 156, 'Robledillo de Gata'),
(10157, 11, 10, 157, 'Robledillo de la Vera'),
(10158, 11, 10, 158, 'Robledillo de Trujillo'),
(10159, 11, 10, 159, 'Robledollano'),
(10160, 11, 10, 160, 'Romangordo'),
(10161, 11, 10, 161, 'Ruanes'),
(10162, 11, 10, 162, 'Salorino'),
(10163, 11, 10, 163, 'Salvatierra de Santiago'),
(10164, 11, 10, 164, 'San Martín de Trevejo'),
(10165, 11, 10, 165, 'Santa Ana'),
(10166, 11, 10, 166, 'Santa Cruz de la Sierra'),
(10167, 11, 10, 167, 'Santa Cruz de Paniagua'),
(10168, 11, 10, 168, 'Santa Marta de Magasca'),
(10169, 11, 10, 169, 'Santiago de Alcántara'),
(10170, 11, 10, 170, 'Santiago del Campo'),
(10171, 11, 10, 171, 'Santibáñez el Alto'),
(10172, 11, 10, 172, 'Santibáñez el Bajo'),
(10173, 11, 10, 173, 'Saucedilla'),
(10174, 11, 10, 174, 'Segura de Toro'),
(10175, 11, 10, 175, 'Serradilla'),
(10176, 11, 10, 176, 'Serrejón'),
(10177, 11, 10, 177, 'Sierra de Fuentes'),
(10178, 11, 10, 178, 'Talaván'),
(10179, 11, 10, 179, 'Talaveruela de la Vera'),
(10180, 11, 10, 180, 'Talayuela'),
(10181, 11, 10, 181, 'Tejeda de Tiétar'),
(10182, 11, 10, 182, 'Toril'),
(10183, 11, 10, 183, 'Tornavacas'),
(10184, 11, 10, 184, 'Torno, El'),
(10185, 11, 10, 185, 'Torrecilla de los Ángeles'),
(10186, 11, 10, 186, 'Torrecillas de la Tiesa'),
(10187, 11, 10, 187, 'Torre de Don Miguel'),
(10188, 11, 10, 188, 'Torre de Santa María'),
(10189, 11, 10, 189, 'Torrejoncillo'),
(10190, 11, 10, 190, 'Torrejón el Rubio'),
(10191, 11, 10, 191, 'Torremenga'),
(10192, 11, 10, 192, 'Torremocha'),
(10193, 11, 10, 193, 'Torreorgaz'),
(10194, 11, 10, 194, 'Torrequemada'),
(10195, 11, 10, 195, 'Trujillo'),
(10196, 11, 10, 196, 'Valdastillas'),
(10197, 11, 10, 197, 'Valdecañas de Tajo'),
(10198, 11, 10, 198, 'Valdefuentes'),
(10199, 11, 10, 199, 'Valdehúncar'),
(10200, 11, 10, 200, 'Valdelacasa de Tajo'),
(10201, 11, 10, 201, 'Valdemorales'),
(10202, 11, 10, 202, 'Valdeobispo'),
(10203, 11, 10, 203, 'Valencia de Alcántara'),
(10204, 11, 10, 204, 'Valverde de la Vera'),
(10205, 11, 10, 205, 'Valverde del Fresno'),
(10206, 11, 10, 206, 'Viandar de la Vera'),
(10207, 11, 10, 207, 'Villa del Campo'),
(10208, 11, 10, 208, 'Villa del Rey'),
(10209, 11, 10, 209, 'Villamesías'),
(10210, 11, 10, 210, 'Villamiel'),
(10211, 11, 10, 211, 'Villanueva de la Sierra'),
(10212, 11, 10, 212, 'Villanueva de la Vera'),
(10213, 11, 10, 213, 'Villar del Pedroso'),
(10214, 11, 10, 214, 'Villar de Plasencia'),
(10215, 11, 10, 215, 'Villasbuenas de Gata'),
(10216, 11, 10, 216, 'Zarza de Granadilla'),
(10217, 11, 10, 217, 'Zarza de Montánchez'),
(10218, 11, 10, 218, 'Zarza la Mayor'),
(10219, 11, 10, 219, 'Zorita'),
(10901, 11, 10, 901, 'Rosalejo'),
(10902, 11, 10, 902, 'Vegaviana'),
(10903, 11, 10, 903, 'Alagón del Río'),
(10904, 11, 10, 904, 'Tiétar'),
(10905, 11, 10, 905, 'Pueblonuevo de Miramontes'),
(11000, 1, 11, 0, 'Provincia de  Cádiz'),
(11001, 1, 11, 1, 'Alcalá de los Gazules'),
(11002, 1, 11, 2, 'Alcalá del Valle'),
(11003, 1, 11, 3, 'Algar'),
(11004, 1, 11, 4, 'Algeciras'),
(11005, 1, 11, 5, 'Algodonales'),
(11006, 1, 11, 6, 'Arcos de la Frontera'),
(11007, 1, 11, 7, 'Barbate'),
(11008, 1, 11, 8, 'Barrios, Los'),
(11009, 1, 11, 9, 'Benaocaz'),
(11010, 1, 11, 10, 'Bornos'),
(11011, 1, 11, 11, 'Bosque, El'),
(11012, 1, 11, 12, 'Cádiz'),
(11013, 1, 11, 13, 'Castellar de la Frontera'),
(11014, 1, 11, 14, 'Conil de la Frontera'),
(11015, 1, 11, 15, 'Chiclana de la Frontera'),
(11016, 1, 11, 16, 'Chipiona'),
(11017, 1, 11, 17, 'Espera'),
(11018, 1, 11, 18, 'Gastor, El'),
(11019, 1, 11, 19, 'Grazalema'),
(11020, 1, 11, 20, 'Jerez de la Frontera'),
(11021, 1, 11, 21, 'Jimena de la Frontera'),
(11022, 1, 11, 22, 'Línea de la Concepción, La'),
(11023, 1, 11, 23, 'Medina Sidonia'),
(11024, 1, 11, 24, 'Olvera'),
(11025, 1, 11, 25, 'Paterna de Rivera'),
(11026, 1, 11, 26, 'Prado del Rey'),
(11027, 1, 11, 27, 'Puerto de Santa María, El'),
(11028, 1, 11, 28, 'Puerto Real'),
(11029, 1, 11, 29, 'Puerto Serrano'),
(11030, 1, 11, 30, 'Rota'),
(11031, 1, 11, 31, 'San Fernando'),
(11032, 1, 11, 32, 'Sanlúcar de Barrameda'),
(11033, 1, 11, 33, 'San Roque'),
(11034, 1, 11, 34, 'Setenil de las Bodegas'),
(11035, 1, 11, 35, 'Tarifa'),
(11036, 1, 11, 36, 'Torre Alháquime'),
(11037, 1, 11, 37, 'Trebujena'),
(11038, 1, 11, 38, 'Ubrique'),
(11039, 1, 11, 39, 'Vejer de la Frontera'),
(11040, 1, 11, 40, 'Villaluenga del Rosario'),
(11041, 1, 11, 41, 'Villamartín'),
(11042, 1, 11, 42, 'Zahara'),
(11901, 1, 11, 901, 'Benalup-Casas Viejas'),
(11902, 1, 11, 902, 'San José del Valle'),
(11903, 1, 11, 903, 'San Martín del Tesorillo'),
(12000, 10, 12, 0, 'Provincia de  Castellón/Castelló'),
(12001, 10, 12, 1, 'Atzeneta del Maestrat'),
(12002, 10, 12, 2, 'Aín'),
(12003, 10, 12, 3, 'Albocàsser'),
(12004, 10, 12, 4, 'Alcalà de Xivert'),
(12005, 10, 12, 5, 'Alcora, l'''),
(12006, 10, 12, 6, 'Alcudia de Veo'),
(12007, 10, 12, 7, 'Alfondeguilla'),
(12008, 10, 12, 8, 'Algimia de Almonacid'),
(12009, 10, 12, 9, 'Almassora'),
(12010, 10, 12, 10, 'Almedíjar'),
(12011, 10, 12, 11, 'Almenara'),
(12012, 10, 12, 12, 'Altura'),
(12013, 10, 12, 13, 'Arañuel'),
(12014, 10, 12, 14, 'Ares del Maestrat'),
(12015, 10, 12, 15, 'Argelita'),
(12016, 10, 12, 16, 'Artana'),
(12017, 10, 12, 17, 'Ayódar'),
(12018, 10, 12, 18, 'Azuébar'),
(12020, 10, 12, 20, 'Barracas'),
(12021, 10, 12, 21, 'Betxí'),
(12022, 10, 12, 22, 'Bejís'),
(12024, 10, 12, 24, 'Benafer'),
(12025, 10, 12, 25, 'Benafigos'),
(12026, 10, 12, 26, 'Benassal'),
(12027, 10, 12, 27, 'Benicarló'),
(12028, 10, 12, 28, 'Benicasim/Benicàssim'),
(12029, 10, 12, 29, 'Benlloc'),
(12031, 10, 12, 31, 'Borriol'),
(12032, 10, 12, 32, 'Borriana/Burriana'),
(12033, 10, 12, 33, 'Cabanes'),
(12034, 10, 12, 34, 'Càlig'),
(12036, 10, 12, 36, 'Canet lo Roig'),
(12037, 10, 12, 37, 'Castell de Cabres'),
(12038, 10, 12, 38, 'Castellfort'),
(12039, 10, 12, 39, 'Castellnovo'),
(12040, 10, 12, 40, 'Castellón de la Plana/Castelló de la Plana'),
(12041, 10, 12, 41, 'Castillo de Villamalefa'),
(12042, 10, 12, 42, 'Catí'),
(12043, 10, 12, 43, 'Caudiel'),
(12044, 10, 12, 44, 'Cervera del Maestre'),
(12045, 10, 12, 45, 'Cinctorres'),
(12046, 10, 12, 46, 'Cirat'),
(12048, 10, 12, 48, 'Cortes de Arenoso'),
(12049, 10, 12, 49, 'Costur'),
(12050, 10, 12, 50, 'Coves de Vinromà, les'),
(12051, 10, 12, 51, 'Culla'),
(12052, 10, 12, 52, 'Xert'),
(12053, 10, 12, 53, 'Chilches/Xilxes'),
(12055, 10, 12, 55, 'Chodos/Xodos'),
(12056, 10, 12, 56, 'Chóvar'),
(12057, 10, 12, 57, 'Eslida'),
(12058, 10, 12, 58, 'Espadilla'),
(12059, 10, 12, 59, 'Fanzara'),
(12060, 10, 12, 60, 'Figueroles'),
(12061, 10, 12, 61, 'Forcall'),
(12063, 10, 12, 63, 'Fuente la Reina'),
(12064, 10, 12, 64, 'Fuentes de Ayódar'),
(12065, 10, 12, 65, 'Gaibiel'),
(12067, 10, 12, 67, 'Geldo'),
(12068, 10, 12, 68, 'Herbés'),
(12069, 10, 12, 69, 'Higueras'),
(12070, 10, 12, 70, 'Jana, la'),
(12071, 10, 12, 71, 'Jérica'),
(12072, 10, 12, 72, 'Llucena/Lucena del Cid'),
(12073, 10, 12, 73, 'Ludiente'),
(12074, 10, 12, 74, 'Llosa, la'),
(12075, 10, 12, 75, 'Mata de Morella, la'),
(12076, 10, 12, 76, 'Matet'),
(12077, 10, 12, 77, 'Moncofa'),
(12078, 10, 12, 78, 'Montán'),
(12079, 10, 12, 79, 'Montanejos'),
(12080, 10, 12, 80, 'Morella'),
(12081, 10, 12, 81, 'Navajas'),
(12082, 10, 12, 82, 'Nules'),
(12083, 10, 12, 83, 'Olocau del Rey'),
(12084, 10, 12, 84, 'Onda'),
(12085, 10, 12, 85, 'Oropesa del Mar/Orpesa'),
(12087, 10, 12, 87, 'Palanques'),
(12088, 10, 12, 88, 'Pavías'),
(12089, 10, 12, 89, 'Peníscola/Peñíscola'),
(12090, 10, 12, 90, 'Pina de Montalgrao'),
(12091, 10, 12, 91, 'Portell de Morella'),
(12092, 10, 12, 92, 'Puebla de Arenoso'),
(12093, 10, 12, 93, 'Pobla de Benifassà, la'),
(12094, 10, 12, 94, 'Pobla Tornesa, la'),
(12095, 10, 12, 95, 'Ribesalbes'),
(12096, 10, 12, 96, 'Rossell'),
(12097, 10, 12, 97, 'Sacañet'),
(12098, 10, 12, 98, 'Salzadella, la'),
(12099, 10, 12, 99, 'Sant Jordi/San Jorge'),
(12100, 10, 12, 100, 'Sant Mateu'),
(12101, 10, 12, 101, 'San Rafael del Río'),
(12102, 10, 12, 102, 'Santa Magdalena de Pulpis'),
(12103, 10, 12, 103, 'Serratella, la'),
(12104, 10, 12, 104, 'Segorbe'),
(12105, 10, 12, 105, 'Sierra Engarcerán'),
(12106, 10, 12, 106, 'Soneja'),
(12107, 10, 12, 107, 'Sot de Ferrer'),
(12108, 10, 12, 108, 'Sueras/Suera'),
(12109, 10, 12, 109, 'Tales'),
(12110, 10, 12, 110, 'Teresa'),
(12111, 10, 12, 111, 'Tírig'),
(12112, 10, 12, 112, 'Todolella'),
(12113, 10, 12, 113, 'Toga'),
(12114, 10, 12, 114, 'Torás'),
(12115, 10, 12, 115, 'Toro, El'),
(12116, 10, 12, 116, 'Torralba del Pinar'),
(12117, 10, 12, 117, 'Torreblanca'),
(12118, 10, 12, 118, 'Torrechiva'),
(12119, 10, 12, 119, 'Torre d''En Besora, la'),
(12120, 10, 12, 120, 'Torre d''en Doménec, la'),
(12121, 10, 12, 121, 'Traiguera'),
(12122, 10, 12, 122, 'Useras/Useres, les'),
(12123, 10, 12, 123, 'Vallat'),
(12124, 10, 12, 124, 'Vall d''Alba'),
(12125, 10, 12, 125, 'Vall de Almonacid'),
(12126, 10, 12, 126, 'Vall d''Uixó, la'),
(12127, 10, 12, 127, 'Vallibona'),
(12128, 10, 12, 128, 'Vilafamés'),
(12129, 10, 12, 129, 'Vilafranca/Villafranca del Cid'),
(12130, 10, 12, 130, 'Villahermosa del Río'),
(12131, 10, 12, 131, 'Villamalur'),
(12132, 10, 12, 132, 'Vilanova d''Alcolea'),
(12133, 10, 12, 133, 'Villanueva de Viver'),
(12134, 10, 12, 134, 'Vilar de Canes'),
(12135, 10, 12, 135, 'Vila-real'),
(12136, 10, 12, 136, 'Vilavella, la'),
(12137, 10, 12, 137, 'Villores'),
(12138, 10, 12, 138, 'Vinaròs'),
(12139, 10, 12, 139, 'Vistabella del Maestrat'),
(12140, 10, 12, 140, 'Viver'),
(12141, 10, 12, 141, 'Zorita del Maestrazgo'),
(12142, 10, 12, 142, 'Zucaina'),
(12901, 10, 12, 901, 'Alqueries, les/Alquerías del Niño Perdido'),
(12902, 10, 12, 902, 'Sant Joan de Moró'),
(13000, 8, 13, 0, 'Provincia de  Ciudad Real'),
(13001, 8, 13, 1, 'Abenójar'),
(13002, 8, 13, 2, 'Agudo'),
(13003, 8, 13, 3, 'Alamillo'),
(13004, 8, 13, 4, 'Albaladejo'),
(13005, 8, 13, 5, 'Alcázar de San Juan'),
(13006, 8, 13, 6, 'Alcoba'),
(13007, 8, 13, 7, 'Alcolea de Calatrava'),
(13008, 8, 13, 8, 'Alcubillas'),
(13009, 8, 13, 9, 'Aldea del Rey'),
(13010, 8, 13, 10, 'Alhambra'),
(13011, 8, 13, 11, 'Almadén'),
(13012, 8, 13, 12, 'Almadenejos'),
(13013, 8, 13, 13, 'Almagro'),
(13014, 8, 13, 14, 'Almedina'),
(13015, 8, 13, 15, 'Almodóvar del Campo'),
(13016, 8, 13, 16, 'Almuradiel'),
(13017, 8, 13, 17, 'Anchuras'),
(13018, 8, 13, 18, 'Arenas de San Juan'),
(13019, 8, 13, 19, 'Argamasilla de Alba'),
(13020, 8, 13, 20, 'Argamasilla de Calatrava'),
(13021, 8, 13, 21, 'Arroba de los Montes'),
(13022, 8, 13, 22, 'Ballesteros de Calatrava'),
(13023, 8, 13, 23, 'Bolaños de Calatrava'),
(13024, 8, 13, 24, 'Brazatortas'),
(13025, 8, 13, 25, 'Cabezarados'),
(13026, 8, 13, 26, 'Cabezarrubias del Puerto'),
(13027, 8, 13, 27, 'Calzada de Calatrava'),
(13028, 8, 13, 28, 'Campo de Criptana'),
(13029, 8, 13, 29, 'Cañada de Calatrava'),
(13030, 8, 13, 30, 'Caracuel de Calatrava'),
(13031, 8, 13, 31, 'Carrión de Calatrava'),
(13032, 8, 13, 32, 'Carrizosa'),
(13033, 8, 13, 33, 'Castellar de Santiago'),
(13034, 8, 13, 34, 'Ciudad Real'),
(13035, 8, 13, 35, 'Corral de Calatrava'),
(13036, 8, 13, 36, 'Cortijos, Los'),
(13037, 8, 13, 37, 'Cózar'),
(13038, 8, 13, 38, 'Chillón'),
(13039, 8, 13, 39, 'Daimiel'),
(13040, 8, 13, 40, 'Fernán Caballero'),
(13041, 8, 13, 41, 'Fontanarejo'),
(13042, 8, 13, 42, 'Fuencaliente'),
(13043, 8, 13, 43, 'Fuenllana'),
(13044, 8, 13, 44, 'Fuente el Fresno'),
(13045, 8, 13, 45, 'Granátula de Calatrava'),
(13046, 8, 13, 46, 'Guadalmez'),
(13047, 8, 13, 47, 'Herencia'),
(13048, 8, 13, 48, 'Hinojosas de Calatrava'),
(13049, 8, 13, 49, 'Horcajo de los Montes'),
(13050, 8, 13, 50, 'Labores, Las'),
(13051, 8, 13, 51, 'Luciana'),
(13052, 8, 13, 52, 'Malagón'),
(13053, 8, 13, 53, 'Manzanares'),
(13054, 8, 13, 54, 'Membrilla'),
(13055, 8, 13, 55, 'Mestanza'),
(13056, 8, 13, 56, 'Miguelturra'),
(13057, 8, 13, 57, 'Montiel'),
(13058, 8, 13, 58, 'Moral de Calatrava'),
(13059, 8, 13, 59, 'Navalpino'),
(13060, 8, 13, 60, 'Navas de Estena'),
(13061, 8, 13, 61, 'Pedro Muñoz'),
(13062, 8, 13, 62, 'Picón'),
(13063, 8, 13, 63, 'Piedrabuena'),
(13064, 8, 13, 64, 'Poblete'),
(13065, 8, 13, 65, 'Porzuna'),
(13066, 8, 13, 66, 'Pozuelo de Calatrava'),
(13067, 8, 13, 67, 'Pozuelos de Calatrava, Los'),
(13068, 8, 13, 68, 'Puebla de Don Rodrigo'),
(13069, 8, 13, 69, 'Puebla del Príncipe'),
(13070, 8, 13, 70, 'Puerto Lápice'),
(13071, 8, 13, 71, 'Puertollano'),
(13072, 8, 13, 72, 'Retuerta del Bullaque'),
(13073, 8, 13, 73, 'Saceruela'),
(13074, 8, 13, 74, 'San Carlos del Valle'),
(13075, 8, 13, 75, 'San Lorenzo de Calatrava'),
(13076, 8, 13, 76, 'Santa Cruz de los Cáñamos'),
(13077, 8, 13, 77, 'Santa Cruz de Mudela'),
(13078, 8, 13, 78, 'Socuéllamos'),
(13079, 8, 13, 79, 'Solana, La'),
(13080, 8, 13, 80, 'Solana del Pino'),
(13081, 8, 13, 81, 'Terrinches'),
(13082, 8, 13, 82, 'Tomelloso'),
(13083, 8, 13, 83, 'Torralba de Calatrava'),
(13084, 8, 13, 84, 'Torre de Juan Abad'),
(13085, 8, 13, 85, 'Torrenueva'),
(13086, 8, 13, 86, 'Valdemanco del Esteras'),
(13087, 8, 13, 87, 'Valdepeñas'),
(13088, 8, 13, 88, 'Valenzuela de Calatrava'),
(13089, 8, 13, 89, 'Villahermosa'),
(13090, 8, 13, 90, 'Villamanrique'),
(13091, 8, 13, 91, 'Villamayor de Calatrava'),
(13092, 8, 13, 92, 'Villanueva de la Fuente'),
(13093, 8, 13, 93, 'Villanueva de los Infantes'),
(13094, 8, 13, 94, 'Villanueva de San Carlos'),
(13095, 8, 13, 95, 'Villar del Pozo'),
(13096, 8, 13, 96, 'Villarrubia de los Ojos'),
(13097, 8, 13, 97, 'Villarta de San Juan'),
(13098, 8, 13, 98, 'Viso del Marqués'),
(13901, 8, 13, 901, 'Robledo, El'),
(13902, 8, 13, 902, 'Ruidera'),
(13903, 8, 13, 903, 'Arenales de San Gregorio'),
(13904, 8, 13, 904, 'Llanos del Caudillo'),
(14000, 1, 14, 0, 'Provincia de  Córdoba'),
(14001, 1, 14, 1, 'Adamuz'),
(14002, 1, 14, 2, 'Aguilar de la Frontera'),
(14003, 1, 14, 3, 'Alcaracejos'),
(14004, 1, 14, 4, 'Almedinilla'),
(14005, 1, 14, 5, 'Almodóvar del Río'),
(14006, 1, 14, 6, 'Añora'),
(14007, 1, 14, 7, 'Baena'),
(14008, 1, 14, 8, 'Belalcázar'),
(14009, 1, 14, 9, 'Belmez'),
(14010, 1, 14, 10, 'Benamejí'),
(14011, 1, 14, 11, 'Blázquez, Los'),
(14012, 1, 14, 12, 'Bujalance'),
(14013, 1, 14, 13, 'Cabra'),
(14014, 1, 14, 14, 'Cañete de las Torres'),
(14015, 1, 14, 15, 'Carcabuey'),
(14016, 1, 14, 16, 'Cardeña'),
(14017, 1, 14, 17, 'Carlota, La'),
(14018, 1, 14, 18, 'Carpio, El'),
(14019, 1, 14, 19, 'Castro del Río'),
(14020, 1, 14, 20, 'Conquista'),
(14021, 1, 14, 21, 'Córdoba'),
(14022, 1, 14, 22, 'Doña Mencía'),
(14023, 1, 14, 23, 'Dos Torres'),
(14024, 1, 14, 24, 'Encinas Reales'),
(14025, 1, 14, 25, 'Espejo'),
(14026, 1, 14, 26, 'Espiel'),
(14027, 1, 14, 27, 'Fernán-Núñez'),
(14028, 1, 14, 28, 'Fuente la Lancha'),
(14029, 1, 14, 29, 'Fuente Obejuna'),
(14030, 1, 14, 30, 'Fuente Palmera'),
(14031, 1, 14, 31, 'Fuente-Tójar'),
(14032, 1, 14, 32, 'Granjuela, La'),
(14033, 1, 14, 33, 'Guadalcázar'),
(14034, 1, 14, 34, 'Guijo, El'),
(14035, 1, 14, 35, 'Hinojosa del Duque'),
(14036, 1, 14, 36, 'Hornachuelos'),
(14037, 1, 14, 37, 'Iznájar'),
(14038, 1, 14, 38, 'Lucena'),
(14039, 1, 14, 39, 'Luque'),
(14040, 1, 14, 40, 'Montalbán de Córdoba'),
(14041, 1, 14, 41, 'Montemayor'),
(14042, 1, 14, 42, 'Montilla'),
(14043, 1, 14, 43, 'Montoro'),
(14044, 1, 14, 44, 'Monturque'),
(14045, 1, 14, 45, 'Moriles'),
(14046, 1, 14, 46, 'Nueva Carteya'),
(14047, 1, 14, 47, 'Obejo'),
(14048, 1, 14, 48, 'Palenciana'),
(14049, 1, 14, 49, 'Palma del Río'),
(14050, 1, 14, 50, 'Pedro Abad'),
(14051, 1, 14, 51, 'Pedroche'),
(14052, 1, 14, 52, 'Peñarroya-Pueblonuevo'),
(14053, 1, 14, 53, 'Posadas'),
(14054, 1, 14, 54, 'Pozoblanco'),
(14055, 1, 14, 55, 'Priego de Córdoba'),
(14056, 1, 14, 56, 'Puente Genil'),
(14057, 1, 14, 57, 'Rambla, La'),
(14058, 1, 14, 58, 'Rute'),
(14059, 1, 14, 59, 'San Sebastián de los Ballesteros'),
(14060, 1, 14, 60, 'Santaella'),
(14061, 1, 14, 61, 'Santa Eufemia'),
(14062, 1, 14, 62, 'Torrecampo'),
(14063, 1, 14, 63, 'Valenzuela'),
(14064, 1, 14, 64, 'Valsequillo'),
(14065, 1, 14, 65, 'Victoria, La'),
(14066, 1, 14, 66, 'Villa del Río'),
(14067, 1, 14, 67, 'Villafranca de Córdoba'),
(14068, 1, 14, 68, 'Villaharta'),
(14069, 1, 14, 69, 'Villanueva de Córdoba'),
(14070, 1, 14, 70, 'Villanueva del Duque'),
(14071, 1, 14, 71, 'Villanueva del Rey'),
(14072, 1, 14, 72, 'Villaralto'),
(14073, 1, 14, 73, 'Villaviciosa de Córdoba'),
(14074, 1, 14, 74, 'Viso, El'),
(14075, 1, 14, 75, 'Zuheros'),
(14901, 1, 14, 901, 'Fuente Carreteros'),
(14902, 1, 14, 902, 'Guijarrosa, La'),
(15000, 12, 15, 0, 'Provincia de  A Coruña'),
(15001, 12, 15, 1, 'Abegondo'),
(15002, 12, 15, 2, 'Ames'),
(15003, 12, 15, 3, 'Aranga'),
(15004, 12, 15, 4, 'Ares'),
(15005, 12, 15, 5, 'Arteixo'),
(15006, 12, 15, 6, 'Arzúa'),
(15007, 12, 15, 7, 'Baña, A'),
(15008, 12, 15, 8, 'Bergondo'),
(15009, 12, 15, 9, 'Betanzos'),
(15010, 12, 15, 10, 'Boimorto'),
(15011, 12, 15, 11, 'Boiro'),
(15012, 12, 15, 12, 'Boqueixón'),
(15013, 12, 15, 13, 'Brión'),
(15014, 12, 15, 14, 'Cabana de Bergantiños'),
(15015, 12, 15, 15, 'Cabanas'),
(15016, 12, 15, 16, 'Camariñas'),
(15017, 12, 15, 17, 'Cambre'),
(15018, 12, 15, 18, 'Capela, A'),
(15019, 12, 15, 19, 'Carballo'),
(15020, 12, 15, 20, 'Carnota'),
(15021, 12, 15, 21, 'Carral'),
(15022, 12, 15, 22, 'Cedeira'),
(15023, 12, 15, 23, 'Cee'),
(15024, 12, 15, 24, 'Cerceda'),
(15025, 12, 15, 25, 'Cerdido'),
(15027, 12, 15, 27, 'Coirós'),
(15028, 12, 15, 28, 'Corcubión'),
(15029, 12, 15, 29, 'Coristanco'),
(15030, 12, 15, 30, 'Coruña, A'),
(15031, 12, 15, 31, 'Culleredo'),
(15032, 12, 15, 32, 'Curtis'),
(15033, 12, 15, 33, 'Dodro'),
(15034, 12, 15, 34, 'Dumbría'),
(15035, 12, 15, 35, 'Fene'),
(15036, 12, 15, 36, 'Ferrol'),
(15037, 12, 15, 37, 'Fisterra'),
(15038, 12, 15, 38, 'Frades'),
(15039, 12, 15, 39, 'Irixoa'),
(15040, 12, 15, 40, 'Laxe'),
(15041, 12, 15, 41, 'Laracha, A'),
(15042, 12, 15, 42, 'Lousame'),
(15043, 12, 15, 43, 'Malpica de Bergantiños'),
(15044, 12, 15, 44, 'Mañón'),
(15045, 12, 15, 45, 'Mazaricos'),
(15046, 12, 15, 46, 'Melide'),
(15047, 12, 15, 47, 'Mesía'),
(15048, 12, 15, 48, 'Miño'),
(15049, 12, 15, 49, 'Moeche'),
(15050, 12, 15, 50, 'Monfero'),
(15051, 12, 15, 51, 'Mugardos'),
(15052, 12, 15, 52, 'Muxía'),
(15053, 12, 15, 53, 'Muros'),
(15054, 12, 15, 54, 'Narón'),
(15055, 12, 15, 55, 'Neda'),
(15056, 12, 15, 56, 'Negreira'),
(15057, 12, 15, 57, 'Noia'),
(15058, 12, 15, 58, 'Oleiros'),
(15059, 12, 15, 59, 'Ordes'),
(15060, 12, 15, 60, 'Oroso'),
(15061, 12, 15, 61, 'Ortigueira'),
(15062, 12, 15, 62, 'Outes'),
(15064, 12, 15, 64, 'Paderne'),
(15065, 12, 15, 65, 'Padrón'),
(15066, 12, 15, 66, 'Pino, O'),
(15067, 12, 15, 67, 'Pobra do Caramiñal, A'),
(15068, 12, 15, 68, 'Ponteceso'),
(15069, 12, 15, 69, 'Pontedeume'),
(15070, 12, 15, 70, 'Pontes de García Rodríguez, As'),
(15071, 12, 15, 71, 'Porto do Son'),
(15072, 12, 15, 72, 'Rianxo'),
(15073, 12, 15, 73, 'Ribeira'),
(15074, 12, 15, 74, 'Rois'),
(15075, 12, 15, 75, 'Sada'),
(15076, 12, 15, 76, 'San Sadurniño'),
(15077, 12, 15, 77, 'Santa Comba'),
(15078, 12, 15, 78, 'Santiago de Compostela'),
(15079, 12, 15, 79, 'Santiso'),
(15080, 12, 15, 80, 'Sobrado'),
(15081, 12, 15, 81, 'Somozas, As'),
(15082, 12, 15, 82, 'Teo'),
(15083, 12, 15, 83, 'Toques'),
(15084, 12, 15, 84, 'Tordoia'),
(15085, 12, 15, 85, 'Touro'),
(15086, 12, 15, 86, 'Trazo'),
(15087, 12, 15, 87, 'Valdoviño'),
(15088, 12, 15, 88, 'Val do Dubra'),
(15089, 12, 15, 89, 'Vedra'),
(15090, 12, 15, 90, 'Vilasantar'),
(15091, 12, 15, 91, 'Vilarmaior'),
(15092, 12, 15, 92, 'Vimianzo'),
(15093, 12, 15, 93, 'Zas'),
(15901, 12, 15, 901, 'Cariño'),
(15902, 12, 15, 902, 'Oza-Cesuras'),
(16000, 8, 16, 0, 'Provincia de  Cuenca'),
(16001, 8, 16, 1, 'Abia de la Obispalía'),
(16002, 8, 16, 2, 'Acebrón, El'),
(16003, 8, 16, 3, 'Alarcón'),
(16004, 8, 16, 4, 'Albaladejo del Cuende'),
(16005, 8, 16, 5, 'Albalate de las Nogueras'),
(16006, 8, 16, 6, 'Albendea'),
(16007, 8, 16, 7, 'Alberca de Záncara, La'),
(16008, 8, 16, 8, 'Alcalá de la Vega'),
(16009, 8, 16, 9, 'Alcantud'),
(16010, 8, 16, 10, 'Alcázar del Rey'),
(16011, 8, 16, 11, 'Alcohujate'),
(16012, 8, 16, 12, 'Alconchel de la Estrella'),
(16013, 8, 16, 13, 'Algarra'),
(16014, 8, 16, 14, 'Aliaguilla'),
(16015, 8, 16, 15, 'Almarcha, La'),
(16016, 8, 16, 16, 'Almendros'),
(16017, 8, 16, 17, 'Almodóvar del Pinar'),
(16018, 8, 16, 18, 'Almonacid del Marquesado'),
(16019, 8, 16, 19, 'Altarejos'),
(16020, 8, 16, 20, 'Arandilla del Arroyo'),
(16022, 8, 16, 22, 'Arcos de la Sierra'),
(16023, 8, 16, 23, 'Chillarón de Cuenca'),
(16024, 8, 16, 24, 'Arguisuelas'),
(16025, 8, 16, 25, 'Arrancacepas'),
(16026, 8, 16, 26, 'Atalaya del Cañavate'),
(16027, 8, 16, 27, 'Barajas de Melo'),
(16029, 8, 16, 29, 'Barchín del Hoyo'),
(16030, 8, 16, 30, 'Bascuñana de San Pedro'),
(16031, 8, 16, 31, 'Beamud'),
(16032, 8, 16, 32, 'Belinchón'),
(16033, 8, 16, 33, 'Belmonte'),
(16034, 8, 16, 34, 'Belmontejo'),
(16035, 8, 16, 35, 'Beteta'),
(16036, 8, 16, 36, 'Boniches'),
(16038, 8, 16, 38, 'Buciegas'),
(16039, 8, 16, 39, 'Buenache de Alarcón'),
(16040, 8, 16, 40, 'Buenache de la Sierra'),
(16041, 8, 16, 41, 'Buendía'),
(16042, 8, 16, 42, 'Campillo de Altobuey'),
(16043, 8, 16, 43, 'Campillos-Paravientos'),
(16044, 8, 16, 44, 'Campillos-Sierra'),
(16045, 8, 16, 45, 'Canalejas del Arroyo'),
(16046, 8, 16, 46, 'Cañada del Hoyo'),
(16047, 8, 16, 47, 'Cañada Juncosa'),
(16048, 8, 16, 48, 'Cañamares'),
(16049, 8, 16, 49, 'Cañavate, El'),
(16050, 8, 16, 50, 'Cañaveras'),
(16051, 8, 16, 51, 'Cañaveruelas'),
(16052, 8, 16, 52, 'Cañete'),
(16053, 8, 16, 53, 'Cañizares'),
(16055, 8, 16, 55, 'Carboneras de Guadazaón'),
(16056, 8, 16, 56, 'Cardenete'),
(16057, 8, 16, 57, 'Carrascosa'),
(16058, 8, 16, 58, 'Carrascosa de Haro'),
(16060, 8, 16, 60, 'Casas de Benítez'),
(16061, 8, 16, 61, 'Casas de Fernando Alonso'),
(16062, 8, 16, 62, 'Casas de Garcimolina'),
(16063, 8, 16, 63, 'Casas de Guijarro'),
(16064, 8, 16, 64, 'Casas de Haro'),
(16065, 8, 16, 65, 'Casas de los Pinos'),
(16066, 8, 16, 66, 'Casasimarro'),
(16067, 8, 16, 67, 'Castejón'),
(16068, 8, 16, 68, 'Castillejo de Iniesta'),
(16070, 8, 16, 70, 'Castillejo-Sierra'),
(16071, 8, 16, 71, 'Castillo-Albaráñez'),
(16072, 8, 16, 72, 'Castillo de Garcimuñoz'),
(16073, 8, 16, 73, 'Cervera del Llano'),
(16074, 8, 16, 74, 'Cierva, La'),
(16078, 8, 16, 78, 'Cuenca'),
(16079, 8, 16, 79, 'Cueva del Hierro'),
(16081, 8, 16, 81, 'Chumillas'),
(16082, 8, 16, 82, 'Enguídanos'),
(16083, 8, 16, 83, 'Fresneda de Altarejos'),
(16084, 8, 16, 84, 'Fresneda de la Sierra'),
(16085, 8, 16, 85, 'Frontera, La'),
(16086, 8, 16, 86, 'Fuente de Pedro Naharro'),
(16087, 8, 16, 87, 'Fuentelespino de Haro'),
(16088, 8, 16, 88, 'Fuentelespino de Moya'),
(16089, 8, 16, 89, 'Fuentes'),
(16091, 8, 16, 91, 'Fuertescusa'),
(16092, 8, 16, 92, 'Gabaldón'),
(16093, 8, 16, 93, 'Garaballa'),
(16094, 8, 16, 94, 'Gascueña'),
(16095, 8, 16, 95, 'Graja de Campalbo'),
(16096, 8, 16, 96, 'Graja de Iniesta'),
(16097, 8, 16, 97, 'Henarejos'),
(16098, 8, 16, 98, 'Herrumblar, El'),
(16099, 8, 16, 99, 'Hinojosa, La'),
(16100, 8, 16, 100, 'Hinojosos, Los'),
(16101, 8, 16, 101, 'Hito, El'),
(16102, 8, 16, 102, 'Honrubia'),
(16103, 8, 16, 103, 'Hontanaya'),
(16104, 8, 16, 104, 'Hontecillas'),
(16106, 8, 16, 106, 'Horcajo de Santiago'),
(16107, 8, 16, 107, 'Huélamo'),
(16108, 8, 16, 108, 'Huelves'),
(16109, 8, 16, 109, 'Huérguina'),
(16110, 8, 16, 110, 'Huerta de la Obispalía'),
(16111, 8, 16, 111, 'Huerta del Marquesado'),
(16112, 8, 16, 112, 'Huete'),
(16113, 8, 16, 113, 'Iniesta'),
(16115, 8, 16, 115, 'Laguna del Marquesado'),
(16116, 8, 16, 116, 'Lagunaseca'),
(16117, 8, 16, 117, 'Landete'),
(16118, 8, 16, 118, 'Ledaña'),
(16119, 8, 16, 119, 'Leganiel'),
(16121, 8, 16, 121, 'Majadas, Las'),
(16122, 8, 16, 122, 'Mariana'),
(16123, 8, 16, 123, 'Masegosa'),
(16124, 8, 16, 124, 'Mesas, Las'),
(16125, 8, 16, 125, 'Minglanilla'),
(16126, 8, 16, 126, 'Mira'),
(16128, 8, 16, 128, 'Monreal del Llano'),
(16129, 8, 16, 129, 'Montalbanejo'),
(16130, 8, 16, 130, 'Montalbo'),
(16131, 8, 16, 131, 'Monteagudo de las Salinas'),
(16132, 8, 16, 132, 'Mota de Altarejos'),
(16133, 8, 16, 133, 'Mota del Cuervo'),
(16134, 8, 16, 134, 'Motilla del Palancar'),
(16135, 8, 16, 135, 'Moya'),
(16137, 8, 16, 137, 'Narboneta'),
(16139, 8, 16, 139, 'Olivares de Júcar'),
(16140, 8, 16, 140, 'Olmeda de la Cuesta'),
(16141, 8, 16, 141, 'Olmeda del Rey'),
(16142, 8, 16, 142, 'Olmedilla de Alarcón'),
(16143, 8, 16, 143, 'Olmedilla de Eliz'),
(16145, 8, 16, 145, 'Osa de la Vega'),
(16146, 8, 16, 146, 'Pajarón'),
(16147, 8, 16, 147, 'Pajaroncillo'),
(16148, 8, 16, 148, 'Palomares del Campo'),
(16149, 8, 16, 149, 'Palomera'),
(16150, 8, 16, 150, 'Paracuellos'),
(16151, 8, 16, 151, 'Paredes'),
(16152, 8, 16, 152, 'Parra de las Vegas, La'),
(16153, 8, 16, 153, 'Pedernoso, El'),
(16154, 8, 16, 154, 'Pedroñeras, Las'),
(16155, 8, 16, 155, 'Peral, El'),
(16156, 8, 16, 156, 'Peraleja, La'),
(16157, 8, 16, 157, 'Pesquera, La'),
(16158, 8, 16, 158, 'Picazo, El'),
(16159, 8, 16, 159, 'Pinarejo'),
(16160, 8, 16, 160, 'Pineda de Gigüela'),
(16161, 8, 16, 161, 'Piqueras del Castillo'),
(16162, 8, 16, 162, 'Portalrubio de Guadamejud'),
(16163, 8, 16, 163, 'Portilla'),
(16165, 8, 16, 165, 'Poyatos'),
(16166, 8, 16, 166, 'Pozoamargo'),
(16167, 8, 16, 167, 'Pozorrubio de Santiago'),
(16169, 8, 16, 169, 'Pozuelo, El'),
(16170, 8, 16, 170, 'Priego'),
(16171, 8, 16, 171, 'Provencio, El'),
(16172, 8, 16, 172, 'Puebla de Almenara'),
(16173, 8, 16, 173, 'Valle de Altomira, El'),
(16174, 8, 16, 174, 'Puebla del Salvador'),
(16175, 8, 16, 175, 'Quintanar del Rey'),
(16176, 8, 16, 176, 'Rada de Haro'),
(16177, 8, 16, 177, 'Reíllo'),
(16181, 8, 16, 181, 'Rozalén del Monte'),
(16185, 8, 16, 185, 'Saceda-Trasierra'),
(16186, 8, 16, 186, 'Saelices'),
(16187, 8, 16, 187, 'Salinas del Manzano'),
(16188, 8, 16, 188, 'Salmeroncillos'),
(16189, 8, 16, 189, 'Salvacañete'),
(16190, 8, 16, 190, 'San Clemente'),
(16191, 8, 16, 191, 'San Lorenzo de la Parrilla'),
(16192, 8, 16, 192, 'San Martín de Boniches'),
(16193, 8, 16, 193, 'San Pedro Palmiches'),
(16194, 8, 16, 194, 'Santa Cruz de Moya'),
(16195, 8, 16, 195, 'Santa María del Campo Rus'),
(16196, 8, 16, 196, 'Santa María de los Llanos'),
(16197, 8, 16, 197, 'Santa María del Val'),
(16198, 8, 16, 198, 'Sisante'),
(16199, 8, 16, 199, 'Solera de Gabaldón'),
(16202, 8, 16, 202, 'Talayuelas'),
(16203, 8, 16, 203, 'Tarancón'),
(16204, 8, 16, 204, 'Tébar'),
(16205, 8, 16, 205, 'Tejadillos'),
(16206, 8, 16, 206, 'Tinajas'),
(16209, 8, 16, 209, 'Torralba'),
(16211, 8, 16, 211, 'Torrejoncillo del Rey'),
(16212, 8, 16, 212, 'Torrubia del Campo'),
(16213, 8, 16, 213, 'Torrubia del Castillo'),
(16215, 8, 16, 215, 'Tragacete'),
(16216, 8, 16, 216, 'Tresjuncos'),
(16217, 8, 16, 217, 'Tribaldos'),
(16218, 8, 16, 218, 'Uclés'),
(16219, 8, 16, 219, 'Uña'),
(16224, 8, 16, 224, 'Valdemeca'),
(16225, 8, 16, 225, 'Valdemorillo de la Sierra'),
(16227, 8, 16, 227, 'Valdemoro-Sierra'),
(16228, 8, 16, 228, 'Valdeolivas'),
(16231, 8, 16, 231, 'Valhermoso de la Fuente'),
(16234, 8, 16, 234, 'Valsalobre'),
(16236, 8, 16, 236, 'Valverde de Júcar'),
(16237, 8, 16, 237, 'Valverdejo'),
(16238, 8, 16, 238, 'Vara de Rey'),
(16239, 8, 16, 239, 'Vega del Codorno'),
(16240, 8, 16, 240, 'Vellisca'),
(16242, 8, 16, 242, 'Villaconejos de Trabaque'),
(16243, 8, 16, 243, 'Villaescusa de Haro'),
(16244, 8, 16, 244, 'Villagarcía del Llano'),
(16245, 8, 16, 245, 'Villalba de la Sierra'),
(16246, 8, 16, 246, 'Villalba del Rey'),
(16247, 8, 16, 247, 'Villalgordo del Marquesado'),
(16248, 8, 16, 248, 'Villalpardo'),
(16249, 8, 16, 249, 'Villamayor de Santiago'),
(16250, 8, 16, 250, 'Villanueva de Guadamejud'),
(16251, 8, 16, 251, 'Villanueva de la Jara'),
(16253, 8, 16, 253, 'Villar de Cañas'),
(16254, 8, 16, 254, 'Villar de Domingo García'),
(16255, 8, 16, 255, 'Villar de la Encina'),
(16258, 8, 16, 258, 'Villar del Humo'),
(16259, 8, 16, 259, 'Villar del Infantado'),
(16263, 8, 16, 263, 'Villar de Olalla'),
(16264, 8, 16, 264, 'Villarejo de Fuentes'),
(16265, 8, 16, 265, 'Villarejo de la Peñuela'),
(16266, 8, 16, 266, 'Villarejo-Periesteban'),
(16269, 8, 16, 269, 'Villares del Saz'),
(16270, 8, 16, 270, 'Villarrubio'),
(16271, 8, 16, 271, 'Villarta'),
(16272, 8, 16, 272, 'Villas de la Ventosa'),
(16273, 8, 16, 273, 'Villaverde y Pasaconsol'),
(16274, 8, 16, 274, 'Víllora'),
(16275, 8, 16, 275, 'Vindel'),
(16276, 8, 16, 276, 'Yémeda'),
(16277, 8, 16, 277, 'Zafra de Záncara'),
(16278, 8, 16, 278, 'Zafrilla'),
(16279, 8, 16, 279, 'Zarza de Tajo'),
(16280, 8, 16, 280, 'Zarzuela'),
(16901, 8, 16, 901, 'Campos del Paraíso'),
(16902, 8, 16, 902, 'Valdetórtola'),
(16903, 8, 16, 903, 'Valeras, Las'),
(16904, 8, 16, 904, 'Fuentenava de Jábaga'),
(16905, 8, 16, 905, 'Arcas'),
(16906, 8, 16, 906, 'Valdecolmenas, Los'),
(16908, 8, 16, 908, 'Pozorrubielos de la Mancha'),
(16909, 8, 16, 909, 'Sotorribas'),
(16910, 8, 16, 910, 'Villar y Velasco'),
(17000, 9, 17, 0, 'Provincia de  Girona'),
(17001, 9, 17, 1, 'Agullana'),
(17002, 9, 17, 2, 'Aiguaviva'),
(17003, 9, 17, 3, 'Albanyà'),
(17004, 9, 17, 4, 'Albons'),
(17005, 9, 17, 5, 'Far d''Empordà, El'),
(17006, 9, 17, 6, 'Alp'),
(17007, 9, 17, 7, 'Amer'),
(17008, 9, 17, 8, 'Anglès'),
(17009, 9, 17, 9, 'Arbúcies'),
(17010, 9, 17, 10, 'Argelaguer'),
(17011, 9, 17, 11, 'Armentera, L'''),
(17012, 9, 17, 12, 'Avinyonet de Puigventós'),
(17013, 9, 17, 13, 'Begur'),
(17014, 9, 17, 14, 'Vajol, La'),
(17015, 9, 17, 15, 'Banyoles'),
(17016, 9, 17, 16, 'Bàscara'),
(17018, 9, 17, 18, 'Bellcaire d''Empordà'),
(17019, 9, 17, 19, 'Besalú'),
(17020, 9, 17, 20, 'Bescanó'),
(17021, 9, 17, 21, 'Beuda'),
(17022, 9, 17, 22, 'Bisbal d''Empordà, La'),
(17023, 9, 17, 23, 'Blanes'),
(17024, 9, 17, 24, 'Bolvir'),
(17025, 9, 17, 25, 'Bordils'),
(17026, 9, 17, 26, 'Borrassà'),
(17027, 9, 17, 27, 'Breda'),
(17028, 9, 17, 28, 'Brunyola i Sant Martí Sapresa'),
(17029, 9, 17, 29, 'Boadella i les Escaules'),
(17030, 9, 17, 30, 'Cabanes'),
(17031, 9, 17, 31, 'Cabanelles'),
(17032, 9, 17, 32, 'Cadaqués'),
(17033, 9, 17, 33, 'Caldes de Malavella'),
(17034, 9, 17, 34, 'Calonge i Sant Antoni'),
(17035, 9, 17, 35, 'Camós'),
(17036, 9, 17, 36, 'Campdevànol'),
(17037, 9, 17, 37, 'Campelles'),
(17038, 9, 17, 38, 'Campllong'),
(17039, 9, 17, 39, 'Camprodon'),
(17040, 9, 17, 40, 'Canet d''Adri'),
(17041, 9, 17, 41, 'Cantallops'),
(17042, 9, 17, 42, 'Capmany'),
(17043, 9, 17, 43, 'Queralbs'),
(17044, 9, 17, 44, 'Cassà de la Selva'),
(17046, 9, 17, 46, 'Castellfollit de la Roca'),
(17047, 9, 17, 47, 'Castelló d''Empúries'),
(17048, 9, 17, 48, 'Castell-Platja d''Aro'),
(17049, 9, 17, 49, 'Celrà'),
(17050, 9, 17, 50, 'Cervià de Ter'),
(17051, 9, 17, 51, 'Cistella'),
(17052, 9, 17, 52, 'Siurana'),
(17054, 9, 17, 54, 'Colera'),
(17055, 9, 17, 55, 'Colomers'),
(17056, 9, 17, 56, 'Cornellà del Terri'),
(17057, 9, 17, 57, 'Corçà'),
(17058, 9, 17, 58, 'Crespià'),
(17060, 9, 17, 60, 'Darnius'),
(17061, 9, 17, 61, 'Das'),
(17062, 9, 17, 62, 'Escala, L'''),
(17063, 9, 17, 63, 'Espinelves'),
(17064, 9, 17, 64, 'Espolla'),
(17065, 9, 17, 65, 'Esponellà'),
(17066, 9, 17, 66, 'Figueres'),
(17067, 9, 17, 67, 'Flaçà'),
(17068, 9, 17, 68, 'Foixà'),
(17069, 9, 17, 69, 'Fontanals de Cerdanya'),
(17070, 9, 17, 70, 'Fontanilles'),
(17071, 9, 17, 71, 'Fontcoberta'),
(17073, 9, 17, 73, 'Fornells de la Selva'),
(17074, 9, 17, 74, 'Fortià'),
(17075, 9, 17, 75, 'Garrigàs'),
(17076, 9, 17, 76, 'Garrigoles'),
(17077, 9, 17, 77, 'Garriguella'),
(17078, 9, 17, 78, 'Ger'),
(17079, 9, 17, 79, 'Girona'),
(17080, 9, 17, 80, 'Gombrèn'),
(17081, 9, 17, 81, 'Gualta'),
(17082, 9, 17, 82, 'Guils de Cerdanya'),
(17083, 9, 17, 83, 'Hostalric'),
(17084, 9, 17, 84, 'Isòvol'),
(17085, 9, 17, 85, 'Jafre'),
(17086, 9, 17, 86, 'Jonquera, La'),
(17087, 9, 17, 87, 'Juià'),
(17088, 9, 17, 88, 'Lladó'),
(17089, 9, 17, 89, 'Llagostera'),
(17090, 9, 17, 90, 'Llambilles'),
(17091, 9, 17, 91, 'Llanars'),
(17092, 9, 17, 92, 'Llançà'),
(17093, 9, 17, 93, 'Llers'),
(17094, 9, 17, 94, 'Llívia'),
(17095, 9, 17, 95, 'Lloret de Mar'),
(17096, 9, 17, 96, 'Llosses, Les'),
(17097, 9, 17, 97, 'Madremanya'),
(17098, 9, 17, 98, 'Maià de Montcal'),
(17099, 9, 17, 99, 'Meranges'),
(17100, 9, 17, 100, 'Masarac'),
(17101, 9, 17, 101, 'Massanes'),
(17102, 9, 17, 102, 'Maçanet de Cabrenys'),
(17103, 9, 17, 103, 'Maçanet de la Selva'),
(17105, 9, 17, 105, 'Mieres'),
(17106, 9, 17, 106, 'Mollet de Peralada'),
(17107, 9, 17, 107, 'Molló'),
(17109, 9, 17, 109, 'Montagut i Oix'),
(17110, 9, 17, 110, 'Mont-ras'),
(17111, 9, 17, 111, 'Navata'),
(17112, 9, 17, 112, 'Ogassa'),
(17114, 9, 17, 114, 'Olot'),
(17115, 9, 17, 115, 'Ordis'),
(17116, 9, 17, 116, 'Osor'),
(17117, 9, 17, 117, 'Palafrugell'),
(17118, 9, 17, 118, 'Palamós'),
(17119, 9, 17, 119, 'Palau de Santa Eulàlia'),
(17120, 9, 17, 120, 'Palau-saverdera'),
(17121, 9, 17, 121, 'Palau-sator'),
(17123, 9, 17, 123, 'Palol de Revardit'),
(17124, 9, 17, 124, 'Pals'),
(17125, 9, 17, 125, 'Pardines'),
(17126, 9, 17, 126, 'Parlavà'),
(17128, 9, 17, 128, 'Pau'),
(17129, 9, 17, 129, 'Pedret i Marzà'),
(17130, 9, 17, 130, 'Pera, La'),
(17132, 9, 17, 132, 'Peralada'),
(17133, 9, 17, 133, 'Planes d''Hostoles, Les'),
(17134, 9, 17, 134, 'Planoles'),
(17135, 9, 17, 135, 'Pont de Molins'),
(17136, 9, 17, 136, 'Pontós'),
(17137, 9, 17, 137, 'Porqueres'),
(17138, 9, 17, 138, 'Portbou'),
(17139, 9, 17, 139, 'Preses, Les'),
(17140, 9, 17, 140, 'Port de la Selva, El'),
(17141, 9, 17, 141, 'Puigcerdà'),
(17142, 9, 17, 142, 'Quart'),
(17143, 9, 17, 143, 'Rabós'),
(17144, 9, 17, 144, 'Regencós'),
(17145, 9, 17, 145, 'Ribes de Freser'),
(17146, 9, 17, 146, 'Riells i Viabrea'),
(17147, 9, 17, 147, 'Ripoll'),
(17148, 9, 17, 148, 'Riudarenes'),
(17149, 9, 17, 149, 'Riudaura'),
(17150, 9, 17, 150, 'Riudellots de la Selva'),
(17151, 9, 17, 151, 'Riumors'),
(17152, 9, 17, 152, 'Roses'),
(17153, 9, 17, 153, 'Rupià'),
(17154, 9, 17, 154, 'Sales de Llierca'),
(17155, 9, 17, 155, 'Salt'),
(17157, 9, 17, 157, 'Sant Andreu Salou'),
(17158, 9, 17, 158, 'Sant Climent Sescebes'),
(17159, 9, 17, 159, 'Sant Feliu de Buixalleu'),
(17160, 9, 17, 160, 'Sant Feliu de Guíxols'),
(17161, 9, 17, 161, 'Sant Feliu de Pallerols'),
(17162, 9, 17, 162, 'Sant Ferriol'),
(17163, 9, 17, 163, 'Sant Gregori'),
(17164, 9, 17, 164, 'Sant Hilari Sacalm'),
(17165, 9, 17, 165, 'Sant Jaume de Llierca'),
(17166, 9, 17, 166, 'Sant Jordi Desvalls'),
(17167, 9, 17, 167, 'Sant Joan de les Abadesses'),
(17168, 9, 17, 168, 'Sant Joan de Mollet'),
(17169, 9, 17, 169, 'Sant Julià de Ramis'),
(17170, 9, 17, 170, 'Vallfogona de Ripollès'),
(17171, 9, 17, 171, 'Sant Llorenç de la Muga'),
(17172, 9, 17, 172, 'Sant Martí de Llémena'),
(17173, 9, 17, 173, 'Sant Martí Vell'),
(17174, 9, 17, 174, 'Sant Miquel de Campmajor'),
(17175, 9, 17, 175, 'Sant Miquel de Fluvià'),
(17176, 9, 17, 176, 'Sant Mori'),
(17177, 9, 17, 177, 'Sant Pau de Segúries'),
(17178, 9, 17, 178, 'Sant Pere Pescador'),
(17180, 9, 17, 180, 'Santa Coloma de Farners'),
(17181, 9, 17, 181, 'Santa Cristina d''Aro'),
(17182, 9, 17, 182, 'Santa Llogaia d''Àlguema'),
(17183, 9, 17, 183, 'Sant Aniol de Finestres'),
(17184, 9, 17, 184, 'Santa Pau'),
(17185, 9, 17, 185, 'Sant Joan les Fonts'),
(17186, 9, 17, 186, 'Sarrià de Ter'),
(17187, 9, 17, 187, 'Saus, Camallera i Llampaies'),
(17188, 9, 17, 188, 'Selva de Mar, La'),
(17189, 9, 17, 189, 'Cellera de Ter, La'),
(17190, 9, 17, 190, 'Serinyà'),
(17191, 9, 17, 191, 'Serra de Daró'),
(17192, 9, 17, 192, 'Setcases'),
(17193, 9, 17, 193, 'Sils'),
(17194, 9, 17, 194, 'Susqueda'),
(17195, 9, 17, 195, 'Tallada d''Empordà, La'),
(17196, 9, 17, 196, 'Terrades'),
(17197, 9, 17, 197, 'Torrent'),
(17198, 9, 17, 198, 'Torroella de Fluvià'),
(17199, 9, 17, 199, 'Torroella de Montgrí'),
(17200, 9, 17, 200, 'Tortellà'),
(17201, 9, 17, 201, 'Toses'),
(17202, 9, 17, 202, 'Tossa de Mar'),
(17203, 9, 17, 203, 'Ultramort'),
(17204, 9, 17, 204, 'Ullà'),
(17205, 9, 17, 205, 'Ullastret'),
(17206, 9, 17, 206, 'Urús'),
(17207, 9, 17, 207, 'Vall d''en Bas, La'),
(17208, 9, 17, 208, 'Vall de Bianya, La'),
(17209, 9, 17, 209, 'Vall-llobrega'),
(17210, 9, 17, 210, 'Ventalló'),
(17211, 9, 17, 211, 'Verges'),
(17212, 9, 17, 212, 'Vidrà'),
(17213, 9, 17, 213, 'Vidreres'),
(17214, 9, 17, 214, 'Vilabertran'),
(17215, 9, 17, 215, 'Vilablareix'),
(17216, 9, 17, 216, 'Viladasens'),
(17217, 9, 17, 217, 'Viladamat'),
(17218, 9, 17, 218, 'Vilademuls'),
(17220, 9, 17, 220, 'Viladrau'),
(17221, 9, 17, 221, 'Vilafant'),
(17222, 9, 17, 222, 'Vilaür'),
(17223, 9, 17, 223, 'Vilajuïga'),
(17224, 9, 17, 224, 'Vilallonga de Ter'),
(17225, 9, 17, 225, 'Vilamacolum'),
(17226, 9, 17, 226, 'Vilamalla'),
(17227, 9, 17, 227, 'Vilamaniscle'),
(17228, 9, 17, 228, 'Vilanant'),
(17230, 9, 17, 230, 'Vila-sacra'),
(17232, 9, 17, 232, 'Vilopriu'),
(17233, 9, 17, 233, 'Vilobí d''Onyar'),
(17234, 9, 17, 234, 'Biure'),
(17901, 9, 17, 901, 'Cruïlles, Monells i Sant Sadurní de l''Heura'),
(17902, 9, 17, 902, 'Forallac'),
(17903, 9, 17, 903, 'Sant Julià del Llor i Bonmatí'),
(18000, 1, 18, 0, 'Provincia de  Granada'),
(18001, 1, 18, 1, 'Agrón'),
(18002, 1, 18, 2, 'Alamedilla'),
(18003, 1, 18, 3, 'Albolote'),
(18004, 1, 18, 4, 'Albondón'),
(18005, 1, 18, 5, 'Albuñán'),
(18006, 1, 18, 6, 'Albuñol'),
(18007, 1, 18, 7, 'Albuñuelas'),
(18010, 1, 18, 10, 'Aldeire'),
(18011, 1, 18, 11, 'Alfacar'),
(18012, 1, 18, 12, 'Algarinejo'),
(18013, 1, 18, 13, 'Alhama de Granada'),
(18014, 1, 18, 14, 'Alhendín'),
(18015, 1, 18, 15, 'Alicún de Ortega'),
(18016, 1, 18, 16, 'Almegíjar'),
(18017, 1, 18, 17, 'Almuñécar'),
(18018, 1, 18, 18, 'Alquife'),
(18020, 1, 18, 20, 'Arenas del Rey'),
(18021, 1, 18, 21, 'Armilla'),
(18022, 1, 18, 22, 'Atarfe'),
(18023, 1, 18, 23, 'Baza'),
(18024, 1, 18, 24, 'Beas de Granada'),
(18025, 1, 18, 25, 'Beas de Guadix'),
(18027, 1, 18, 27, 'Benalúa'),
(18028, 1, 18, 28, 'Benalúa de las Villas'),
(18029, 1, 18, 29, 'Benamaurel'),
(18030, 1, 18, 30, 'Bérchules'),
(18032, 1, 18, 32, 'Bubión'),
(18033, 1, 18, 33, 'Busquístar'),
(18034, 1, 18, 34, 'Cacín'),
(18035, 1, 18, 35, 'Cádiar'),
(18036, 1, 18, 36, 'Cájar'),
(18037, 1, 18, 37, 'Calicasas'),
(18038, 1, 18, 38, 'Campotéjar'),
(18039, 1, 18, 39, 'Caniles'),
(18040, 1, 18, 40, 'Cáñar'),
(18042, 1, 18, 42, 'Capileira'),
(18043, 1, 18, 43, 'Carataunas'),
(18044, 1, 18, 44, 'Cástaras'),
(18045, 1, 18, 45, 'Castilléjar'),
(18046, 1, 18, 46, 'Castril'),
(18047, 1, 18, 47, 'Cenes de la Vega'),
(18048, 1, 18, 48, 'Cijuela'),
(18049, 1, 18, 49, 'Cogollos de Guadix'),
(18050, 1, 18, 50, 'Cogollos de la Vega'),
(18051, 1, 18, 51, 'Colomera'),
(18053, 1, 18, 53, 'Cortes de Baza'),
(18054, 1, 18, 54, 'Cortes y Graena'),
(18056, 1, 18, 56, 'Cúllar'),
(18057, 1, 18, 57, 'Cúllar Vega'),
(18059, 1, 18, 59, 'Chauchina'),
(18061, 1, 18, 61, 'Chimeneas'),
(18062, 1, 18, 62, 'Churriana de la Vega'),
(18063, 1, 18, 63, 'Darro'),
(18064, 1, 18, 64, 'Dehesas de Guadix'),
(18065, 1, 18, 65, 'Dehesas Viejas'),
(18066, 1, 18, 66, 'Deifontes'),
(18067, 1, 18, 67, 'Diezma'),
(18068, 1, 18, 68, 'Dílar'),
(18069, 1, 18, 69, 'Dólar'),
(18070, 1, 18, 70, 'Dúdar'),
(18071, 1, 18, 71, 'Dúrcal'),
(18072, 1, 18, 72, 'Escúzar'),
(18074, 1, 18, 74, 'Ferreira'),
(18076, 1, 18, 76, 'Fonelas'),
(18077, 1, 18, 77, 'Fornes'),
(18078, 1, 18, 78, 'Freila'),
(18079, 1, 18, 79, 'Fuente Vaqueros'),
(18082, 1, 18, 82, 'Galera'),
(18083, 1, 18, 83, 'Gobernador'),
(18084, 1, 18, 84, 'Gójar'),
(18085, 1, 18, 85, 'Gor'),
(18086, 1, 18, 86, 'Gorafe'),
(18087, 1, 18, 87, 'Granada'),
(18088, 1, 18, 88, 'Guadahortuna'),
(18089, 1, 18, 89, 'Guadix'),
(18093, 1, 18, 93, 'Gualchos'),
(18094, 1, 18, 94, 'Güéjar Sierra'),
(18095, 1, 18, 95, 'Güevéjar'),
(18096, 1, 18, 96, 'Huélago'),
(18097, 1, 18, 97, 'Huéneja'),
(18098, 1, 18, 98, 'Huéscar'),
(18099, 1, 18, 99, 'Huétor de Santillán'),
(18100, 1, 18, 100, 'Huétor Tájar'),
(18101, 1, 18, 101, 'Huétor Vega'),
(18102, 1, 18, 102, 'Íllora'),
(18103, 1, 18, 103, 'Ítrabo'),
(18105, 1, 18, 105, 'Iznalloz'),
(18106, 1, 18, 106, 'Játar'),
(18107, 1, 18, 107, 'Jayena'),
(18108, 1, 18, 108, 'Jérez del Marquesado'),
(18109, 1, 18, 109, 'Jete'),
(18111, 1, 18, 111, 'Jun'),
(18112, 1, 18, 112, 'Juviles'),
(18114, 1, 18, 114, 'Calahorra, La'),
(18115, 1, 18, 115, 'Láchar'),
(18116, 1, 18, 116, 'Lanjarón'),
(18117, 1, 18, 117, 'Lanteira'),
(18119, 1, 18, 119, 'Lecrín'),
(18120, 1, 18, 120, 'Lentegí'),
(18121, 1, 18, 121, 'Lobras'),
(18122, 1, 18, 122, 'Loja'),
(18123, 1, 18, 123, 'Lugros'),
(18124, 1, 18, 124, 'Lújar'),
(18126, 1, 18, 126, 'Malahá, La'),
(18127, 1, 18, 127, 'Maracena'),
(18128, 1, 18, 128, 'Marchal'),
(18132, 1, 18, 132, 'Moclín'),
(18133, 1, 18, 133, 'Molvízar'),
(18134, 1, 18, 134, 'Monachil'),
(18135, 1, 18, 135, 'Montefrío'),
(18136, 1, 18, 136, 'Montejícar'),
(18137, 1, 18, 137, 'Montillana'),
(18138, 1, 18, 138, 'Moraleda de Zafayona'),
(18140, 1, 18, 140, 'Motril'),
(18141, 1, 18, 141, 'Murtas'),
(18143, 1, 18, 143, 'Nigüelas'),
(18144, 1, 18, 144, 'Nívar'),
(18145, 1, 18, 145, 'Ogíjares'),
(18146, 1, 18, 146, 'Orce'),
(18147, 1, 18, 147, 'Órgiva'),
(18148, 1, 18, 148, 'Otívar'),
(18149, 1, 18, 149, 'Villa de Otura'),
(18150, 1, 18, 150, 'Padul'),
(18151, 1, 18, 151, 'Pampaneira'),
(18152, 1, 18, 152, 'Pedro Martínez'),
(18153, 1, 18, 153, 'Peligros'),
(18154, 1, 18, 154, 'Peza, La'),
(18157, 1, 18, 157, 'Pinos Genil'),
(18158, 1, 18, 158, 'Pinos Puente'),
(18159, 1, 18, 159, 'Píñar'),
(18161, 1, 18, 161, 'Polícar'),
(18162, 1, 18, 162, 'Polopos'),
(18163, 1, 18, 163, 'Pórtugos'),
(18164, 1, 18, 164, 'Puebla de Don Fadrique'),
(18165, 1, 18, 165, 'Pulianas'),
(18167, 1, 18, 167, 'Purullena'),
(18168, 1, 18, 168, 'Quéntar'),
(18170, 1, 18, 170, 'Rubite'),
(18171, 1, 18, 171, 'Salar'),
(18173, 1, 18, 173, 'Salobreña'),
(18174, 1, 18, 174, 'Santa Cruz del Comercio'),
(18175, 1, 18, 175, 'Santa Fe'),
(18176, 1, 18, 176, 'Soportújar'),
(18177, 1, 18, 177, 'Sorvilán'),
(18178, 1, 18, 178, 'Torre-Cardela'),
(18179, 1, 18, 179, 'Torvizcón'),
(18180, 1, 18, 180, 'Trevélez'),
(18181, 1, 18, 181, 'Turón'),
(18182, 1, 18, 182, 'Ugíjar'),
(18183, 1, 18, 183, 'Válor'),
(18184, 1, 18, 184, 'Vélez de Benaudalla'),
(18185, 1, 18, 185, 'Ventas de Huelma'),
(18187, 1, 18, 187, 'Villanueva de las Torres'),
(18188, 1, 18, 188, 'Villanueva Mesía'),
(18189, 1, 18, 189, 'Víznar'),
(18192, 1, 18, 192, 'Zafarraya'),
(18193, 1, 18, 193, 'Zubia, La'),
(18194, 1, 18, 194, 'Zújar'),
(18901, 1, 18, 901, 'Taha, La'),
(18902, 1, 18, 902, 'Valle, El'),
(18903, 1, 18, 903, 'Nevada'),
(18904, 1, 18, 904, 'Alpujarra de la Sierra'),
(18905, 1, 18, 905, 'Gabias, Las'),
(18906, 1, 18, 906, 'Guájares, Los'),
(18907, 1, 18, 907, 'Valle del Zalabí'),
(18908, 1, 18, 908, 'Villamena'),
(18909, 1, 18, 909, 'Morelábor'),
(18910, 1, 18, 910, 'Pinar, El'),
(18911, 1, 18, 911, 'Vegas del Genil'),
(18912, 1, 18, 912, 'Cuevas del Campo'),
(18913, 1, 18, 913, 'Zagra'),
(18914, 1, 18, 914, 'Valderrubio'),
(18915, 1, 18, 915, 'Domingo Pérez de Granada'),
(18916, 1, 18, 916, 'Torrenueva Costa'),
(19000, 8, 19, 0, 'Provincia de  Guadalajara'),
(19001, 8, 19, 1, 'Abánades'),
(19002, 8, 19, 2, 'Ablanque'),
(19003, 8, 19, 3, 'Adobes'),
(19004, 8, 19, 4, 'Alaminos'),
(19005, 8, 19, 5, 'Alarilla'),
(19006, 8, 19, 6, 'Albalate de Zorita'),
(19007, 8, 19, 7, 'Albares'),
(19008, 8, 19, 8, 'Albendiego'),
(19009, 8, 19, 9, 'Alcocer');
INSERT INTO `municipio` (`id`, `id_comunidad_autonoma`, `id_provincia`, `id_municipio`, `nombre`) VALUES
(19010, 8, 19, 10, 'Alcolea de las Peñas'),
(19011, 8, 19, 11, 'Alcolea del Pinar'),
(19013, 8, 19, 13, 'Alcoroches'),
(19015, 8, 19, 15, 'Aldeanueva de Guadalajara'),
(19016, 8, 19, 16, 'Algar de Mesa'),
(19017, 8, 19, 17, 'Algora'),
(19018, 8, 19, 18, 'Alhóndiga'),
(19019, 8, 19, 19, 'Alique'),
(19020, 8, 19, 20, 'Almadrones'),
(19021, 8, 19, 21, 'Almoguera'),
(19022, 8, 19, 22, 'Almonacid de Zorita'),
(19023, 8, 19, 23, 'Alocén'),
(19024, 8, 19, 24, 'Alovera'),
(19027, 8, 19, 27, 'Alustante'),
(19031, 8, 19, 31, 'Angón'),
(19032, 8, 19, 32, 'Anguita'),
(19033, 8, 19, 33, 'Anquela del Ducado'),
(19034, 8, 19, 34, 'Anquela del Pedregal'),
(19036, 8, 19, 36, 'Aranzueque'),
(19037, 8, 19, 37, 'Arbancón'),
(19038, 8, 19, 38, 'Arbeteta'),
(19039, 8, 19, 39, 'Argecilla'),
(19040, 8, 19, 40, 'Armallones'),
(19041, 8, 19, 41, 'Armuña de Tajuña'),
(19042, 8, 19, 42, 'Arroyo de las Fraguas'),
(19043, 8, 19, 43, 'Atanzón'),
(19044, 8, 19, 44, 'Atienza'),
(19045, 8, 19, 45, 'Auñón'),
(19046, 8, 19, 46, 'Azuqueca de Henares'),
(19047, 8, 19, 47, 'Baides'),
(19048, 8, 19, 48, 'Baños de Tajo'),
(19049, 8, 19, 49, 'Bañuelos'),
(19050, 8, 19, 50, 'Barriopedro'),
(19051, 8, 19, 51, 'Berninches'),
(19052, 8, 19, 52, 'Bodera, La'),
(19053, 8, 19, 53, 'Brihuega'),
(19054, 8, 19, 54, 'Budia'),
(19055, 8, 19, 55, 'Bujalaro'),
(19057, 8, 19, 57, 'Bustares'),
(19058, 8, 19, 58, 'Cabanillas del Campo'),
(19059, 8, 19, 59, 'Campillo de Dueñas'),
(19060, 8, 19, 60, 'Campillo de Ranas'),
(19061, 8, 19, 61, 'Campisábalos'),
(19064, 8, 19, 64, 'Canredondo'),
(19065, 8, 19, 65, 'Cantalojas'),
(19066, 8, 19, 66, 'Cañizar'),
(19067, 8, 19, 67, 'Cardoso de la Sierra, El'),
(19070, 8, 19, 70, 'Casa de Uceda'),
(19071, 8, 19, 71, 'Casar, El'),
(19073, 8, 19, 73, 'Casas de San Galindo'),
(19074, 8, 19, 74, 'Caspueñas'),
(19075, 8, 19, 75, 'Castejón de Henares'),
(19076, 8, 19, 76, 'Castellar de la Muela'),
(19078, 8, 19, 78, 'Castilforte'),
(19079, 8, 19, 79, 'Castilnuevo'),
(19080, 8, 19, 80, 'Cendejas de Enmedio'),
(19081, 8, 19, 81, 'Cendejas de la Torre'),
(19082, 8, 19, 82, 'Centenera'),
(19086, 8, 19, 86, 'Cifuentes'),
(19087, 8, 19, 87, 'Cincovillas'),
(19088, 8, 19, 88, 'Ciruelas'),
(19089, 8, 19, 89, 'Ciruelos del Pinar'),
(19090, 8, 19, 90, 'Cobeta'),
(19091, 8, 19, 91, 'Cogollor'),
(19092, 8, 19, 92, 'Cogolludo'),
(19095, 8, 19, 95, 'Condemios de Abajo'),
(19096, 8, 19, 96, 'Condemios de Arriba'),
(19097, 8, 19, 97, 'Congostrina'),
(19098, 8, 19, 98, 'Copernal'),
(19099, 8, 19, 99, 'Corduente'),
(19102, 8, 19, 102, 'Cubillo de Uceda, El'),
(19103, 8, 19, 103, 'Checa'),
(19104, 8, 19, 104, 'Chequilla'),
(19105, 8, 19, 105, 'Chiloeches'),
(19106, 8, 19, 106, 'Chillarón del Rey'),
(19107, 8, 19, 107, 'Driebes'),
(19108, 8, 19, 108, 'Durón'),
(19109, 8, 19, 109, 'Embid'),
(19110, 8, 19, 110, 'Escamilla'),
(19111, 8, 19, 111, 'Escariche'),
(19112, 8, 19, 112, 'Escopete'),
(19113, 8, 19, 113, 'Espinosa de Henares'),
(19114, 8, 19, 114, 'Esplegares'),
(19115, 8, 19, 115, 'Establés'),
(19116, 8, 19, 116, 'Estriégana'),
(19117, 8, 19, 117, 'Fontanar'),
(19118, 8, 19, 118, 'Fuembellida'),
(19119, 8, 19, 119, 'Fuencemillán'),
(19120, 8, 19, 120, 'Fuentelahiguera de Albatages'),
(19121, 8, 19, 121, 'Fuentelencina'),
(19122, 8, 19, 122, 'Fuentelsaz'),
(19123, 8, 19, 123, 'Fuentelviejo'),
(19124, 8, 19, 124, 'Fuentenovilla'),
(19125, 8, 19, 125, 'Gajanejos'),
(19126, 8, 19, 126, 'Galápagos'),
(19127, 8, 19, 127, 'Galve de Sorbe'),
(19129, 8, 19, 129, 'Gascueña de Bornova'),
(19130, 8, 19, 130, 'Guadalajara'),
(19132, 8, 19, 132, 'Henche'),
(19133, 8, 19, 133, 'Heras de Ayuso'),
(19134, 8, 19, 134, 'Herrería'),
(19135, 8, 19, 135, 'Hiendelaencina'),
(19136, 8, 19, 136, 'Hijes'),
(19138, 8, 19, 138, 'Hita'),
(19139, 8, 19, 139, 'Hombrados'),
(19142, 8, 19, 142, 'Hontoba'),
(19143, 8, 19, 143, 'Horche'),
(19145, 8, 19, 145, 'Hortezuela de Océn'),
(19146, 8, 19, 146, 'Huerce, La'),
(19147, 8, 19, 147, 'Huérmeces del Cerro'),
(19148, 8, 19, 148, 'Huertahernando'),
(19150, 8, 19, 150, 'Hueva'),
(19151, 8, 19, 151, 'Humanes'),
(19152, 8, 19, 152, 'Illana'),
(19153, 8, 19, 153, 'Iniéstola'),
(19154, 8, 19, 154, 'Inviernas, Las'),
(19155, 8, 19, 155, 'Irueste'),
(19156, 8, 19, 156, 'Jadraque'),
(19157, 8, 19, 157, 'Jirueque'),
(19159, 8, 19, 159, 'Ledanca'),
(19160, 8, 19, 160, 'Loranca de Tajuña'),
(19161, 8, 19, 161, 'Lupiana'),
(19162, 8, 19, 162, 'Luzaga'),
(19163, 8, 19, 163, 'Luzón'),
(19165, 8, 19, 165, 'Majaelrayo'),
(19166, 8, 19, 166, 'Málaga del Fresno'),
(19167, 8, 19, 167, 'Malaguilla'),
(19168, 8, 19, 168, 'Mandayona'),
(19169, 8, 19, 169, 'Mantiel'),
(19170, 8, 19, 170, 'Maranchón'),
(19171, 8, 19, 171, 'Marchamalo'),
(19172, 8, 19, 172, 'Masegoso de Tajuña'),
(19173, 8, 19, 173, 'Matarrubia'),
(19174, 8, 19, 174, 'Matillas'),
(19175, 8, 19, 175, 'Mazarete'),
(19176, 8, 19, 176, 'Mazuecos'),
(19177, 8, 19, 177, 'Medranda'),
(19178, 8, 19, 178, 'Megina'),
(19179, 8, 19, 179, 'Membrillera'),
(19181, 8, 19, 181, 'Miedes de Atienza'),
(19182, 8, 19, 182, 'Mierla, La'),
(19183, 8, 19, 183, 'Milmarcos'),
(19184, 8, 19, 184, 'Millana'),
(19185, 8, 19, 185, 'Miñosa, La'),
(19186, 8, 19, 186, 'Mirabueno'),
(19187, 8, 19, 187, 'Miralrío'),
(19188, 8, 19, 188, 'Mochales'),
(19189, 8, 19, 189, 'Mohernando'),
(19190, 8, 19, 190, 'Molina de Aragón'),
(19191, 8, 19, 191, 'Monasterio'),
(19192, 8, 19, 192, 'Mondéjar'),
(19193, 8, 19, 193, 'Montarrón'),
(19194, 8, 19, 194, 'Moratilla de los Meleros'),
(19195, 8, 19, 195, 'Morenilla'),
(19196, 8, 19, 196, 'Muduex'),
(19197, 8, 19, 197, 'Navas de Jadraque, Las'),
(19198, 8, 19, 198, 'Negredo'),
(19199, 8, 19, 199, 'Ocentejo'),
(19200, 8, 19, 200, 'Olivar, El'),
(19201, 8, 19, 201, 'Olmeda de Cobeta'),
(19202, 8, 19, 202, 'Olmeda de Jadraque, La'),
(19203, 8, 19, 203, 'Ordial, El'),
(19204, 8, 19, 204, 'Orea'),
(19208, 8, 19, 208, 'Pálmaces de Jadraque'),
(19209, 8, 19, 209, 'Pardos'),
(19210, 8, 19, 210, 'Paredes de Sigüenza'),
(19211, 8, 19, 211, 'Pareja'),
(19212, 8, 19, 212, 'Pastrana'),
(19213, 8, 19, 213, 'Pedregal, El'),
(19214, 8, 19, 214, 'Peñalén'),
(19215, 8, 19, 215, 'Peñalver'),
(19216, 8, 19, 216, 'Peralejos de las Truchas'),
(19217, 8, 19, 217, 'Peralveche'),
(19218, 8, 19, 218, 'Pinilla de Jadraque'),
(19219, 8, 19, 219, 'Pinilla de Molina'),
(19220, 8, 19, 220, 'Pioz'),
(19221, 8, 19, 221, 'Piqueras'),
(19222, 8, 19, 222, 'Pobo de Dueñas, El'),
(19223, 8, 19, 223, 'Poveda de la Sierra'),
(19224, 8, 19, 224, 'Pozo de Almoguera'),
(19225, 8, 19, 225, 'Pozo de Guadalajara'),
(19226, 8, 19, 226, 'Prádena de Atienza'),
(19227, 8, 19, 227, 'Prados Redondos'),
(19228, 8, 19, 228, 'Puebla de Beleña'),
(19229, 8, 19, 229, 'Puebla de Valles'),
(19230, 8, 19, 230, 'Quer'),
(19231, 8, 19, 231, 'Rebollosa de Jadraque'),
(19232, 8, 19, 232, 'Recuenco, El'),
(19233, 8, 19, 233, 'Renera'),
(19234, 8, 19, 234, 'Retiendas'),
(19235, 8, 19, 235, 'Riba de Saelices'),
(19237, 8, 19, 237, 'Rillo de Gallo'),
(19238, 8, 19, 238, 'Riofrío del Llano'),
(19239, 8, 19, 239, 'Robledillo de Mohernando'),
(19240, 8, 19, 240, 'Robledo de Corpes'),
(19241, 8, 19, 241, 'Romanillos de Atienza'),
(19242, 8, 19, 242, 'Romanones'),
(19243, 8, 19, 243, 'Rueda de la Sierra'),
(19244, 8, 19, 244, 'Sacecorbo'),
(19245, 8, 19, 245, 'Sacedón'),
(19246, 8, 19, 246, 'Saelices de la Sal'),
(19247, 8, 19, 247, 'Salmerón'),
(19248, 8, 19, 248, 'San Andrés del Congosto'),
(19249, 8, 19, 249, 'San Andrés del Rey'),
(19250, 8, 19, 250, 'Santiuste'),
(19251, 8, 19, 251, 'Saúca'),
(19252, 8, 19, 252, 'Sayatón'),
(19254, 8, 19, 254, 'Selas'),
(19255, 8, 19, 255, 'Setiles'),
(19256, 8, 19, 256, 'Sienes'),
(19257, 8, 19, 257, 'Sigüenza'),
(19258, 8, 19, 258, 'Solanillos del Extremo'),
(19259, 8, 19, 259, 'Somolinos'),
(19260, 8, 19, 260, 'Sotillo, El'),
(19261, 8, 19, 261, 'Sotodosos'),
(19262, 8, 19, 262, 'Tamajón'),
(19263, 8, 19, 263, 'Taragudo'),
(19264, 8, 19, 264, 'Taravilla'),
(19265, 8, 19, 265, 'Tartanedo'),
(19266, 8, 19, 266, 'Tendilla'),
(19267, 8, 19, 267, 'Terzaga'),
(19268, 8, 19, 268, 'Tierzo'),
(19269, 8, 19, 269, 'Toba, La'),
(19270, 8, 19, 270, 'Tordelrábano'),
(19271, 8, 19, 271, 'Tordellego'),
(19272, 8, 19, 272, 'Tordesilos'),
(19274, 8, 19, 274, 'Torija'),
(19277, 8, 19, 277, 'Torrecuadrada de Molina'),
(19278, 8, 19, 278, 'Torrecuadradilla'),
(19279, 8, 19, 279, 'Torre del Burgo'),
(19280, 8, 19, 280, 'Torrejón del Rey'),
(19281, 8, 19, 281, 'Torremocha de Jadraque'),
(19282, 8, 19, 282, 'Torremocha del Campo'),
(19283, 8, 19, 283, 'Torremocha del Pinar'),
(19284, 8, 19, 284, 'Torremochuela'),
(19285, 8, 19, 285, 'Torrubia'),
(19286, 8, 19, 286, 'Tórtola de Henares'),
(19287, 8, 19, 287, 'Tortuera'),
(19288, 8, 19, 288, 'Tortuero'),
(19289, 8, 19, 289, 'Traíd'),
(19290, 8, 19, 290, 'Trijueque'),
(19291, 8, 19, 291, 'Trillo'),
(19293, 8, 19, 293, 'Uceda'),
(19294, 8, 19, 294, 'Ujados'),
(19296, 8, 19, 296, 'Utande'),
(19297, 8, 19, 297, 'Valdarachas'),
(19298, 8, 19, 298, 'Valdearenas'),
(19299, 8, 19, 299, 'Valdeavellano'),
(19300, 8, 19, 300, 'Valdeaveruelo'),
(19301, 8, 19, 301, 'Valdeconcha'),
(19302, 8, 19, 302, 'Valdegrudas'),
(19303, 8, 19, 303, 'Valdelcubo'),
(19304, 8, 19, 304, 'Valdenuño Fernández'),
(19305, 8, 19, 305, 'Valdepeñas de la Sierra'),
(19306, 8, 19, 306, 'Valderrebollo'),
(19307, 8, 19, 307, 'Valdesotos'),
(19308, 8, 19, 308, 'Valfermoso de Tajuña'),
(19309, 8, 19, 309, 'Valhermoso'),
(19310, 8, 19, 310, 'Valtablado del Río'),
(19311, 8, 19, 311, 'Valverde de los Arroyos'),
(19314, 8, 19, 314, 'Viana de Jadraque'),
(19317, 8, 19, 317, 'Villanueva de Alcorón'),
(19318, 8, 19, 318, 'Villanueva de Argecilla'),
(19319, 8, 19, 319, 'Villanueva de la Torre'),
(19321, 8, 19, 321, 'Villares de Jadraque'),
(19322, 8, 19, 322, 'Villaseca de Henares'),
(19323, 8, 19, 323, 'Villaseca de Uceda'),
(19324, 8, 19, 324, 'Villel de Mesa'),
(19325, 8, 19, 325, 'Viñuelas'),
(19326, 8, 19, 326, 'Yebes'),
(19327, 8, 19, 327, 'Yebra'),
(19329, 8, 19, 329, 'Yélamos de Abajo'),
(19330, 8, 19, 330, 'Yélamos de Arriba'),
(19331, 8, 19, 331, 'Yunquera de Henares'),
(19332, 8, 19, 332, 'Yunta, La'),
(19333, 8, 19, 333, 'Zaorejas'),
(19334, 8, 19, 334, 'Zarzuela de Jadraque'),
(19335, 8, 19, 335, 'Zorita de los Canes'),
(19901, 8, 19, 901, 'Semillas'),
(20000, 16, 20, 0, 'Provincia de  Gipuzkoa'),
(20001, 16, 20, 1, 'Abaltzisketa'),
(20002, 16, 20, 2, 'Aduna'),
(20003, 16, 20, 3, 'Aizarnazabal'),
(20004, 16, 20, 4, 'Albiztur'),
(20005, 16, 20, 5, 'Alegia'),
(20006, 16, 20, 6, 'Alkiza'),
(20007, 16, 20, 7, 'Altzo'),
(20008, 16, 20, 8, 'Amezketa'),
(20009, 16, 20, 9, 'Andoain'),
(20010, 16, 20, 10, 'Anoeta'),
(20011, 16, 20, 11, 'Antzuola'),
(20012, 16, 20, 12, 'Arama'),
(20013, 16, 20, 13, 'Aretxabaleta'),
(20014, 16, 20, 14, 'Asteasu'),
(20015, 16, 20, 15, 'Ataun'),
(20016, 16, 20, 16, 'Aia'),
(20017, 16, 20, 17, 'Azkoitia'),
(20018, 16, 20, 18, 'Azpeitia'),
(20019, 16, 20, 19, 'Beasain'),
(20020, 16, 20, 20, 'Beizama'),
(20021, 16, 20, 21, 'Belauntza'),
(20022, 16, 20, 22, 'Berastegi'),
(20023, 16, 20, 23, 'Berrobi'),
(20024, 16, 20, 24, 'Bidania-Goiatz'),
(20025, 16, 20, 25, 'Zegama'),
(20026, 16, 20, 26, 'Zerain'),
(20027, 16, 20, 27, 'Zestoa'),
(20028, 16, 20, 28, 'Zizurkil'),
(20029, 16, 20, 29, 'Deba'),
(20030, 16, 20, 30, 'Eibar'),
(20031, 16, 20, 31, 'Elduain'),
(20032, 16, 20, 32, 'Elgoibar'),
(20033, 16, 20, 33, 'Elgeta'),
(20034, 16, 20, 34, 'Eskoriatza'),
(20035, 16, 20, 35, 'Ezkio-Itsaso'),
(20036, 16, 20, 36, 'Hondarribia'),
(20037, 16, 20, 37, 'Gaintza'),
(20038, 16, 20, 38, 'Gabiria'),
(20039, 16, 20, 39, 'Getaria'),
(20040, 16, 20, 40, 'Hernani'),
(20041, 16, 20, 41, 'Hernialde'),
(20042, 16, 20, 42, 'Ibarra'),
(20043, 16, 20, 43, 'Idiazabal'),
(20044, 16, 20, 44, 'Ikaztegieta'),
(20045, 16, 20, 45, 'Irun'),
(20046, 16, 20, 46, 'Irura'),
(20047, 16, 20, 47, 'Itsasondo'),
(20048, 16, 20, 48, 'Larraul'),
(20049, 16, 20, 49, 'Lazkao'),
(20050, 16, 20, 50, 'Leaburu'),
(20051, 16, 20, 51, 'Legazpi'),
(20052, 16, 20, 52, 'Legorreta'),
(20053, 16, 20, 53, 'Lezo'),
(20054, 16, 20, 54, 'Lizartza'),
(20055, 16, 20, 55, 'Arrasate/Mondragón'),
(20056, 16, 20, 56, 'Mutriku'),
(20057, 16, 20, 57, 'Mutiloa'),
(20058, 16, 20, 58, 'Olaberria'),
(20059, 16, 20, 59, 'Oñati'),
(20060, 16, 20, 60, 'Orexa'),
(20061, 16, 20, 61, 'Orio'),
(20062, 16, 20, 62, 'Ormaiztegi'),
(20063, 16, 20, 63, 'Oiartzun'),
(20064, 16, 20, 64, 'Pasaia'),
(20065, 16, 20, 65, 'Soraluze-Placencia de las Armas'),
(20066, 16, 20, 66, 'Errezil'),
(20067, 16, 20, 67, 'Errenteria'),
(20068, 16, 20, 68, 'Leintz-Gatzaga'),
(20069, 16, 20, 69, 'Donostia/San Sebastián'),
(20070, 16, 20, 70, 'Segura'),
(20071, 16, 20, 71, 'Tolosa'),
(20072, 16, 20, 72, 'Urnieta'),
(20073, 16, 20, 73, 'Usurbil'),
(20074, 16, 20, 74, 'Bergara'),
(20075, 16, 20, 75, 'Villabona'),
(20076, 16, 20, 76, 'Ordizia'),
(20077, 16, 20, 77, 'Urretxu'),
(20078, 16, 20, 78, 'Zaldibia'),
(20079, 16, 20, 79, 'Zarautz'),
(20080, 16, 20, 80, 'Zumarraga'),
(20081, 16, 20, 81, 'Zumaia'),
(20901, 16, 20, 901, 'Mendaro'),
(20902, 16, 20, 902, 'Lasarte-Oria'),
(20903, 16, 20, 903, 'Astigarraga'),
(20904, 16, 20, 904, 'Baliarrain'),
(20905, 16, 20, 905, 'Orendain'),
(20906, 16, 20, 906, 'Altzaga'),
(20907, 16, 20, 907, 'Gaztelu'),
(21000, 1, 21, 0, 'Provincia de  Huelva'),
(21001, 1, 21, 1, 'Alájar'),
(21002, 1, 21, 2, 'Aljaraque'),
(21003, 1, 21, 3, 'Almendro, El'),
(21004, 1, 21, 4, 'Almonaster la Real'),
(21005, 1, 21, 5, 'Almonte'),
(21006, 1, 21, 6, 'Alosno'),
(21007, 1, 21, 7, 'Aracena'),
(21008, 1, 21, 8, 'Aroche'),
(21009, 1, 21, 9, 'Arroyomolinos de León'),
(21010, 1, 21, 10, 'Ayamonte'),
(21011, 1, 21, 11, 'Beas'),
(21012, 1, 21, 12, 'Berrocal'),
(21013, 1, 21, 13, 'Bollullos Par del Condado'),
(21014, 1, 21, 14, 'Bonares'),
(21015, 1, 21, 15, 'Cabezas Rubias'),
(21016, 1, 21, 16, 'Cala'),
(21017, 1, 21, 17, 'Calañas'),
(21018, 1, 21, 18, 'Campillo, El'),
(21019, 1, 21, 19, 'Campofrío'),
(21020, 1, 21, 20, 'Cañaveral de León'),
(21021, 1, 21, 21, 'Cartaya'),
(21022, 1, 21, 22, 'Castaño del Robledo'),
(21023, 1, 21, 23, 'Cerro de Andévalo, El'),
(21024, 1, 21, 24, 'Corteconcepción'),
(21025, 1, 21, 25, 'Cortegana'),
(21026, 1, 21, 26, 'Cortelazor'),
(21027, 1, 21, 27, 'Cumbres de Enmedio'),
(21028, 1, 21, 28, 'Cumbres de San Bartolomé'),
(21029, 1, 21, 29, 'Cumbres Mayores'),
(21030, 1, 21, 30, 'Chucena'),
(21031, 1, 21, 31, 'Encinasola'),
(21032, 1, 21, 32, 'Escacena del Campo'),
(21033, 1, 21, 33, 'Fuenteheridos'),
(21034, 1, 21, 34, 'Galaroza'),
(21035, 1, 21, 35, 'Gibraleón'),
(21036, 1, 21, 36, 'Granada de Río-Tinto, La'),
(21037, 1, 21, 37, 'Granado, El'),
(21038, 1, 21, 38, 'Higuera de la Sierra'),
(21039, 1, 21, 39, 'Hinojales'),
(21040, 1, 21, 40, 'Hinojos'),
(21041, 1, 21, 41, 'Huelva'),
(21042, 1, 21, 42, 'Isla Cristina'),
(21043, 1, 21, 43, 'Jabugo'),
(21044, 1, 21, 44, 'Lepe'),
(21045, 1, 21, 45, 'Linares de la Sierra'),
(21046, 1, 21, 46, 'Lucena del Puerto'),
(21047, 1, 21, 47, 'Manzanilla'),
(21048, 1, 21, 48, 'Marines, Los'),
(21049, 1, 21, 49, 'Minas de Riotinto'),
(21050, 1, 21, 50, 'Moguer'),
(21051, 1, 21, 51, 'Nava, La'),
(21052, 1, 21, 52, 'Nerva'),
(21053, 1, 21, 53, 'Niebla'),
(21054, 1, 21, 54, 'Palma del Condado, La'),
(21055, 1, 21, 55, 'Palos de la Frontera'),
(21056, 1, 21, 56, 'Paterna del Campo'),
(21057, 1, 21, 57, 'Paymogo'),
(21058, 1, 21, 58, 'Puebla de Guzmán'),
(21059, 1, 21, 59, 'Puerto Moral'),
(21060, 1, 21, 60, 'Punta Umbría'),
(21061, 1, 21, 61, 'Rociana del Condado'),
(21062, 1, 21, 62, 'Rosal de la Frontera'),
(21063, 1, 21, 63, 'San Bartolomé de la Torre'),
(21064, 1, 21, 64, 'San Juan del Puerto'),
(21065, 1, 21, 65, 'Sanlúcar de Guadiana'),
(21066, 1, 21, 66, 'San Silvestre de Guzmán'),
(21067, 1, 21, 67, 'Santa Ana la Real'),
(21068, 1, 21, 68, 'Santa Bárbara de Casa'),
(21069, 1, 21, 69, 'Santa Olalla del Cala'),
(21070, 1, 21, 70, 'Trigueros'),
(21071, 1, 21, 71, 'Valdelarco'),
(21072, 1, 21, 72, 'Valverde del Camino'),
(21073, 1, 21, 73, 'Villablanca'),
(21074, 1, 21, 74, 'Villalba del Alcor'),
(21075, 1, 21, 75, 'Villanueva de las Cruces'),
(21076, 1, 21, 76, 'Villanueva de los Castillejos'),
(21077, 1, 21, 77, 'Villarrasa'),
(21078, 1, 21, 78, 'Zalamea la Real'),
(21079, 1, 21, 79, 'Zufre'),
(21902, 1, 21, 902, 'Zarza-Perrunal, La'),
(22000, 2, 22, 0, 'Provincia de  Huesca'),
(22001, 2, 22, 1, 'Abiego'),
(22002, 2, 22, 2, 'Abizanda'),
(22003, 2, 22, 3, 'Adahuesca'),
(22004, 2, 22, 4, 'Agüero'),
(22006, 2, 22, 6, 'Aisa'),
(22007, 2, 22, 7, 'Albalate de Cinca'),
(22008, 2, 22, 8, 'Albalatillo'),
(22009, 2, 22, 9, 'Albelda'),
(22011, 2, 22, 11, 'Albero Alto'),
(22012, 2, 22, 12, 'Albero Bajo'),
(22013, 2, 22, 13, 'Alberuela de Tubo'),
(22014, 2, 22, 14, 'Alcalá de Gurrea'),
(22015, 2, 22, 15, 'Alcalá del Obispo'),
(22016, 2, 22, 16, 'Alcampell'),
(22017, 2, 22, 17, 'Alcolea de Cinca'),
(22018, 2, 22, 18, 'Alcubierre'),
(22019, 2, 22, 19, 'Alerre'),
(22020, 2, 22, 20, 'Alfántega'),
(22021, 2, 22, 21, 'Almudévar'),
(22022, 2, 22, 22, 'Almunia de San Juan'),
(22023, 2, 22, 23, 'Almuniente'),
(22024, 2, 22, 24, 'Alquézar'),
(22025, 2, 22, 25, 'Altorricón'),
(22027, 2, 22, 27, 'Angüés'),
(22028, 2, 22, 28, 'Ansó'),
(22029, 2, 22, 29, 'Antillón'),
(22032, 2, 22, 32, 'Aragüés del Puerto'),
(22035, 2, 22, 35, 'Arén'),
(22036, 2, 22, 36, 'Argavieso'),
(22037, 2, 22, 37, 'Arguis'),
(22039, 2, 22, 39, 'Ayerbe'),
(22040, 2, 22, 40, 'Azanuy-Alins'),
(22041, 2, 22, 41, 'Azara'),
(22042, 2, 22, 42, 'Azlor'),
(22043, 2, 22, 43, 'Baélls'),
(22044, 2, 22, 44, 'Bailo'),
(22045, 2, 22, 45, 'Baldellou'),
(22046, 2, 22, 46, 'Ballobar'),
(22047, 2, 22, 47, 'Banastás'),
(22048, 2, 22, 48, 'Barbastro'),
(22049, 2, 22, 49, 'Barbués'),
(22050, 2, 22, 50, 'Barbuñales'),
(22051, 2, 22, 51, 'Bárcabo'),
(22052, 2, 22, 52, 'Belver de Cinca'),
(22053, 2, 22, 53, 'Benabarre'),
(22054, 2, 22, 54, 'Benasque'),
(22055, 2, 22, 55, 'Berbegal'),
(22057, 2, 22, 57, 'Bielsa'),
(22058, 2, 22, 58, 'Bierge'),
(22059, 2, 22, 59, 'Biescas'),
(22060, 2, 22, 60, 'Binaced'),
(22061, 2, 22, 61, 'Binéfar'),
(22062, 2, 22, 62, 'Bisaurri'),
(22063, 2, 22, 63, 'Biscarrués'),
(22064, 2, 22, 64, 'Blecua y Torres'),
(22066, 2, 22, 66, 'Boltaña'),
(22067, 2, 22, 67, 'Bonansa'),
(22068, 2, 22, 68, 'Borau'),
(22069, 2, 22, 69, 'Broto'),
(22072, 2, 22, 72, 'Caldearenas'),
(22074, 2, 22, 74, 'Campo'),
(22075, 2, 22, 75, 'Camporrélls'),
(22076, 2, 22, 76, 'Canal de Berdún'),
(22077, 2, 22, 77, 'Candasnos'),
(22078, 2, 22, 78, 'Canfranc'),
(22079, 2, 22, 79, 'Capdesaso'),
(22080, 2, 22, 80, 'Capella'),
(22081, 2, 22, 81, 'Casbas de Huesca'),
(22082, 2, 22, 82, 'Castejón del Puente'),
(22083, 2, 22, 83, 'Castejón de Monegros'),
(22084, 2, 22, 84, 'Castejón de Sos'),
(22085, 2, 22, 85, 'Castelflorite'),
(22086, 2, 22, 86, 'Castiello de Jaca'),
(22087, 2, 22, 87, 'Castigaleu'),
(22088, 2, 22, 88, 'Castillazuelo'),
(22089, 2, 22, 89, 'Castillonroy'),
(22090, 2, 22, 90, 'Colungo'),
(22094, 2, 22, 94, 'Chalamera'),
(22095, 2, 22, 95, 'Chía'),
(22096, 2, 22, 96, 'Chimillas'),
(22099, 2, 22, 99, 'Esplús'),
(22102, 2, 22, 102, 'Estada'),
(22103, 2, 22, 103, 'Estadilla'),
(22105, 2, 22, 105, 'Estopiñán del Castillo'),
(22106, 2, 22, 106, 'Fago'),
(22107, 2, 22, 107, 'Fanlo'),
(22109, 2, 22, 109, 'Fiscal'),
(22110, 2, 22, 110, 'Fonz'),
(22111, 2, 22, 111, 'Foradada del Toscar'),
(22112, 2, 22, 112, 'Fraga'),
(22113, 2, 22, 113, 'Fueva, La'),
(22114, 2, 22, 114, 'Gistaín'),
(22115, 2, 22, 115, 'Grado, El'),
(22116, 2, 22, 116, 'Grañén'),
(22117, 2, 22, 117, 'Graus'),
(22119, 2, 22, 119, 'Gurrea de Gállego'),
(22122, 2, 22, 122, 'Hoz de Jaca'),
(22124, 2, 22, 124, 'Huerto'),
(22125, 2, 22, 125, 'Huesca'),
(22126, 2, 22, 126, 'Ibieca'),
(22127, 2, 22, 127, 'Igriés'),
(22128, 2, 22, 128, 'Ilche'),
(22129, 2, 22, 129, 'Isábena'),
(22130, 2, 22, 130, 'Jaca'),
(22131, 2, 22, 131, 'Jasa'),
(22133, 2, 22, 133, 'Labuerda'),
(22135, 2, 22, 135, 'Laluenga'),
(22136, 2, 22, 136, 'Lalueza'),
(22137, 2, 22, 137, 'Lanaja'),
(22139, 2, 22, 139, 'Laperdiguera'),
(22141, 2, 22, 141, 'Lascellas-Ponzano'),
(22142, 2, 22, 142, 'Lascuarre'),
(22143, 2, 22, 143, 'Laspaúles'),
(22144, 2, 22, 144, 'Laspuña'),
(22149, 2, 22, 149, 'Loarre'),
(22150, 2, 22, 150, 'Loporzano'),
(22151, 2, 22, 151, 'Loscorrales'),
(22155, 2, 22, 155, 'Monesma y Cajigar'),
(22156, 2, 22, 156, 'Monflorite-Lascasas'),
(22157, 2, 22, 157, 'Montanuy'),
(22158, 2, 22, 158, 'Monzón'),
(22160, 2, 22, 160, 'Naval'),
(22162, 2, 22, 162, 'Novales'),
(22163, 2, 22, 163, 'Nueno'),
(22164, 2, 22, 164, 'Olvena'),
(22165, 2, 22, 165, 'Ontiñena'),
(22167, 2, 22, 167, 'Osso de Cinca'),
(22168, 2, 22, 168, 'Palo'),
(22170, 2, 22, 170, 'Panticosa'),
(22172, 2, 22, 172, 'Peñalba'),
(22173, 2, 22, 173, 'Peñas de Riglos, Las'),
(22174, 2, 22, 174, 'Peralta de Alcofea'),
(22175, 2, 22, 175, 'Peralta de Calasanz'),
(22176, 2, 22, 176, 'Peraltilla'),
(22177, 2, 22, 177, 'Perarrúa'),
(22178, 2, 22, 178, 'Pertusa'),
(22181, 2, 22, 181, 'Piracés'),
(22182, 2, 22, 182, 'Plan'),
(22184, 2, 22, 184, 'Poleñino'),
(22186, 2, 22, 186, 'Pozán de Vero'),
(22187, 2, 22, 187, 'Puebla de Castro, La'),
(22188, 2, 22, 188, 'Puente de Montañana'),
(22189, 2, 22, 189, 'Puértolas'),
(22190, 2, 22, 190, 'Pueyo de Araguás, El'),
(22193, 2, 22, 193, 'Pueyo de Santa Cruz'),
(22195, 2, 22, 195, 'Quicena'),
(22197, 2, 22, 197, 'Robres'),
(22199, 2, 22, 199, 'Sabiñánigo'),
(22200, 2, 22, 200, 'Sahún'),
(22201, 2, 22, 201, 'Salas Altas'),
(22202, 2, 22, 202, 'Salas Bajas'),
(22203, 2, 22, 203, 'Salillas'),
(22204, 2, 22, 204, 'Sallent de Gállego'),
(22205, 2, 22, 205, 'San Esteban de Litera'),
(22206, 2, 22, 206, 'Sangarrén'),
(22207, 2, 22, 207, 'San Juan de Plan'),
(22208, 2, 22, 208, 'Santa Cilia'),
(22209, 2, 22, 209, 'Santa Cruz de la Serós'),
(22212, 2, 22, 212, 'Santaliestra y San Quílez'),
(22213, 2, 22, 213, 'Sariñena'),
(22214, 2, 22, 214, 'Secastilla'),
(22215, 2, 22, 215, 'Seira'),
(22217, 2, 22, 217, 'Sena'),
(22218, 2, 22, 218, 'Senés de Alcubierre'),
(22220, 2, 22, 220, 'Sesa'),
(22221, 2, 22, 221, 'Sesué'),
(22222, 2, 22, 222, 'Siétamo'),
(22223, 2, 22, 223, 'Sopeira'),
(22225, 2, 22, 225, 'Tamarite de Litera'),
(22226, 2, 22, 226, 'Tardienta'),
(22227, 2, 22, 227, 'Tella-Sin'),
(22228, 2, 22, 228, 'Tierz'),
(22229, 2, 22, 229, 'Tolva'),
(22230, 2, 22, 230, 'Torla-Ordesa'),
(22232, 2, 22, 232, 'Torralba de Aragón'),
(22233, 2, 22, 233, 'Torre la Ribera'),
(22234, 2, 22, 234, 'Torrente de Cinca'),
(22235, 2, 22, 235, 'Torres de Alcanadre'),
(22236, 2, 22, 236, 'Torres de Barbués'),
(22239, 2, 22, 239, 'Tramaced'),
(22242, 2, 22, 242, 'Valfarta'),
(22243, 2, 22, 243, 'Valle de Bardají'),
(22244, 2, 22, 244, 'Valle de Lierp'),
(22245, 2, 22, 245, 'Velilla de Cinca'),
(22246, 2, 22, 246, 'Beranuy'),
(22247, 2, 22, 247, 'Viacamp y Litera'),
(22248, 2, 22, 248, 'Vicién'),
(22249, 2, 22, 249, 'Villanova'),
(22250, 2, 22, 250, 'Villanúa'),
(22251, 2, 22, 251, 'Villanueva de Sigena'),
(22252, 2, 22, 252, 'Yebra de Basa'),
(22253, 2, 22, 253, 'Yésero'),
(22254, 2, 22, 254, 'Zaidín'),
(22901, 2, 22, 901, 'Valle de Hecho'),
(22902, 2, 22, 902, 'Puente la Reina de Jaca'),
(22903, 2, 22, 903, 'San Miguel del Cinca'),
(22904, 2, 22, 904, 'Sotonera, La'),
(22905, 2, 22, 905, 'Lupiñén-Ortilla'),
(22906, 2, 22, 906, 'Santa María de Dulcis'),
(22907, 2, 22, 907, 'Aínsa-Sobrarbe'),
(22908, 2, 22, 908, 'Hoz y Costean'),
(22909, 2, 22, 909, 'Vencillón'),
(23000, 1, 23, 0, 'Provincia de  Jaén'),
(23001, 1, 23, 1, 'Albanchez de Mágina'),
(23002, 1, 23, 2, 'Alcalá la Real'),
(23003, 1, 23, 3, 'Alcaudete'),
(23004, 1, 23, 4, 'Aldeaquemada'),
(23005, 1, 23, 5, 'Andújar'),
(23006, 1, 23, 6, 'Arjona'),
(23007, 1, 23, 7, 'Arjonilla'),
(23008, 1, 23, 8, 'Arquillos'),
(23009, 1, 23, 9, 'Baeza'),
(23010, 1, 23, 10, 'Bailén'),
(23011, 1, 23, 11, 'Baños de la Encina'),
(23012, 1, 23, 12, 'Beas de Segura'),
(23014, 1, 23, 14, 'Begíjar'),
(23015, 1, 23, 15, 'Bélmez de la Moraleda'),
(23016, 1, 23, 16, 'Benatae'),
(23017, 1, 23, 17, 'Cabra del Santo Cristo'),
(23018, 1, 23, 18, 'Cambil'),
(23019, 1, 23, 19, 'Campillo de Arenas'),
(23020, 1, 23, 20, 'Canena'),
(23021, 1, 23, 21, 'Carboneros'),
(23024, 1, 23, 24, 'Carolina, La'),
(23025, 1, 23, 25, 'Castellar'),
(23026, 1, 23, 26, 'Castillo de Locubín'),
(23027, 1, 23, 27, 'Cazalilla'),
(23028, 1, 23, 28, 'Cazorla'),
(23029, 1, 23, 29, 'Chiclana de Segura'),
(23030, 1, 23, 30, 'Chilluévar'),
(23031, 1, 23, 31, 'Escañuela'),
(23032, 1, 23, 32, 'Espeluy'),
(23033, 1, 23, 33, 'Frailes'),
(23034, 1, 23, 34, 'Fuensanta de Martos'),
(23035, 1, 23, 35, 'Fuerte del Rey'),
(23037, 1, 23, 37, 'Génave'),
(23038, 1, 23, 38, 'Guardia de Jaén, La'),
(23039, 1, 23, 39, 'Guarromán'),
(23040, 1, 23, 40, 'Lahiguera'),
(23041, 1, 23, 41, 'Higuera de Calatrava'),
(23042, 1, 23, 42, 'Hinojares'),
(23043, 1, 23, 43, 'Hornos'),
(23044, 1, 23, 44, 'Huelma'),
(23045, 1, 23, 45, 'Huesa'),
(23046, 1, 23, 46, 'Ibros'),
(23047, 1, 23, 47, 'Iruela, La'),
(23048, 1, 23, 48, 'Iznatoraf'),
(23049, 1, 23, 49, 'Jabalquinto'),
(23050, 1, 23, 50, 'Jaén'),
(23051, 1, 23, 51, 'Jamilena'),
(23052, 1, 23, 52, 'Jimena'),
(23053, 1, 23, 53, 'Jódar'),
(23054, 1, 23, 54, 'Larva'),
(23055, 1, 23, 55, 'Linares'),
(23056, 1, 23, 56, 'Lopera'),
(23057, 1, 23, 57, 'Lupión'),
(23058, 1, 23, 58, 'Mancha Real'),
(23059, 1, 23, 59, 'Marmolejo'),
(23060, 1, 23, 60, 'Martos'),
(23061, 1, 23, 61, 'Mengíbar'),
(23062, 1, 23, 62, 'Montizón'),
(23063, 1, 23, 63, 'Navas de San Juan'),
(23064, 1, 23, 64, 'Noalejo'),
(23065, 1, 23, 65, 'Orcera'),
(23066, 1, 23, 66, 'Peal de Becerro'),
(23067, 1, 23, 67, 'Pegalajar'),
(23069, 1, 23, 69, 'Porcuna'),
(23070, 1, 23, 70, 'Pozo Alcón'),
(23071, 1, 23, 71, 'Puente de Génave'),
(23072, 1, 23, 72, 'Puerta de Segura, La'),
(23073, 1, 23, 73, 'Quesada'),
(23074, 1, 23, 74, 'Rus'),
(23075, 1, 23, 75, 'Sabiote'),
(23076, 1, 23, 76, 'Santa Elena'),
(23077, 1, 23, 77, 'Santiago de Calatrava'),
(23079, 1, 23, 79, 'Santisteban del Puerto'),
(23080, 1, 23, 80, 'Santo Tomé'),
(23081, 1, 23, 81, 'Segura de la Sierra'),
(23082, 1, 23, 82, 'Siles'),
(23084, 1, 23, 84, 'Sorihuela del Guadalimar'),
(23085, 1, 23, 85, 'Torreblascopedro'),
(23086, 1, 23, 86, 'Torredelcampo'),
(23087, 1, 23, 87, 'Torredonjimeno'),
(23088, 1, 23, 88, 'Torreperogil'),
(23090, 1, 23, 90, 'Torres'),
(23091, 1, 23, 91, 'Torres de Albánchez'),
(23092, 1, 23, 92, 'Úbeda'),
(23093, 1, 23, 93, 'Valdepeñas de Jaén'),
(23094, 1, 23, 94, 'Vilches'),
(23095, 1, 23, 95, 'Villacarrillo'),
(23096, 1, 23, 96, 'Villanueva de la Reina'),
(23097, 1, 23, 97, 'Villanueva del Arzobispo'),
(23098, 1, 23, 98, 'Villardompardo'),
(23099, 1, 23, 99, 'Villares, Los'),
(23101, 1, 23, 101, 'Villarrodrigo'),
(23901, 1, 23, 901, 'Cárcheles'),
(23902, 1, 23, 902, 'Bedmar y Garcíez'),
(23903, 1, 23, 903, 'Villatorres'),
(23904, 1, 23, 904, 'Santiago-Pontones'),
(23905, 1, 23, 905, 'Arroyo del Ojanco'),
(24000, 7, 24, 0, 'Provincia de  León'),
(24001, 7, 24, 1, 'Acebedo'),
(24002, 7, 24, 2, 'Algadefe'),
(24003, 7, 24, 3, 'Alija del Infantado'),
(24004, 7, 24, 4, 'Almanza'),
(24005, 7, 24, 5, 'Antigua, La'),
(24006, 7, 24, 6, 'Ardón'),
(24007, 7, 24, 7, 'Arganza'),
(24008, 7, 24, 8, 'Astorga'),
(24009, 7, 24, 9, 'Balboa'),
(24010, 7, 24, 10, 'Bañeza, La'),
(24011, 7, 24, 11, 'Barjas'),
(24012, 7, 24, 12, 'Barrios de Luna, Los'),
(24014, 7, 24, 14, 'Bembibre'),
(24015, 7, 24, 15, 'Benavides'),
(24016, 7, 24, 16, 'Benuza'),
(24017, 7, 24, 17, 'Bercianos del Páramo'),
(24018, 7, 24, 18, 'Bercianos del Real Camino'),
(24019, 7, 24, 19, 'Berlanga del Bierzo'),
(24020, 7, 24, 20, 'Boca de Huérgano'),
(24021, 7, 24, 21, 'Boñar'),
(24022, 7, 24, 22, 'Borrenes'),
(24023, 7, 24, 23, 'Brazuelo'),
(24024, 7, 24, 24, 'Burgo Ranero, El'),
(24025, 7, 24, 25, 'Burón'),
(24026, 7, 24, 26, 'Bustillo del Páramo'),
(24027, 7, 24, 27, 'Cabañas Raras'),
(24028, 7, 24, 28, 'Cabreros del Río'),
(24029, 7, 24, 29, 'Cabrillanes'),
(24030, 7, 24, 30, 'Cacabelos'),
(24031, 7, 24, 31, 'Calzada del Coto'),
(24032, 7, 24, 32, 'Campazas'),
(24033, 7, 24, 33, 'Campo de Villavidel'),
(24034, 7, 24, 34, 'Camponaraya'),
(24036, 7, 24, 36, 'Candín'),
(24037, 7, 24, 37, 'Cármenes'),
(24038, 7, 24, 38, 'Carracedelo'),
(24039, 7, 24, 39, 'Carrizo'),
(24040, 7, 24, 40, 'Carrocera'),
(24041, 7, 24, 41, 'Carucedo'),
(24042, 7, 24, 42, 'Castilfalé'),
(24043, 7, 24, 43, 'Castrillo de Cabrera'),
(24044, 7, 24, 44, 'Castrillo de la Valduerna'),
(24046, 7, 24, 46, 'Castrocalbón'),
(24047, 7, 24, 47, 'Castrocontrigo'),
(24049, 7, 24, 49, 'Castropodame'),
(24050, 7, 24, 50, 'Castrotierra de Valmadrigal'),
(24051, 7, 24, 51, 'Cea'),
(24052, 7, 24, 52, 'Cebanico'),
(24053, 7, 24, 53, 'Cebrones del Río'),
(24054, 7, 24, 54, 'Cimanes de la Vega'),
(24055, 7, 24, 55, 'Cimanes del Tejar'),
(24056, 7, 24, 56, 'Cistierna'),
(24057, 7, 24, 57, 'Congosto'),
(24058, 7, 24, 58, 'Corbillos de los Oteros'),
(24059, 7, 24, 59, 'Corullón'),
(24060, 7, 24, 60, 'Crémenes'),
(24061, 7, 24, 61, 'Cuadros'),
(24062, 7, 24, 62, 'Cubillas de los Oteros'),
(24063, 7, 24, 63, 'Cubillas de Rueda'),
(24064, 7, 24, 64, 'Cubillos del Sil'),
(24065, 7, 24, 65, 'Chozas de Abajo'),
(24066, 7, 24, 66, 'Destriana'),
(24067, 7, 24, 67, 'Encinedo'),
(24068, 7, 24, 68, 'Ercina, La'),
(24069, 7, 24, 69, 'Escobar de Campos'),
(24070, 7, 24, 70, 'Fabero'),
(24071, 7, 24, 71, 'Folgoso de la Ribera'),
(24073, 7, 24, 73, 'Fresno de la Vega'),
(24074, 7, 24, 74, 'Fuentes de Carbajal'),
(24076, 7, 24, 76, 'Garrafe de Torío'),
(24077, 7, 24, 77, 'Gordaliza del Pino'),
(24078, 7, 24, 78, 'Gordoncillo'),
(24079, 7, 24, 79, 'Gradefes'),
(24080, 7, 24, 80, 'Grajal de Campos'),
(24081, 7, 24, 81, 'Gusendos de los Oteros'),
(24082, 7, 24, 82, 'Hospital de Órbigo'),
(24083, 7, 24, 83, 'Igüeña'),
(24084, 7, 24, 84, 'Izagre'),
(24086, 7, 24, 86, 'Joarilla de las Matas'),
(24087, 7, 24, 87, 'Laguna Dalga'),
(24088, 7, 24, 88, 'Laguna de Negrillos'),
(24089, 7, 24, 89, 'León'),
(24090, 7, 24, 90, 'Lucillo'),
(24091, 7, 24, 91, 'Luyego'),
(24092, 7, 24, 92, 'Llamas de la Ribera'),
(24093, 7, 24, 93, 'Magaz de Cepeda'),
(24094, 7, 24, 94, 'Mansilla de las Mulas'),
(24095, 7, 24, 95, 'Mansilla Mayor'),
(24096, 7, 24, 96, 'Maraña'),
(24097, 7, 24, 97, 'Matadeón de los Oteros'),
(24098, 7, 24, 98, 'Matallana de Torío'),
(24099, 7, 24, 99, 'Matanza'),
(24100, 7, 24, 100, 'Molinaseca'),
(24101, 7, 24, 101, 'Murias de Paredes'),
(24102, 7, 24, 102, 'Noceda del Bierzo'),
(24103, 7, 24, 103, 'Oencia'),
(24104, 7, 24, 104, 'Omañas, Las'),
(24105, 7, 24, 105, 'Onzonilla'),
(24106, 7, 24, 106, 'Oseja de Sajambre'),
(24107, 7, 24, 107, 'Pajares de los Oteros'),
(24108, 7, 24, 108, 'Palacios de la Valduerna'),
(24109, 7, 24, 109, 'Palacios del Sil'),
(24110, 7, 24, 110, 'Páramo del Sil'),
(24112, 7, 24, 112, 'Peranzanes'),
(24113, 7, 24, 113, 'Pobladura de Pelayo García'),
(24114, 7, 24, 114, 'Pola de Gordón, La'),
(24115, 7, 24, 115, 'Ponferrada'),
(24116, 7, 24, 116, 'Posada de Valdeón'),
(24117, 7, 24, 117, 'Pozuelo del Páramo'),
(24118, 7, 24, 118, 'Prado de la Guzpeña'),
(24119, 7, 24, 119, 'Priaranza del Bierzo'),
(24120, 7, 24, 120, 'Prioro'),
(24121, 7, 24, 121, 'Puebla de Lillo'),
(24122, 7, 24, 122, 'Puente de Domingo Flórez'),
(24123, 7, 24, 123, 'Quintana del Castillo'),
(24124, 7, 24, 124, 'Quintana del Marco'),
(24125, 7, 24, 125, 'Quintana y Congosto'),
(24127, 7, 24, 127, 'Regueras de Arriba'),
(24129, 7, 24, 129, 'Reyero'),
(24130, 7, 24, 130, 'Riaño'),
(24131, 7, 24, 131, 'Riego de la Vega'),
(24132, 7, 24, 132, 'Riello'),
(24133, 7, 24, 133, 'Rioseco de Tapia'),
(24134, 7, 24, 134, 'Robla, La'),
(24136, 7, 24, 136, 'Roperuelos del Páramo'),
(24137, 7, 24, 137, 'Sabero'),
(24139, 7, 24, 139, 'Sahagún'),
(24141, 7, 24, 141, 'San Adrián del Valle'),
(24142, 7, 24, 142, 'San Andrés del Rabanedo'),
(24143, 7, 24, 143, 'Sancedo'),
(24144, 7, 24, 144, 'San Cristóbal de la Polantera'),
(24145, 7, 24, 145, 'San Emiliano'),
(24146, 7, 24, 146, 'San Esteban de Nogales'),
(24148, 7, 24, 148, 'San Justo de la Vega'),
(24149, 7, 24, 149, 'San Millán de los Caballeros'),
(24150, 7, 24, 150, 'San Pedro Bercianos'),
(24151, 7, 24, 151, 'Santa Colomba de Curueño'),
(24152, 7, 24, 152, 'Santa Colomba de Somoza'),
(24153, 7, 24, 153, 'Santa Cristina de Valmadrigal'),
(24154, 7, 24, 154, 'Santa Elena de Jamuz'),
(24155, 7, 24, 155, 'Santa María de la Isla'),
(24156, 7, 24, 156, 'Santa María del Monte de Cea'),
(24157, 7, 24, 157, 'Santa María del Páramo'),
(24158, 7, 24, 158, 'Santa María de Ordás'),
(24159, 7, 24, 159, 'Santa Marina del Rey'),
(24160, 7, 24, 160, 'Santas Martas'),
(24161, 7, 24, 161, 'Santiago Millas'),
(24162, 7, 24, 162, 'Santovenia de la Valdoncina'),
(24163, 7, 24, 163, 'Sariegos'),
(24164, 7, 24, 164, 'Sena de Luna'),
(24165, 7, 24, 165, 'Sobrado'),
(24166, 7, 24, 166, 'Soto de la Vega'),
(24167, 7, 24, 167, 'Soto y Amío'),
(24168, 7, 24, 168, 'Toral de los Guzmanes'),
(24169, 7, 24, 169, 'Toreno'),
(24170, 7, 24, 170, 'Torre del Bierzo'),
(24171, 7, 24, 171, 'Trabadelo'),
(24172, 7, 24, 172, 'Truchas'),
(24173, 7, 24, 173, 'Turcia'),
(24174, 7, 24, 174, 'Urdiales del Páramo'),
(24175, 7, 24, 175, 'Valdefresno'),
(24176, 7, 24, 176, 'Valdefuentes del Páramo'),
(24177, 7, 24, 177, 'Valdelugueros'),
(24178, 7, 24, 178, 'Valdemora'),
(24179, 7, 24, 179, 'Valdepiélago'),
(24180, 7, 24, 180, 'Valdepolo'),
(24181, 7, 24, 181, 'Valderas'),
(24182, 7, 24, 182, 'Valderrey'),
(24183, 7, 24, 183, 'Valderrueda'),
(24184, 7, 24, 184, 'Valdesamario'),
(24185, 7, 24, 185, 'Val de San Lorenzo'),
(24187, 7, 24, 187, 'Valdevimbre'),
(24188, 7, 24, 188, 'Valencia de Don Juan'),
(24189, 7, 24, 189, 'Valverde de la Virgen'),
(24190, 7, 24, 190, 'Valverde-Enrique'),
(24191, 7, 24, 191, 'Vallecillo'),
(24193, 7, 24, 193, 'Vecilla, La'),
(24194, 7, 24, 194, 'Vegacervera'),
(24196, 7, 24, 196, 'Vega de Espinareda'),
(24197, 7, 24, 197, 'Vega de Infanzones'),
(24198, 7, 24, 198, 'Vega de Valcarce'),
(24199, 7, 24, 199, 'Vegaquemada'),
(24201, 7, 24, 201, 'Vegas del Condado'),
(24202, 7, 24, 202, 'Villablino'),
(24203, 7, 24, 203, 'Villabraz'),
(24205, 7, 24, 205, 'Villadangos del Páramo'),
(24206, 7, 24, 206, 'Toral de los Vados'),
(24207, 7, 24, 207, 'Villademor de la Vega'),
(24209, 7, 24, 209, 'Villafranca del Bierzo'),
(24210, 7, 24, 210, 'Villagatón'),
(24211, 7, 24, 211, 'Villamandos'),
(24212, 7, 24, 212, 'Villamañán'),
(24213, 7, 24, 213, 'Villamartín de Don Sancho'),
(24214, 7, 24, 214, 'Villamejil'),
(24215, 7, 24, 215, 'Villamol'),
(24216, 7, 24, 216, 'Villamontán de la Valduerna'),
(24217, 7, 24, 217, 'Villamoratiel de las Matas'),
(24218, 7, 24, 218, 'Villanueva de las Manzanas'),
(24219, 7, 24, 219, 'Villaobispo de Otero'),
(24221, 7, 24, 221, 'Villaquejida'),
(24222, 7, 24, 222, 'Villaquilambre'),
(24223, 7, 24, 223, 'Villarejo de Órbigo'),
(24224, 7, 24, 224, 'Villares de Órbigo'),
(24225, 7, 24, 225, 'Villasabariego'),
(24226, 7, 24, 226, 'Villaselán'),
(24227, 7, 24, 227, 'Villaturiel'),
(24228, 7, 24, 228, 'Villazala'),
(24229, 7, 24, 229, 'Villazanzo de Valderaduey'),
(24230, 7, 24, 230, 'Zotes del Páramo'),
(24901, 7, 24, 901, 'Villamanín'),
(24902, 7, 24, 902, 'Villaornate y Castro'),
(25000, 9, 25, 0, 'Provincia de  Lleida'),
(25001, 9, 25, 1, 'Abella de la Conca'),
(25002, 9, 25, 2, 'Àger'),
(25003, 9, 25, 3, 'Agramunt'),
(25004, 9, 25, 4, 'Alamús, Els'),
(25005, 9, 25, 5, 'Alàs i Cerc'),
(25006, 9, 25, 6, 'Albagés, L'''),
(25007, 9, 25, 7, 'Albatàrrec'),
(25008, 9, 25, 8, 'Albesa'),
(25009, 9, 25, 9, 'Albi, L'''),
(25010, 9, 25, 10, 'Alcanó'),
(25011, 9, 25, 11, 'Alcarràs'),
(25012, 9, 25, 12, 'Alcoletge'),
(25013, 9, 25, 13, 'Alfarràs'),
(25014, 9, 25, 14, 'Alfés'),
(25015, 9, 25, 15, 'Algerri'),
(25016, 9, 25, 16, 'Alguaire'),
(25017, 9, 25, 17, 'Alins'),
(25019, 9, 25, 19, 'Almacelles'),
(25020, 9, 25, 20, 'Almatret'),
(25021, 9, 25, 21, 'Almenar'),
(25022, 9, 25, 22, 'Alòs de Balaguer'),
(25023, 9, 25, 23, 'Alpicat'),
(25024, 9, 25, 24, 'Alt Àneu'),
(25025, 9, 25, 25, 'Naut Aran'),
(25027, 9, 25, 27, 'Anglesola'),
(25029, 9, 25, 29, 'Arbeca'),
(25030, 9, 25, 30, 'Pont de Bar, El'),
(25031, 9, 25, 31, 'Arres'),
(25032, 9, 25, 32, 'Arsèguel'),
(25033, 9, 25, 33, 'Artesa de Lleida'),
(25034, 9, 25, 34, 'Artesa de Segre'),
(25035, 9, 25, 35, 'Sentiu de Sió, La'),
(25036, 9, 25, 36, 'Aspa'),
(25037, 9, 25, 37, 'Avellanes i Santa Linya, Les'),
(25038, 9, 25, 38, 'Aitona'),
(25039, 9, 25, 39, 'Baix Pallars'),
(25040, 9, 25, 40, 'Balaguer'),
(25041, 9, 25, 41, 'Barbens'),
(25042, 9, 25, 42, 'Baronia de Rialb, La'),
(25043, 9, 25, 43, 'Vall de Boí, La'),
(25044, 9, 25, 44, 'Bassella'),
(25045, 9, 25, 45, 'Bausen'),
(25046, 9, 25, 46, 'Belianes'),
(25047, 9, 25, 47, 'Bellcaire d''Urgell'),
(25048, 9, 25, 48, 'Bell-lloc d''Urgell'),
(25049, 9, 25, 49, 'Bellmunt d''Urgell'),
(25050, 9, 25, 50, 'Bellpuig'),
(25051, 9, 25, 51, 'Bellver de Cerdanya'),
(25052, 9, 25, 52, 'Bellvís'),
(25053, 9, 25, 53, 'Benavent de Segrià'),
(25055, 9, 25, 55, 'Biosca'),
(25056, 9, 25, 56, 'Bovera'),
(25057, 9, 25, 57, 'Bòrdes, Es'),
(25058, 9, 25, 58, 'Borges Blanques, Les'),
(25059, 9, 25, 59, 'Bossòst'),
(25060, 9, 25, 60, 'Cabanabona'),
(25061, 9, 25, 61, 'Cabó'),
(25062, 9, 25, 62, 'Camarasa'),
(25063, 9, 25, 63, 'Canejan'),
(25064, 9, 25, 64, 'Castellar de la Ribera'),
(25067, 9, 25, 67, 'Castelldans'),
(25068, 9, 25, 68, 'Castellnou de Seana'),
(25069, 9, 25, 69, 'Castelló de Farfanya'),
(25070, 9, 25, 70, 'Castellserà'),
(25071, 9, 25, 71, 'Cava'),
(25072, 9, 25, 72, 'Cervera'),
(25073, 9, 25, 73, 'Cervià de les Garrigues'),
(25074, 9, 25, 74, 'Ciutadilla'),
(25075, 9, 25, 75, 'Clariana de Cardener'),
(25076, 9, 25, 76, 'Cogul, El'),
(25077, 9, 25, 77, 'Coll de Nargó'),
(25078, 9, 25, 78, 'Corbins'),
(25079, 9, 25, 79, 'Cubells'),
(25081, 9, 25, 81, 'Espluga Calba, L'''),
(25082, 9, 25, 82, 'Espot'),
(25085, 9, 25, 85, 'Estaràs'),
(25086, 9, 25, 86, 'Esterri d''Àneu'),
(25087, 9, 25, 87, 'Esterri de Cardós'),
(25088, 9, 25, 88, 'Estamariu'),
(25089, 9, 25, 89, 'Farrera'),
(25092, 9, 25, 92, 'Floresta, La'),
(25093, 9, 25, 93, 'Fondarella'),
(25094, 9, 25, 94, 'Foradada'),
(25096, 9, 25, 96, 'Fuliola, La'),
(25097, 9, 25, 97, 'Fulleda'),
(25098, 9, 25, 98, 'Gavet de la Conca'),
(25099, 9, 25, 99, 'Golmés'),
(25100, 9, 25, 100, 'Gósol'),
(25101, 9, 25, 101, 'Granadella, La'),
(25102, 9, 25, 102, 'Granja d''Escarp, La'),
(25103, 9, 25, 103, 'Granyanella'),
(25104, 9, 25, 104, 'Granyena de Segarra'),
(25105, 9, 25, 105, 'Granyena de les Garrigues'),
(25109, 9, 25, 109, 'Guimerà'),
(25110, 9, 25, 110, 'Guissona'),
(25111, 9, 25, 111, 'Guixers'),
(25112, 9, 25, 112, 'Ivars de Noguera'),
(25113, 9, 25, 113, 'Ivars d''Urgell'),
(25114, 9, 25, 114, 'Ivorra'),
(25115, 9, 25, 115, 'Isona i Conca Dellà'),
(25118, 9, 25, 118, 'Juncosa'),
(25119, 9, 25, 119, 'Juneda'),
(25120, 9, 25, 120, 'Lleida'),
(25121, 9, 25, 121, 'Les'),
(25122, 9, 25, 122, 'Linyola'),
(25123, 9, 25, 123, 'Lladorre'),
(25124, 9, 25, 124, 'Lladurs'),
(25125, 9, 25, 125, 'Llardecans'),
(25126, 9, 25, 126, 'Llavorsí'),
(25127, 9, 25, 127, 'Lles de Cerdanya'),
(25128, 9, 25, 128, 'Llimiana'),
(25129, 9, 25, 129, 'Llobera'),
(25130, 9, 25, 130, 'Maldà'),
(25131, 9, 25, 131, 'Massalcoreig'),
(25132, 9, 25, 132, 'Massoteres'),
(25133, 9, 25, 133, 'Maials'),
(25134, 9, 25, 134, 'Menàrguens'),
(25135, 9, 25, 135, 'Miralcamp'),
(25136, 9, 25, 136, 'Molsosa, La'),
(25137, 9, 25, 137, 'Mollerussa'),
(25138, 9, 25, 138, 'Montgai'),
(25139, 9, 25, 139, 'Montellà i Martinet'),
(25140, 9, 25, 140, 'Montferrer i Castellbò'),
(25141, 9, 25, 141, 'Montoliu de Segarra'),
(25142, 9, 25, 142, 'Montoliu de Lleida'),
(25143, 9, 25, 143, 'Montornès de Segarra'),
(25145, 9, 25, 145, 'Nalec'),
(25146, 9, 25, 146, 'Navès'),
(25148, 9, 25, 148, 'Odèn'),
(25149, 9, 25, 149, 'Oliana'),
(25150, 9, 25, 150, 'Oliola'),
(25151, 9, 25, 151, 'Olius'),
(25152, 9, 25, 152, 'Oluges, Les'),
(25153, 9, 25, 153, 'Omellons, Els'),
(25154, 9, 25, 154, 'Omells de na Gaia, Els'),
(25155, 9, 25, 155, 'Organyà'),
(25156, 9, 25, 156, 'Os de Balaguer'),
(25157, 9, 25, 157, 'Ossó de Sió'),
(25158, 9, 25, 158, 'Palau d''Anglesola, El'),
(25161, 9, 25, 161, 'Conca de Dalt'),
(25163, 9, 25, 163, 'Coma i la Pedra, La'),
(25164, 9, 25, 164, 'Penelles'),
(25165, 9, 25, 165, 'Peramola'),
(25166, 9, 25, 166, 'Pinell de Solsonès'),
(25167, 9, 25, 167, 'Pinós'),
(25168, 9, 25, 168, 'Poal, El'),
(25169, 9, 25, 169, 'Pobla de Cérvoles, La'),
(25170, 9, 25, 170, 'Bellaguarda'),
(25171, 9, 25, 171, 'Pobla de Segur, La'),
(25172, 9, 25, 172, 'Ponts'),
(25173, 9, 25, 173, 'Pont de Suert, El'),
(25174, 9, 25, 174, 'Portella, La'),
(25175, 9, 25, 175, 'Prats i Sansor'),
(25176, 9, 25, 176, 'Preixana'),
(25177, 9, 25, 177, 'Preixens'),
(25179, 9, 25, 179, 'Prullans'),
(25180, 9, 25, 180, 'Puiggròs'),
(25181, 9, 25, 181, 'Puigverd d''Agramunt'),
(25182, 9, 25, 182, 'Puigverd de Lleida'),
(25183, 9, 25, 183, 'Rialp'),
(25185, 9, 25, 185, 'Ribera d''Urgellet'),
(25186, 9, 25, 186, 'Riner'),
(25189, 9, 25, 189, 'Rosselló'),
(25190, 9, 25, 190, 'Salàs de Pallars'),
(25191, 9, 25, 191, 'Sanaüja'),
(25192, 9, 25, 192, 'Sant Guim de Freixenet'),
(25193, 9, 25, 193, 'Sant Llorenç de Morunys'),
(25194, 9, 25, 194, 'Sant Ramon'),
(25196, 9, 25, 196, 'Sant Esteve de la Sarga'),
(25197, 9, 25, 197, 'Sant Guim de la Plana'),
(25200, 9, 25, 200, 'Sarroca de Lleida'),
(25201, 9, 25, 201, 'Sarroca de Bellera'),
(25202, 9, 25, 202, 'Senterada'),
(25203, 9, 25, 203, 'Seu d''Urgell, La'),
(25204, 9, 25, 204, 'Seròs'),
(25205, 9, 25, 205, 'Sidamon'),
(25206, 9, 25, 206, 'Soleràs, El'),
(25207, 9, 25, 207, 'Solsona'),
(25208, 9, 25, 208, 'Soriguera'),
(25209, 9, 25, 209, 'Sort'),
(25210, 9, 25, 210, 'Soses'),
(25211, 9, 25, 211, 'Sudanell'),
(25212, 9, 25, 212, 'Sunyer'),
(25215, 9, 25, 215, 'Talarn'),
(25216, 9, 25, 216, 'Talavera'),
(25217, 9, 25, 217, 'Tàrrega'),
(25218, 9, 25, 218, 'Tarrés'),
(25219, 9, 25, 219, 'Tarroja de Segarra'),
(25220, 9, 25, 220, 'Térmens'),
(25221, 9, 25, 221, 'Tírvia'),
(25222, 9, 25, 222, 'Tiurana'),
(25223, 9, 25, 223, 'Torà'),
(25224, 9, 25, 224, 'Torms, Els'),
(25225, 9, 25, 225, 'Tornabous'),
(25226, 9, 25, 226, 'Torrebesses'),
(25227, 9, 25, 227, 'Torre de Cabdella, La'),
(25228, 9, 25, 228, 'Torrefarrera'),
(25230, 9, 25, 230, 'Torregrossa'),
(25231, 9, 25, 231, 'Torrelameu'),
(25232, 9, 25, 232, 'Torres de Segre'),
(25233, 9, 25, 233, 'Torre-serona'),
(25234, 9, 25, 234, 'Tremp'),
(25238, 9, 25, 238, 'Vallbona de les Monges'),
(25239, 9, 25, 239, 'Valls de Valira, Les'),
(25240, 9, 25, 240, 'Vallfogona de Balaguer'),
(25242, 9, 25, 242, 'Verdú'),
(25243, 9, 25, 243, 'Vielha e Mijaran'),
(25244, 9, 25, 244, 'Vilagrassa'),
(25245, 9, 25, 245, 'Vilaller'),
(25247, 9, 25, 247, 'Vilamòs'),
(25248, 9, 25, 248, 'Vilanova de Bellpuig'),
(25249, 9, 25, 249, 'Vilanova de l''Aguda'),
(25250, 9, 25, 250, 'Vilanova de Meià'),
(25251, 9, 25, 251, 'Vilanova de Segrià'),
(25252, 9, 25, 252, 'Vila-sana'),
(25253, 9, 25, 253, 'Vilosell, El'),
(25254, 9, 25, 254, 'Vilanova de la Barca'),
(25255, 9, 25, 255, 'Vinaixa'),
(25901, 9, 25, 901, 'Vall de Cardós'),
(25902, 9, 25, 902, 'Sant Martí de Riucorb'),
(25903, 9, 25, 903, 'Guingueta d''Àneu, La'),
(25904, 9, 25, 904, 'Castell de Mur'),
(25905, 9, 25, 905, 'Ribera d''Ondara'),
(25906, 9, 25, 906, 'Valls d''Aguilar, Les'),
(25907, 9, 25, 907, 'Torrefeta i Florejacs'),
(25908, 9, 25, 908, 'Fígols i Alinyà'),
(25909, 9, 25, 909, 'Vansa i Fórnols, La'),
(25910, 9, 25, 910, 'Josa i Tuixén'),
(25911, 9, 25, 911, 'Plans de Sió, Els'),
(25912, 9, 25, 912, 'Gimenells i el Pla de la Font'),
(25913, 9, 25, 913, 'Riu de Cerdanya'),
(26000, 17, 26, 0, 'Provincia de  La Rioja'),
(26001, 17, 26, 1, 'Ábalos'),
(26002, 17, 26, 2, 'Agoncillo'),
(26003, 17, 26, 3, 'Aguilar del Río Alhama'),
(26004, 17, 26, 4, 'Ajamil de Cameros'),
(26005, 17, 26, 5, 'Albelda de Iregua'),
(26006, 17, 26, 6, 'Alberite'),
(26007, 17, 26, 7, 'Alcanadre'),
(26008, 17, 26, 8, 'Aldeanueva de Ebro'),
(26009, 17, 26, 9, 'Alesanco'),
(26010, 17, 26, 10, 'Alesón'),
(26011, 17, 26, 11, 'Alfaro'),
(26012, 17, 26, 12, 'Almarza de Cameros'),
(26013, 17, 26, 13, 'Anguciana'),
(26014, 17, 26, 14, 'Anguiano'),
(26015, 17, 26, 15, 'Arenzana de Abajo'),
(26016, 17, 26, 16, 'Arenzana de Arriba'),
(26017, 17, 26, 17, 'Arnedillo'),
(26018, 17, 26, 18, 'Arnedo'),
(26019, 17, 26, 19, 'Arrúbal'),
(26020, 17, 26, 20, 'Ausejo'),
(26021, 17, 26, 21, 'Autol'),
(26022, 17, 26, 22, 'Azofra'),
(26023, 17, 26, 23, 'Badarán'),
(26024, 17, 26, 24, 'Bañares'),
(26025, 17, 26, 25, 'Baños de Rioja'),
(26026, 17, 26, 26, 'Baños de Río Tobía'),
(26027, 17, 26, 27, 'Berceo'),
(26028, 17, 26, 28, 'Bergasa'),
(26029, 17, 26, 29, 'Bergasillas Bajera'),
(26030, 17, 26, 30, 'Bezares'),
(26031, 17, 26, 31, 'Bobadilla'),
(26032, 17, 26, 32, 'Brieva de Cameros'),
(26033, 17, 26, 33, 'Briñas'),
(26034, 17, 26, 34, 'Briones'),
(26035, 17, 26, 35, 'Cabezón de Cameros'),
(26036, 17, 26, 36, 'Calahorra'),
(26037, 17, 26, 37, 'Camprovín'),
(26038, 17, 26, 38, 'Canales de la Sierra'),
(26039, 17, 26, 39, 'Canillas de Río Tuerto'),
(26040, 17, 26, 40, 'Cañas'),
(26041, 17, 26, 41, 'Cárdenas'),
(26042, 17, 26, 42, 'Casalarreina'),
(26043, 17, 26, 43, 'Castañares de Rioja'),
(26044, 17, 26, 44, 'Castroviejo'),
(26045, 17, 26, 45, 'Cellorigo'),
(26046, 17, 26, 46, 'Cenicero'),
(26047, 17, 26, 47, 'Cervera del Río Alhama'),
(26048, 17, 26, 48, 'Cidamón'),
(26049, 17, 26, 49, 'Cihuri'),
(26050, 17, 26, 50, 'Cirueña'),
(26051, 17, 26, 51, 'Clavijo'),
(26052, 17, 26, 52, 'Cordovín'),
(26053, 17, 26, 53, 'Corera'),
(26054, 17, 26, 54, 'Cornago'),
(26055, 17, 26, 55, 'Corporales'),
(26056, 17, 26, 56, 'Cuzcurrita de Río Tirón'),
(26057, 17, 26, 57, 'Daroca de Rioja'),
(26058, 17, 26, 58, 'Enciso'),
(26059, 17, 26, 59, 'Entrena'),
(26060, 17, 26, 60, 'Estollo'),
(26061, 17, 26, 61, 'Ezcaray'),
(26062, 17, 26, 62, 'Foncea'),
(26063, 17, 26, 63, 'Fonzaleche'),
(26064, 17, 26, 64, 'Fuenmayor'),
(26065, 17, 26, 65, 'Galbárruli'),
(26066, 17, 26, 66, 'Galilea'),
(26067, 17, 26, 67, 'Gallinero de Cameros'),
(26068, 17, 26, 68, 'Gimileo'),
(26069, 17, 26, 69, 'Grañón'),
(26070, 17, 26, 70, 'Grávalos'),
(26071, 17, 26, 71, 'Haro'),
(26072, 17, 26, 72, 'Herce'),
(26073, 17, 26, 73, 'Herramélluri'),
(26074, 17, 26, 74, 'Hervías'),
(26075, 17, 26, 75, 'Hormilla'),
(26076, 17, 26, 76, 'Hormilleja'),
(26077, 17, 26, 77, 'Hornillos de Cameros'),
(26078, 17, 26, 78, 'Hornos de Moncalvillo'),
(26079, 17, 26, 79, 'Huércanos'),
(26080, 17, 26, 80, 'Igea'),
(26081, 17, 26, 81, 'Jalón de Cameros'),
(26082, 17, 26, 82, 'Laguna de Cameros'),
(26083, 17, 26, 83, 'Lagunilla del Jubera'),
(26084, 17, 26, 84, 'Lardero'),
(26086, 17, 26, 86, 'Ledesma de la Cogolla'),
(26087, 17, 26, 87, 'Leiva'),
(26088, 17, 26, 88, 'Leza de Río Leza'),
(26089, 17, 26, 89, 'Logroño'),
(26091, 17, 26, 91, 'Lumbreras'),
(26092, 17, 26, 92, 'Manjarrés'),
(26093, 17, 26, 93, 'Mansilla de la Sierra'),
(26094, 17, 26, 94, 'Manzanares de Rioja'),
(26095, 17, 26, 95, 'Matute'),
(26096, 17, 26, 96, 'Medrano'),
(26098, 17, 26, 98, 'Munilla'),
(26099, 17, 26, 99, 'Murillo de Río Leza'),
(26100, 17, 26, 100, 'Muro de Aguas'),
(26101, 17, 26, 101, 'Muro en Cameros'),
(26102, 17, 26, 102, 'Nájera'),
(26103, 17, 26, 103, 'Nalda'),
(26104, 17, 26, 104, 'Navajún'),
(26105, 17, 26, 105, 'Navarrete'),
(26106, 17, 26, 106, 'Nestares'),
(26107, 17, 26, 107, 'Nieva de Cameros'),
(26108, 17, 26, 108, 'Ocón'),
(26109, 17, 26, 109, 'Ochánduri'),
(26110, 17, 26, 110, 'Ojacastro'),
(26111, 17, 26, 111, 'Ollauri'),
(26112, 17, 26, 112, 'Ortigosa de Cameros'),
(26113, 17, 26, 113, 'Pazuengos'),
(26114, 17, 26, 114, 'Pedroso'),
(26115, 17, 26, 115, 'Pinillos'),
(26117, 17, 26, 117, 'Pradejón'),
(26118, 17, 26, 118, 'Pradillo'),
(26119, 17, 26, 119, 'Préjano'),
(26120, 17, 26, 120, 'Quel'),
(26121, 17, 26, 121, 'Rabanera'),
(26122, 17, 26, 122, 'Rasillo de Cameros, El'),
(26123, 17, 26, 123, 'Redal, El'),
(26124, 17, 26, 124, 'Ribafrecha'),
(26125, 17, 26, 125, 'Rincón de Soto'),
(26126, 17, 26, 126, 'Robres del Castillo'),
(26127, 17, 26, 127, 'Rodezno'),
(26128, 17, 26, 128, 'Sajazarra'),
(26129, 17, 26, 129, 'San Asensio'),
(26130, 17, 26, 130, 'San Millán de la Cogolla'),
(26131, 17, 26, 131, 'San Millán de Yécora'),
(26132, 17, 26, 132, 'San Román de Cameros'),
(26134, 17, 26, 134, 'Santa Coloma'),
(26135, 17, 26, 135, 'Santa Engracia del Jubera'),
(26136, 17, 26, 136, 'Santa Eulalia Bajera'),
(26138, 17, 26, 138, 'Santo Domingo de la Calzada'),
(26139, 17, 26, 139, 'San Torcuato'),
(26140, 17, 26, 140, 'Santurde de Rioja'),
(26141, 17, 26, 141, 'Santurdejo'),
(26142, 17, 26, 142, 'San Vicente de la Sonsierra'),
(26143, 17, 26, 143, 'Sojuela'),
(26144, 17, 26, 144, 'Sorzano'),
(26145, 17, 26, 145, 'Sotés'),
(26146, 17, 26, 146, 'Soto en Cameros'),
(26147, 17, 26, 147, 'Terroba'),
(26148, 17, 26, 148, 'Tirgo'),
(26149, 17, 26, 149, 'Tobía'),
(26150, 17, 26, 150, 'Tormantos'),
(26151, 17, 26, 151, 'Torrecilla en Cameros'),
(26152, 17, 26, 152, 'Torrecilla sobre Alesanco'),
(26153, 17, 26, 153, 'Torre en Cameros'),
(26154, 17, 26, 154, 'Torremontalbo'),
(26155, 17, 26, 155, 'Treviana'),
(26157, 17, 26, 157, 'Tricio'),
(26158, 17, 26, 158, 'Tudelilla'),
(26160, 17, 26, 160, 'Uruñuela'),
(26161, 17, 26, 161, 'Valdemadera'),
(26162, 17, 26, 162, 'Valgañón'),
(26163, 17, 26, 163, 'Ventosa'),
(26164, 17, 26, 164, 'Ventrosa'),
(26165, 17, 26, 165, 'Viguera'),
(26166, 17, 26, 166, 'Villalba de Rioja'),
(26167, 17, 26, 167, 'Villalobar de Rioja'),
(26168, 17, 26, 168, 'Villamediana de Iregua'),
(26169, 17, 26, 169, 'Villanueva de Cameros'),
(26170, 17, 26, 170, 'Villar de Arnedo, El'),
(26171, 17, 26, 171, 'Villar de Torre'),
(26172, 17, 26, 172, 'Villarejo'),
(26173, 17, 26, 173, 'Villarroya'),
(26174, 17, 26, 174, 'Villarta-Quintana'),
(26175, 17, 26, 175, 'Villavelayo'),
(26176, 17, 26, 176, 'Villaverde de Rioja'),
(26177, 17, 26, 177, 'Villoslada de Cameros'),
(26178, 17, 26, 178, 'Viniegra de Abajo'),
(26179, 17, 26, 179, 'Viniegra de Arriba'),
(26180, 17, 26, 180, 'Zarratón'),
(26181, 17, 26, 181, 'Zarzosa'),
(26183, 17, 26, 183, 'Zorraquín'),
(27000, 12, 27, 0, 'Provincia de  Lugo'),
(27001, 12, 27, 1, 'Abadín'),
(27002, 12, 27, 2, 'Alfoz'),
(27003, 12, 27, 3, 'Antas de Ulla'),
(27004, 12, 27, 4, 'Baleira'),
(27005, 12, 27, 5, 'Barreiros'),
(27006, 12, 27, 6, 'Becerreá'),
(27007, 12, 27, 7, 'Begonte'),
(27008, 12, 27, 8, 'Bóveda'),
(27009, 12, 27, 9, 'Carballedo'),
(27010, 12, 27, 10, 'Castro de Rei'),
(27011, 12, 27, 11, 'Castroverde'),
(27012, 12, 27, 12, 'Cervantes'),
(27013, 12, 27, 13, 'Cervo'),
(27014, 12, 27, 14, 'Corgo, O'),
(27015, 12, 27, 15, 'Cospeito'),
(27016, 12, 27, 16, 'Chantada'),
(27017, 12, 27, 17, 'Folgoso do Courel'),
(27018, 12, 27, 18, 'Fonsagrada, A'),
(27019, 12, 27, 19, 'Foz'),
(27020, 12, 27, 20, 'Friol'),
(27021, 12, 27, 21, 'Xermade'),
(27022, 12, 27, 22, 'Guitiriz'),
(27023, 12, 27, 23, 'Guntín'),
(27024, 12, 27, 24, 'Incio, O'),
(27025, 12, 27, 25, 'Xove'),
(27026, 12, 27, 26, 'Láncara'),
(27027, 12, 27, 27, 'Lourenzá'),
(27028, 12, 27, 28, 'Lugo'),
(27029, 12, 27, 29, 'Meira'),
(27030, 12, 27, 30, 'Mondoñedo'),
(27031, 12, 27, 31, 'Monforte de Lemos'),
(27032, 12, 27, 32, 'Monterroso'),
(27033, 12, 27, 33, 'Muras'),
(27034, 12, 27, 34, 'Navia de Suarna'),
(27035, 12, 27, 35, 'Negueira de Muñiz'),
(27037, 12, 27, 37, 'Nogais, As'),
(27038, 12, 27, 38, 'Ourol'),
(27039, 12, 27, 39, 'Outeiro de Rei'),
(27040, 12, 27, 40, 'Palas de Rei'),
(27041, 12, 27, 41, 'Pantón'),
(27042, 12, 27, 42, 'Paradela'),
(27043, 12, 27, 43, 'Páramo, O'),
(27044, 12, 27, 44, 'Pastoriza, A'),
(27045, 12, 27, 45, 'Pedrafita do Cebreiro'),
(27046, 12, 27, 46, 'Pol'),
(27047, 12, 27, 47, 'Pobra do Brollón, A'),
(27048, 12, 27, 48, 'Pontenova, A'),
(27049, 12, 27, 49, 'Portomarín'),
(27050, 12, 27, 50, 'Quiroga'),
(27051, 12, 27, 51, 'Ribadeo'),
(27052, 12, 27, 52, 'Ribas de Sil'),
(27053, 12, 27, 53, 'Ribeira de Piquín'),
(27054, 12, 27, 54, 'Riotorto'),
(27055, 12, 27, 55, 'Samos'),
(27056, 12, 27, 56, 'Rábade'),
(27057, 12, 27, 57, 'Sarria'),
(27058, 12, 27, 58, 'Saviñao, O'),
(27059, 12, 27, 59, 'Sober'),
(27060, 12, 27, 60, 'Taboada'),
(27061, 12, 27, 61, 'Trabada'),
(27062, 12, 27, 62, 'Triacastela'),
(27063, 12, 27, 63, 'Valadouro, O'),
(27064, 12, 27, 64, 'Vicedo, O'),
(27065, 12, 27, 65, 'Vilalba'),
(27066, 12, 27, 66, 'Viveiro'),
(27901, 12, 27, 901, 'Baralla'),
(27902, 12, 27, 902, 'Burela'),
(28000, 13, 28, 0, 'Provincia de  Madrid'),
(28001, 13, 28, 1, 'Acebeda, La'),
(28002, 13, 28, 2, 'Ajalvir'),
(28003, 13, 28, 3, 'Alameda del Valle'),
(28004, 13, 28, 4, 'Álamo, El');
INSERT INTO `municipio` (`id`, `id_comunidad_autonoma`, `id_provincia`, `id_municipio`, `nombre`) VALUES
(28005, 13, 28, 5, 'Alcalá de Henares'),
(28006, 13, 28, 6, 'Alcobendas'),
(28007, 13, 28, 7, 'Alcorcón'),
(28008, 13, 28, 8, 'Aldea del Fresno'),
(28009, 13, 28, 9, 'Algete'),
(28010, 13, 28, 10, 'Alpedrete'),
(28011, 13, 28, 11, 'Ambite'),
(28012, 13, 28, 12, 'Anchuelo'),
(28013, 13, 28, 13, 'Aranjuez'),
(28014, 13, 28, 14, 'Arganda del Rey'),
(28015, 13, 28, 15, 'Arroyomolinos'),
(28016, 13, 28, 16, 'Atazar, El'),
(28017, 13, 28, 17, 'Batres'),
(28018, 13, 28, 18, 'Becerril de la Sierra'),
(28019, 13, 28, 19, 'Belmonte de Tajo'),
(28020, 13, 28, 20, 'Berzosa del Lozoya'),
(28021, 13, 28, 21, 'Berrueco, El'),
(28022, 13, 28, 22, 'Boadilla del Monte'),
(28023, 13, 28, 23, 'Boalo, El'),
(28024, 13, 28, 24, 'Braojos'),
(28025, 13, 28, 25, 'Brea de Tajo'),
(28026, 13, 28, 26, 'Brunete'),
(28027, 13, 28, 27, 'Buitrago del Lozoya'),
(28028, 13, 28, 28, 'Bustarviejo'),
(28029, 13, 28, 29, 'Cabanillas de la Sierra'),
(28030, 13, 28, 30, 'Cabrera, La'),
(28031, 13, 28, 31, 'Cadalso de los Vidrios'),
(28032, 13, 28, 32, 'Camarma de Esteruelas'),
(28033, 13, 28, 33, 'Campo Real'),
(28034, 13, 28, 34, 'Canencia'),
(28035, 13, 28, 35, 'Carabaña'),
(28036, 13, 28, 36, 'Casarrubuelos'),
(28037, 13, 28, 37, 'Cenicientos'),
(28038, 13, 28, 38, 'Cercedilla'),
(28039, 13, 28, 39, 'Cervera de Buitrago'),
(28040, 13, 28, 40, 'Ciempozuelos'),
(28041, 13, 28, 41, 'Cobeña'),
(28042, 13, 28, 42, 'Colmenar del Arroyo'),
(28043, 13, 28, 43, 'Colmenar de Oreja'),
(28044, 13, 28, 44, 'Colmenarejo'),
(28045, 13, 28, 45, 'Colmenar Viejo'),
(28046, 13, 28, 46, 'Collado Mediano'),
(28047, 13, 28, 47, 'Collado Villalba'),
(28048, 13, 28, 48, 'Corpa'),
(28049, 13, 28, 49, 'Coslada'),
(28050, 13, 28, 50, 'Cubas de la Sagra'),
(28051, 13, 28, 51, 'Chapinería'),
(28052, 13, 28, 52, 'Chinchón'),
(28053, 13, 28, 53, 'Daganzo de Arriba'),
(28054, 13, 28, 54, 'Escorial, El'),
(28055, 13, 28, 55, 'Estremera'),
(28056, 13, 28, 56, 'Fresnedillas de la Oliva'),
(28057, 13, 28, 57, 'Fresno de Torote'),
(28058, 13, 28, 58, 'Fuenlabrada'),
(28059, 13, 28, 59, 'Fuente el Saz de Jarama'),
(28060, 13, 28, 60, 'Fuentidueña de Tajo'),
(28061, 13, 28, 61, 'Galapagar'),
(28062, 13, 28, 62, 'Garganta de los Montes'),
(28063, 13, 28, 63, 'Gargantilla del Lozoya y Pinilla de Buitrago'),
(28064, 13, 28, 64, 'Gascones'),
(28065, 13, 28, 65, 'Getafe'),
(28066, 13, 28, 66, 'Griñón'),
(28067, 13, 28, 67, 'Guadalix de la Sierra'),
(28068, 13, 28, 68, 'Guadarrama'),
(28069, 13, 28, 69, 'Hiruela, La'),
(28070, 13, 28, 70, 'Horcajo de la Sierra-Aoslos'),
(28071, 13, 28, 71, 'Horcajuelo de la Sierra'),
(28072, 13, 28, 72, 'Hoyo de Manzanares'),
(28073, 13, 28, 73, 'Humanes de Madrid'),
(28074, 13, 28, 74, 'Leganés'),
(28075, 13, 28, 75, 'Loeches'),
(28076, 13, 28, 76, 'Lozoya'),
(28078, 13, 28, 78, 'Madarcos'),
(28079, 13, 28, 79, 'Madrid'),
(28080, 13, 28, 80, 'Majadahonda'),
(28082, 13, 28, 82, 'Manzanares el Real'),
(28083, 13, 28, 83, 'Meco'),
(28084, 13, 28, 84, 'Mejorada del Campo'),
(28085, 13, 28, 85, 'Miraflores de la Sierra'),
(28086, 13, 28, 86, 'Molar, El'),
(28087, 13, 28, 87, 'Molinos, Los'),
(28088, 13, 28, 88, 'Montejo de la Sierra'),
(28089, 13, 28, 89, 'Moraleja de Enmedio'),
(28090, 13, 28, 90, 'Moralzarzal'),
(28091, 13, 28, 91, 'Morata de Tajuña'),
(28092, 13, 28, 92, 'Móstoles'),
(28093, 13, 28, 93, 'Navacerrada'),
(28094, 13, 28, 94, 'Navalafuente'),
(28095, 13, 28, 95, 'Navalagamella'),
(28096, 13, 28, 96, 'Navalcarnero'),
(28097, 13, 28, 97, 'Navarredonda y San Mamés'),
(28099, 13, 28, 99, 'Navas del Rey'),
(28100, 13, 28, 100, 'Nuevo Baztán'),
(28101, 13, 28, 101, 'Olmeda de las Fuentes'),
(28102, 13, 28, 102, 'Orusco de Tajuña'),
(28104, 13, 28, 104, 'Paracuellos de Jarama'),
(28106, 13, 28, 106, 'Parla'),
(28107, 13, 28, 107, 'Patones'),
(28108, 13, 28, 108, 'Pedrezuela'),
(28109, 13, 28, 109, 'Pelayos de la Presa'),
(28110, 13, 28, 110, 'Perales de Tajuña'),
(28111, 13, 28, 111, 'Pezuela de las Torres'),
(28112, 13, 28, 112, 'Pinilla del Valle'),
(28113, 13, 28, 113, 'Pinto'),
(28114, 13, 28, 114, 'Piñuécar-Gandullas'),
(28115, 13, 28, 115, 'Pozuelo de Alarcón'),
(28116, 13, 28, 116, 'Pozuelo del Rey'),
(28117, 13, 28, 117, 'Prádena del Rincón'),
(28118, 13, 28, 118, 'Puebla de la Sierra'),
(28119, 13, 28, 119, 'Quijorna'),
(28120, 13, 28, 120, 'Rascafría'),
(28121, 13, 28, 121, 'Redueña'),
(28122, 13, 28, 122, 'Ribatejada'),
(28123, 13, 28, 123, 'Rivas-Vaciamadrid'),
(28124, 13, 28, 124, 'Robledillo de la Jara'),
(28125, 13, 28, 125, 'Robledo de Chavela'),
(28126, 13, 28, 126, 'Robregordo'),
(28127, 13, 28, 127, 'Rozas de Madrid, Las'),
(28128, 13, 28, 128, 'Rozas de Puerto Real'),
(28129, 13, 28, 129, 'San Agustín del Guadalix'),
(28130, 13, 28, 130, 'San Fernando de Henares'),
(28131, 13, 28, 131, 'San Lorenzo de El Escorial'),
(28132, 13, 28, 132, 'San Martín de la Vega'),
(28133, 13, 28, 133, 'San Martín de Valdeiglesias'),
(28134, 13, 28, 134, 'San Sebastián de los Reyes'),
(28135, 13, 28, 135, 'Santa María de la Alameda'),
(28136, 13, 28, 136, 'Santorcaz'),
(28137, 13, 28, 137, 'Santos de la Humosa, Los'),
(28138, 13, 28, 138, 'Serna del Monte, La'),
(28140, 13, 28, 140, 'Serranillos del Valle'),
(28141, 13, 28, 141, 'Sevilla la Nueva'),
(28143, 13, 28, 143, 'Somosierra'),
(28144, 13, 28, 144, 'Soto del Real'),
(28145, 13, 28, 145, 'Talamanca de Jarama'),
(28146, 13, 28, 146, 'Tielmes'),
(28147, 13, 28, 147, 'Titulcia'),
(28148, 13, 28, 148, 'Torrejón de Ardoz'),
(28149, 13, 28, 149, 'Torrejón de la Calzada'),
(28150, 13, 28, 150, 'Torrejón de Velasco'),
(28151, 13, 28, 151, 'Torrelaguna'),
(28152, 13, 28, 152, 'Torrelodones'),
(28153, 13, 28, 153, 'Torremocha de Jarama'),
(28154, 13, 28, 154, 'Torres de la Alameda'),
(28155, 13, 28, 155, 'Valdaracete'),
(28156, 13, 28, 156, 'Valdeavero'),
(28157, 13, 28, 157, 'Valdelaguna'),
(28158, 13, 28, 158, 'Valdemanco'),
(28159, 13, 28, 159, 'Valdemaqueda'),
(28160, 13, 28, 160, 'Valdemorillo'),
(28161, 13, 28, 161, 'Valdemoro'),
(28162, 13, 28, 162, 'Valdeolmos-Alalpardo'),
(28163, 13, 28, 163, 'Valdepiélagos'),
(28164, 13, 28, 164, 'Valdetorres de Jarama'),
(28165, 13, 28, 165, 'Valdilecha'),
(28166, 13, 28, 166, 'Valverde de Alcalá'),
(28167, 13, 28, 167, 'Velilla de San Antonio'),
(28168, 13, 28, 168, 'Vellón, El'),
(28169, 13, 28, 169, 'Venturada'),
(28170, 13, 28, 170, 'Villaconejos'),
(28171, 13, 28, 171, 'Villa del Prado'),
(28172, 13, 28, 172, 'Villalbilla'),
(28173, 13, 28, 173, 'Villamanrique de Tajo'),
(28174, 13, 28, 174, 'Villamanta'),
(28175, 13, 28, 175, 'Villamantilla'),
(28176, 13, 28, 176, 'Villanueva de la Cañada'),
(28177, 13, 28, 177, 'Villanueva del Pardillo'),
(28178, 13, 28, 178, 'Villanueva de Perales'),
(28179, 13, 28, 179, 'Villar del Olmo'),
(28180, 13, 28, 180, 'Villarejo de Salvanés'),
(28181, 13, 28, 181, 'Villaviciosa de Odón'),
(28182, 13, 28, 182, 'Villavieja del Lozoya'),
(28183, 13, 28, 183, 'Zarzalejo'),
(28901, 13, 28, 901, 'Lozoyuela-Navas-Sieteiglesias'),
(28902, 13, 28, 902, 'Puentes Viejas'),
(28903, 13, 28, 903, 'Tres Cantos'),
(29000, 1, 29, 0, 'Provincia de  Málaga'),
(29001, 1, 29, 1, 'Alameda'),
(29002, 1, 29, 2, 'Alcaucín'),
(29003, 1, 29, 3, 'Alfarnate'),
(29004, 1, 29, 4, 'Alfarnatejo'),
(29005, 1, 29, 5, 'Algarrobo'),
(29006, 1, 29, 6, 'Algatocín'),
(29007, 1, 29, 7, 'Alhaurín de la Torre'),
(29008, 1, 29, 8, 'Alhaurín el Grande'),
(29009, 1, 29, 9, 'Almáchar'),
(29010, 1, 29, 10, 'Almargen'),
(29011, 1, 29, 11, 'Almogía'),
(29012, 1, 29, 12, 'Álora'),
(29013, 1, 29, 13, 'Alozaina'),
(29014, 1, 29, 14, 'Alpandeire'),
(29015, 1, 29, 15, 'Antequera'),
(29016, 1, 29, 16, 'Árchez'),
(29017, 1, 29, 17, 'Archidona'),
(29018, 1, 29, 18, 'Ardales'),
(29019, 1, 29, 19, 'Arenas'),
(29020, 1, 29, 20, 'Arriate'),
(29021, 1, 29, 21, 'Atajate'),
(29022, 1, 29, 22, 'Benadalid'),
(29023, 1, 29, 23, 'Benahavís'),
(29024, 1, 29, 24, 'Benalauría'),
(29025, 1, 29, 25, 'Benalmádena'),
(29026, 1, 29, 26, 'Benamargosa'),
(29027, 1, 29, 27, 'Benamocarra'),
(29028, 1, 29, 28, 'Benaoján'),
(29029, 1, 29, 29, 'Benarrabá'),
(29030, 1, 29, 30, 'Borge, El'),
(29031, 1, 29, 31, 'Burgo, El'),
(29032, 1, 29, 32, 'Campillos'),
(29033, 1, 29, 33, 'Canillas de Aceituno'),
(29034, 1, 29, 34, 'Canillas de Albaida'),
(29035, 1, 29, 35, 'Cañete la Real'),
(29036, 1, 29, 36, 'Carratraca'),
(29037, 1, 29, 37, 'Cartajima'),
(29038, 1, 29, 38, 'Cártama'),
(29039, 1, 29, 39, 'Casabermeja'),
(29040, 1, 29, 40, 'Casarabonela'),
(29041, 1, 29, 41, 'Casares'),
(29042, 1, 29, 42, 'Coín'),
(29043, 1, 29, 43, 'Colmenar'),
(29044, 1, 29, 44, 'Comares'),
(29045, 1, 29, 45, 'Cómpeta'),
(29046, 1, 29, 46, 'Cortes de la Frontera'),
(29047, 1, 29, 47, 'Cuevas Bajas'),
(29048, 1, 29, 48, 'Cuevas del Becerro'),
(29049, 1, 29, 49, 'Cuevas de San Marcos'),
(29050, 1, 29, 50, 'Cútar'),
(29051, 1, 29, 51, 'Estepona'),
(29052, 1, 29, 52, 'Faraján'),
(29053, 1, 29, 53, 'Frigiliana'),
(29054, 1, 29, 54, 'Fuengirola'),
(29055, 1, 29, 55, 'Fuente de Piedra'),
(29056, 1, 29, 56, 'Gaucín'),
(29057, 1, 29, 57, 'Genalguacil'),
(29058, 1, 29, 58, 'Guaro'),
(29059, 1, 29, 59, 'Humilladero'),
(29060, 1, 29, 60, 'Igualeja'),
(29061, 1, 29, 61, 'Istán'),
(29062, 1, 29, 62, 'Iznate'),
(29063, 1, 29, 63, 'Jimera de Líbar'),
(29064, 1, 29, 64, 'Jubrique'),
(29065, 1, 29, 65, 'Júzcar'),
(29066, 1, 29, 66, 'Macharaviaya'),
(29067, 1, 29, 67, 'Málaga'),
(29068, 1, 29, 68, 'Manilva'),
(29069, 1, 29, 69, 'Marbella'),
(29070, 1, 29, 70, 'Mijas'),
(29071, 1, 29, 71, 'Moclinejo'),
(29072, 1, 29, 72, 'Mollina'),
(29073, 1, 29, 73, 'Monda'),
(29074, 1, 29, 74, 'Montejaque'),
(29075, 1, 29, 75, 'Nerja'),
(29076, 1, 29, 76, 'Ojén'),
(29077, 1, 29, 77, 'Parauta'),
(29079, 1, 29, 79, 'Periana'),
(29080, 1, 29, 80, 'Pizarra'),
(29081, 1, 29, 81, 'Pujerra'),
(29082, 1, 29, 82, 'Rincón de la Victoria'),
(29083, 1, 29, 83, 'Riogordo'),
(29084, 1, 29, 84, 'Ronda'),
(29085, 1, 29, 85, 'Salares'),
(29086, 1, 29, 86, 'Sayalonga'),
(29087, 1, 29, 87, 'Sedella'),
(29088, 1, 29, 88, 'Sierra de Yeguas'),
(29089, 1, 29, 89, 'Teba'),
(29090, 1, 29, 90, 'Tolox'),
(29091, 1, 29, 91, 'Torrox'),
(29092, 1, 29, 92, 'Totalán'),
(29093, 1, 29, 93, 'Valle de Abdalajís'),
(29094, 1, 29, 94, 'Vélez-Málaga'),
(29095, 1, 29, 95, 'Villanueva de Algaidas'),
(29096, 1, 29, 96, 'Villanueva del Rosario'),
(29097, 1, 29, 97, 'Villanueva del Trabuco'),
(29098, 1, 29, 98, 'Villanueva de Tapia'),
(29099, 1, 29, 99, 'Viñuela'),
(29100, 1, 29, 100, 'Yunquera'),
(29901, 1, 29, 901, 'Torremolinos'),
(29902, 1, 29, 902, 'Villanueva de la Concepción'),
(29903, 1, 29, 903, 'Montecorto'),
(29904, 1, 29, 904, 'Serrato'),
(30000, 14, 30, 0, 'Provincia de  Murcia'),
(30001, 14, 30, 1, 'Abanilla'),
(30002, 14, 30, 2, 'Abarán'),
(30003, 14, 30, 3, 'Águilas'),
(30004, 14, 30, 4, 'Albudeite'),
(30005, 14, 30, 5, 'Alcantarilla'),
(30006, 14, 30, 6, 'Aledo'),
(30007, 14, 30, 7, 'Alguazas'),
(30008, 14, 30, 8, 'Alhama de Murcia'),
(30009, 14, 30, 9, 'Archena'),
(30010, 14, 30, 10, 'Beniel'),
(30011, 14, 30, 11, 'Blanca'),
(30012, 14, 30, 12, 'Bullas'),
(30013, 14, 30, 13, 'Calasparra'),
(30014, 14, 30, 14, 'Campos del Río'),
(30015, 14, 30, 15, 'Caravaca de la Cruz'),
(30016, 14, 30, 16, 'Cartagena'),
(30017, 14, 30, 17, 'Cehegín'),
(30018, 14, 30, 18, 'Ceutí'),
(30019, 14, 30, 19, 'Cieza'),
(30020, 14, 30, 20, 'Fortuna'),
(30021, 14, 30, 21, 'Fuente Álamo de Murcia'),
(30022, 14, 30, 22, 'Jumilla'),
(30023, 14, 30, 23, 'Librilla'),
(30024, 14, 30, 24, 'Lorca'),
(30025, 14, 30, 25, 'Lorquí'),
(30026, 14, 30, 26, 'Mazarrón'),
(30027, 14, 30, 27, 'Molina de Segura'),
(30028, 14, 30, 28, 'Moratalla'),
(30029, 14, 30, 29, 'Mula'),
(30030, 14, 30, 30, 'Murcia'),
(30031, 14, 30, 31, 'Ojós'),
(30032, 14, 30, 32, 'Pliego'),
(30033, 14, 30, 33, 'Puerto Lumbreras'),
(30034, 14, 30, 34, 'Ricote'),
(30035, 14, 30, 35, 'San Javier'),
(30036, 14, 30, 36, 'San Pedro del Pinatar'),
(30037, 14, 30, 37, 'Torre-Pacheco'),
(30038, 14, 30, 38, 'Torres de Cotillas, Las'),
(30039, 14, 30, 39, 'Totana'),
(30040, 14, 30, 40, 'Ulea'),
(30041, 14, 30, 41, 'Unión, La'),
(30042, 14, 30, 42, 'Villanueva del Río Segura'),
(30043, 14, 30, 43, 'Yecla'),
(30901, 14, 30, 901, 'Santomera'),
(30902, 14, 30, 902, 'Alcázares, Los'),
(31000, 15, 31, 0, 'Provincia de  Navarra'),
(31001, 15, 31, 1, 'Abáigar'),
(31002, 15, 31, 2, 'Abárzuza/Abartzuza'),
(31003, 15, 31, 3, 'Abaurregaina/Abaurrea Alta'),
(31004, 15, 31, 4, 'Abaurrepea/Abaurrea Baja'),
(31005, 15, 31, 5, 'Aberin'),
(31006, 15, 31, 6, 'Ablitas'),
(31007, 15, 31, 7, 'Adiós'),
(31008, 15, 31, 8, 'Aguilar de Codés'),
(31009, 15, 31, 9, 'Aibar/Oibar'),
(31010, 15, 31, 10, 'Altsasu/Alsasua'),
(31011, 15, 31, 11, 'Allín/Allin'),
(31012, 15, 31, 12, 'Allo'),
(31013, 15, 31, 13, 'Améscoa Baja'),
(31014, 15, 31, 14, 'Ancín/Antzin'),
(31015, 15, 31, 15, 'Andosilla'),
(31016, 15, 31, 16, 'Ansoáin/Antsoain'),
(31017, 15, 31, 17, 'Anue'),
(31018, 15, 31, 18, 'Añorbe'),
(31019, 15, 31, 19, 'Aoiz/Agoitz'),
(31020, 15, 31, 20, 'Araitz'),
(31021, 15, 31, 21, 'Aranarache/Aranaratxe'),
(31022, 15, 31, 22, 'Arantza'),
(31023, 15, 31, 23, 'Aranguren'),
(31024, 15, 31, 24, 'Arano'),
(31025, 15, 31, 25, 'Arakil'),
(31026, 15, 31, 26, 'Aras'),
(31027, 15, 31, 27, 'Arbizu'),
(31028, 15, 31, 28, 'Arce/Artzi'),
(31029, 15, 31, 29, 'Arcos, Los'),
(31030, 15, 31, 30, 'Arellano'),
(31031, 15, 31, 31, 'Areso'),
(31032, 15, 31, 32, 'Arguedas'),
(31033, 15, 31, 33, 'Aria'),
(31034, 15, 31, 34, 'Aribe'),
(31035, 15, 31, 35, 'Armañanzas'),
(31036, 15, 31, 36, 'Arróniz'),
(31037, 15, 31, 37, 'Arruazu'),
(31038, 15, 31, 38, 'Artajona'),
(31039, 15, 31, 39, 'Artazu'),
(31040, 15, 31, 40, 'Atez/Atetz'),
(31041, 15, 31, 41, 'Ayegui/Aiegi'),
(31042, 15, 31, 42, 'Azagra'),
(31043, 15, 31, 43, 'Azuelo'),
(31044, 15, 31, 44, 'Bakaiku'),
(31045, 15, 31, 45, 'Barásoain'),
(31046, 15, 31, 46, 'Barbarin'),
(31047, 15, 31, 47, 'Bargota'),
(31048, 15, 31, 48, 'Barillas'),
(31049, 15, 31, 49, 'Basaburua'),
(31050, 15, 31, 50, 'Baztan'),
(31051, 15, 31, 51, 'Beire'),
(31052, 15, 31, 52, 'Belascoáin'),
(31053, 15, 31, 53, 'Berbinzana'),
(31054, 15, 31, 54, 'Bertizarana'),
(31055, 15, 31, 55, 'Betelu'),
(31056, 15, 31, 56, 'Biurrun-Olcoz'),
(31057, 15, 31, 57, 'Buñuel'),
(31058, 15, 31, 58, 'Auritz/Burguete'),
(31059, 15, 31, 59, 'Burgui/Burgi'),
(31060, 15, 31, 60, 'Burlada/Burlata'),
(31061, 15, 31, 61, 'Busto, El'),
(31062, 15, 31, 62, 'Cabanillas'),
(31063, 15, 31, 63, 'Cabredo'),
(31064, 15, 31, 64, 'Cadreita'),
(31065, 15, 31, 65, 'Caparroso'),
(31066, 15, 31, 66, 'Cárcar'),
(31067, 15, 31, 67, 'Carcastillo'),
(31068, 15, 31, 68, 'Cascante'),
(31069, 15, 31, 69, 'Cáseda'),
(31070, 15, 31, 70, 'Castejón'),
(31071, 15, 31, 71, 'Castillonuevo'),
(31072, 15, 31, 72, 'Cintruénigo'),
(31073, 15, 31, 73, 'Ziordia'),
(31074, 15, 31, 74, 'Cirauqui/Zirauki'),
(31075, 15, 31, 75, 'Ciriza/Ziritza'),
(31076, 15, 31, 76, 'Cizur'),
(31077, 15, 31, 77, 'Corella'),
(31078, 15, 31, 78, 'Cortes'),
(31079, 15, 31, 79, 'Desojo'),
(31080, 15, 31, 80, 'Dicastillo'),
(31081, 15, 31, 81, 'Donamaria'),
(31082, 15, 31, 82, 'Etxalar'),
(31083, 15, 31, 83, 'Echarri/Etxarri'),
(31084, 15, 31, 84, 'Etxarri Aranatz'),
(31085, 15, 31, 85, 'Etxauri'),
(31086, 15, 31, 86, 'Valle de Egüés/Eguesibar'),
(31087, 15, 31, 87, 'Elgorriaga'),
(31088, 15, 31, 88, 'Noáin (Valle de Elorz)/Noain (Elortzibar)'),
(31089, 15, 31, 89, 'Enériz/Eneritz'),
(31090, 15, 31, 90, 'Eratsun'),
(31091, 15, 31, 91, 'Ergoiena'),
(31092, 15, 31, 92, 'Erro'),
(31093, 15, 31, 93, 'Ezcároz/Ezkaroze'),
(31094, 15, 31, 94, 'Eslava'),
(31095, 15, 31, 95, 'Esparza de Salazar/Espartza Zaraitzu'),
(31096, 15, 31, 96, 'Espronceda'),
(31097, 15, 31, 97, 'Estella-Lizarra'),
(31098, 15, 31, 98, 'Esteribar'),
(31099, 15, 31, 99, 'Etayo'),
(31100, 15, 31, 100, 'Eulate'),
(31101, 15, 31, 101, 'Ezcabarte'),
(31102, 15, 31, 102, 'Ezkurra'),
(31103, 15, 31, 103, 'Ezprogui'),
(31104, 15, 31, 104, 'Falces'),
(31105, 15, 31, 105, 'Fitero'),
(31106, 15, 31, 106, 'Fontellas'),
(31107, 15, 31, 107, 'Funes'),
(31108, 15, 31, 108, 'Fustiñana'),
(31109, 15, 31, 109, 'Galar'),
(31110, 15, 31, 110, 'Gallipienzo/Galipentzu'),
(31111, 15, 31, 111, 'Gallués/Galoze'),
(31112, 15, 31, 112, 'Garaioa'),
(31113, 15, 31, 113, 'Garde'),
(31114, 15, 31, 114, 'Garínoain'),
(31115, 15, 31, 115, 'Garralda'),
(31116, 15, 31, 116, 'Genevilla'),
(31117, 15, 31, 117, 'Goizueta'),
(31118, 15, 31, 118, 'Goñi'),
(31119, 15, 31, 119, 'Güesa/Gorza'),
(31120, 15, 31, 120, 'Guesálaz/Gesalatz'),
(31121, 15, 31, 121, 'Guirguillano'),
(31122, 15, 31, 122, 'Huarte/Uharte'),
(31123, 15, 31, 123, 'Uharte Arakil'),
(31124, 15, 31, 124, 'Ibargoiti'),
(31125, 15, 31, 125, 'Igúzquiza'),
(31126, 15, 31, 126, 'Imotz'),
(31127, 15, 31, 127, 'Irañeta'),
(31128, 15, 31, 128, 'Isaba/Izaba'),
(31129, 15, 31, 129, 'Ituren'),
(31130, 15, 31, 130, 'Iturmendi'),
(31131, 15, 31, 131, 'Iza/Itza'),
(31132, 15, 31, 132, 'Izagaondoa'),
(31133, 15, 31, 133, 'Izalzu/Itzaltzu'),
(31134, 15, 31, 134, 'Jaurrieta'),
(31135, 15, 31, 135, 'Javier'),
(31136, 15, 31, 136, 'Juslapeña'),
(31137, 15, 31, 137, 'Beintza-Labaien'),
(31138, 15, 31, 138, 'Lakuntza'),
(31139, 15, 31, 139, 'Lana'),
(31140, 15, 31, 140, 'Lantz'),
(31141, 15, 31, 141, 'Lapoblación'),
(31142, 15, 31, 142, 'Larraga'),
(31143, 15, 31, 143, 'Larraona'),
(31144, 15, 31, 144, 'Larraun'),
(31145, 15, 31, 145, 'Lazagurría'),
(31146, 15, 31, 146, 'Leache/Leatxe'),
(31147, 15, 31, 147, 'Legarda'),
(31148, 15, 31, 148, 'Legaria'),
(31149, 15, 31, 149, 'Leitza'),
(31150, 15, 31, 150, 'Leoz/Leotz'),
(31151, 15, 31, 151, 'Lerga'),
(31152, 15, 31, 152, 'Lerín'),
(31153, 15, 31, 153, 'Lesaka'),
(31154, 15, 31, 154, 'Lezaun'),
(31155, 15, 31, 155, 'Liédena'),
(31156, 15, 31, 156, 'Lizoáin-Arriasgoiti'),
(31157, 15, 31, 157, 'Lodosa'),
(31158, 15, 31, 158, 'Lónguida/Longida'),
(31159, 15, 31, 159, 'Lumbier'),
(31160, 15, 31, 160, 'Luquin'),
(31161, 15, 31, 161, 'Mañeru'),
(31162, 15, 31, 162, 'Marañón'),
(31163, 15, 31, 163, 'Marcilla'),
(31164, 15, 31, 164, 'Mélida'),
(31165, 15, 31, 165, 'Mendavia'),
(31166, 15, 31, 166, 'Mendaza'),
(31167, 15, 31, 167, 'Mendigorría'),
(31168, 15, 31, 168, 'Metauten'),
(31169, 15, 31, 169, 'Milagro'),
(31170, 15, 31, 170, 'Mirafuentes'),
(31171, 15, 31, 171, 'Miranda de Arga'),
(31172, 15, 31, 172, 'Monreal/Elo'),
(31173, 15, 31, 173, 'Monteagudo'),
(31174, 15, 31, 174, 'Morentin'),
(31175, 15, 31, 175, 'Mues'),
(31176, 15, 31, 176, 'Murchante'),
(31177, 15, 31, 177, 'Murieta'),
(31178, 15, 31, 178, 'Murillo el Cuende'),
(31179, 15, 31, 179, 'Murillo el Fruto'),
(31180, 15, 31, 180, 'Muruzábal'),
(31181, 15, 31, 181, 'Navascués/Nabaskoze'),
(31182, 15, 31, 182, 'Nazar'),
(31183, 15, 31, 183, 'Obanos'),
(31184, 15, 31, 184, 'Oco'),
(31185, 15, 31, 185, 'Ochagavía/Otsagabia'),
(31186, 15, 31, 186, 'Odieta'),
(31187, 15, 31, 187, 'Oiz'),
(31188, 15, 31, 188, 'Olaibar'),
(31189, 15, 31, 189, 'Olazti/Olazagutía'),
(31190, 15, 31, 190, 'Olejua'),
(31191, 15, 31, 191, 'Olite/Erriberri'),
(31192, 15, 31, 192, 'Olóriz/Oloritz'),
(31193, 15, 31, 193, 'Cendea de Olza/Oltza Zendea'),
(31194, 15, 31, 194, 'Valle de Ollo/Ollaran'),
(31195, 15, 31, 195, 'Orbaizeta'),
(31196, 15, 31, 196, 'Orbara'),
(31197, 15, 31, 197, 'Orísoain'),
(31198, 15, 31, 198, 'Oronz/Orontze'),
(31199, 15, 31, 199, 'Oroz-Betelu/Orotz-Betelu'),
(31200, 15, 31, 200, 'Oteiza'),
(31201, 15, 31, 201, 'Pamplona/Iruña'),
(31202, 15, 31, 202, 'Peralta/Azkoien'),
(31203, 15, 31, 203, 'Petilla de Aragón'),
(31204, 15, 31, 204, 'Piedramillera'),
(31205, 15, 31, 205, 'Pitillas'),
(31206, 15, 31, 206, 'Puente la Reina/Gares'),
(31207, 15, 31, 207, 'Pueyo'),
(31208, 15, 31, 208, 'Ribaforada'),
(31209, 15, 31, 209, 'Romanzado'),
(31210, 15, 31, 210, 'Roncal/Erronkari'),
(31211, 15, 31, 211, 'Orreaga/Roncesvalles'),
(31212, 15, 31, 212, 'Sada'),
(31213, 15, 31, 213, 'Saldías'),
(31214, 15, 31, 214, 'Salinas de Oro/Jaitz'),
(31215, 15, 31, 215, 'San Adrián'),
(31216, 15, 31, 216, 'Sangüesa/Zangoza'),
(31217, 15, 31, 217, 'San Martín de Unx'),
(31219, 15, 31, 219, 'Sansol'),
(31220, 15, 31, 220, 'Santacara'),
(31221, 15, 31, 221, 'Doneztebe/Santesteban'),
(31222, 15, 31, 222, 'Sarriés/Sartze'),
(31223, 15, 31, 223, 'Sartaguda'),
(31224, 15, 31, 224, 'Sesma'),
(31225, 15, 31, 225, 'Sorlada'),
(31226, 15, 31, 226, 'Sunbilla'),
(31227, 15, 31, 227, 'Tafalla'),
(31228, 15, 31, 228, 'Tiebas-Muruarte de Reta'),
(31229, 15, 31, 229, 'Tirapu'),
(31230, 15, 31, 230, 'Torralba del Río'),
(31231, 15, 31, 231, 'Torres del Río'),
(31232, 15, 31, 232, 'Tudela'),
(31233, 15, 31, 233, 'Tulebras'),
(31234, 15, 31, 234, 'Ucar'),
(31235, 15, 31, 235, 'Ujué/Uxue'),
(31236, 15, 31, 236, 'Ultzama'),
(31237, 15, 31, 237, 'Unciti'),
(31238, 15, 31, 238, 'Unzué/Untzue'),
(31239, 15, 31, 239, 'Urdazubi/Urdax'),
(31240, 15, 31, 240, 'Urdiain'),
(31241, 15, 31, 241, 'Urraul Alto'),
(31242, 15, 31, 242, 'Urraul Bajo'),
(31243, 15, 31, 243, 'Urroz-Villa'),
(31244, 15, 31, 244, 'Urroz'),
(31245, 15, 31, 245, 'Urzainqui/Urzainki'),
(31246, 15, 31, 246, 'Uterga'),
(31247, 15, 31, 247, 'Uztárroz/Uztarroze'),
(31248, 15, 31, 248, 'Luzaide/Valcarlos'),
(31249, 15, 31, 249, 'Valtierra'),
(31250, 15, 31, 250, 'Bera'),
(31251, 15, 31, 251, 'Viana'),
(31252, 15, 31, 252, 'Vidángoz/Bidankoze'),
(31253, 15, 31, 253, 'Bidaurreta'),
(31254, 15, 31, 254, 'Villafranca'),
(31255, 15, 31, 255, 'Villamayor de Monjardín'),
(31256, 15, 31, 256, 'Hiriberri/Villanueva de Aezkoa'),
(31257, 15, 31, 257, 'Villatuerta'),
(31258, 15, 31, 258, 'Villava/Atarrabia'),
(31259, 15, 31, 259, 'Igantzi'),
(31260, 15, 31, 260, 'Valle de Yerri/Deierri'),
(31261, 15, 31, 261, 'Yesa'),
(31262, 15, 31, 262, 'Zabalza/Zabaltza'),
(31263, 15, 31, 263, 'Zubieta'),
(31264, 15, 31, 264, 'Zugarramurdi'),
(31265, 15, 31, 265, 'Zúñiga'),
(31901, 15, 31, 901, 'Barañáin/Barañain'),
(31902, 15, 31, 902, 'Berrioplano/Berriobeiti'),
(31903, 15, 31, 903, 'Berriozar'),
(31904, 15, 31, 904, 'Irurtzun'),
(31905, 15, 31, 905, 'Beriáin'),
(31906, 15, 31, 906, 'Orkoien'),
(31907, 15, 31, 907, 'Zizur Mayor/Zizur Nagusia'),
(31908, 15, 31, 908, 'Lekunberri'),
(32000, 12, 32, 0, 'Provincia de  Ourense'),
(32001, 12, 32, 1, 'Allariz'),
(32002, 12, 32, 2, 'Amoeiro'),
(32003, 12, 32, 3, 'Arnoia, A'),
(32004, 12, 32, 4, 'Avión'),
(32005, 12, 32, 5, 'Baltar'),
(32006, 12, 32, 6, 'Bande'),
(32007, 12, 32, 7, 'Baños de Molgas'),
(32008, 12, 32, 8, 'Barbadás'),
(32009, 12, 32, 9, 'Barco de Valdeorras, O'),
(32010, 12, 32, 10, 'Beade'),
(32011, 12, 32, 11, 'Beariz'),
(32012, 12, 32, 12, 'Blancos, Os'),
(32013, 12, 32, 13, 'Boborás'),
(32014, 12, 32, 14, 'Bola, A'),
(32015, 12, 32, 15, 'Bolo, O'),
(32016, 12, 32, 16, 'Calvos de Randín'),
(32017, 12, 32, 17, 'Carballeda de Valdeorras'),
(32018, 12, 32, 18, 'Carballeda de Avia'),
(32019, 12, 32, 19, 'Carballiño, O'),
(32020, 12, 32, 20, 'Cartelle'),
(32021, 12, 32, 21, 'Castrelo do Val'),
(32022, 12, 32, 22, 'Castrelo de Miño'),
(32023, 12, 32, 23, 'Castro Caldelas'),
(32024, 12, 32, 24, 'Celanova'),
(32025, 12, 32, 25, 'Cenlle'),
(32026, 12, 32, 26, 'Coles'),
(32027, 12, 32, 27, 'Cortegada'),
(32028, 12, 32, 28, 'Cualedro'),
(32029, 12, 32, 29, 'Chandrexa de Queixa'),
(32030, 12, 32, 30, 'Entrimo'),
(32031, 12, 32, 31, 'Esgos'),
(32032, 12, 32, 32, 'Xinzo de Limia'),
(32033, 12, 32, 33, 'Gomesende'),
(32034, 12, 32, 34, 'Gudiña, A'),
(32035, 12, 32, 35, 'Irixo, O'),
(32036, 12, 32, 36, 'Xunqueira de Ambía'),
(32037, 12, 32, 37, 'Xunqueira de Espadanedo'),
(32038, 12, 32, 38, 'Larouco'),
(32039, 12, 32, 39, 'Laza'),
(32040, 12, 32, 40, 'Leiro'),
(32041, 12, 32, 41, 'Lobeira'),
(32042, 12, 32, 42, 'Lobios'),
(32043, 12, 32, 43, 'Maceda'),
(32044, 12, 32, 44, 'Manzaneda'),
(32045, 12, 32, 45, 'Maside'),
(32046, 12, 32, 46, 'Melón'),
(32047, 12, 32, 47, 'Merca, A'),
(32048, 12, 32, 48, 'Mezquita, A'),
(32049, 12, 32, 49, 'Montederramo'),
(32050, 12, 32, 50, 'Monterrei'),
(32051, 12, 32, 51, 'Muíños'),
(32052, 12, 32, 52, 'Nogueira de Ramuín'),
(32053, 12, 32, 53, 'Oímbra'),
(32054, 12, 32, 54, 'Ourense'),
(32055, 12, 32, 55, 'Paderne de Allariz'),
(32056, 12, 32, 56, 'Padrenda'),
(32057, 12, 32, 57, 'Parada de Sil'),
(32058, 12, 32, 58, 'Pereiro de Aguiar, O'),
(32059, 12, 32, 59, 'Peroxa, A'),
(32060, 12, 32, 60, 'Petín'),
(32061, 12, 32, 61, 'Piñor'),
(32062, 12, 32, 62, 'Porqueira'),
(32063, 12, 32, 63, 'Pobra de Trives, A'),
(32064, 12, 32, 64, 'Pontedeva'),
(32065, 12, 32, 65, 'Punxín'),
(32066, 12, 32, 66, 'Quintela de Leirado'),
(32067, 12, 32, 67, 'Rairiz de Veiga'),
(32068, 12, 32, 68, 'Ramirás'),
(32069, 12, 32, 69, 'Ribadavia'),
(32070, 12, 32, 70, 'San Xoán de Río'),
(32071, 12, 32, 71, 'Riós'),
(32072, 12, 32, 72, 'Rúa, A'),
(32073, 12, 32, 73, 'Rubiá'),
(32074, 12, 32, 74, 'San Amaro'),
(32075, 12, 32, 75, 'San Cibrao das Viñas'),
(32076, 12, 32, 76, 'San Cristovo de Cea'),
(32077, 12, 32, 77, 'Sandiás'),
(32078, 12, 32, 78, 'Sarreaus'),
(32079, 12, 32, 79, 'Taboadela'),
(32080, 12, 32, 80, 'Teixeira, A'),
(32081, 12, 32, 81, 'Toén'),
(32082, 12, 32, 82, 'Trasmiras'),
(32083, 12, 32, 83, 'Veiga, A'),
(32084, 12, 32, 84, 'Verea'),
(32085, 12, 32, 85, 'Verín'),
(32086, 12, 32, 86, 'Viana do Bolo'),
(32087, 12, 32, 87, 'Vilamarín'),
(32088, 12, 32, 88, 'Vilamartín de Valdeorras'),
(32089, 12, 32, 89, 'Vilar de Barrio'),
(32090, 12, 32, 90, 'Vilar de Santos'),
(32091, 12, 32, 91, 'Vilardevós'),
(32092, 12, 32, 92, 'Vilariño de Conso'),
(33000, 3, 33, 0, 'Provincia de  Asturias'),
(33001, 3, 33, 1, 'Allande'),
(33002, 3, 33, 2, 'Aller'),
(33003, 3, 33, 3, 'Amieva'),
(33004, 3, 33, 4, 'Avilés'),
(33005, 3, 33, 5, 'Belmonte de Miranda'),
(33006, 3, 33, 6, 'Bimenes'),
(33007, 3, 33, 7, 'Boal'),
(33008, 3, 33, 8, 'Cabrales'),
(33009, 3, 33, 9, 'Cabranes'),
(33010, 3, 33, 10, 'Candamo'),
(33011, 3, 33, 11, 'Cangas del Narcea'),
(33012, 3, 33, 12, 'Cangas de Onís'),
(33013, 3, 33, 13, 'Caravia'),
(33014, 3, 33, 14, 'Carreño'),
(33015, 3, 33, 15, 'Caso'),
(33016, 3, 33, 16, 'Castrillón'),
(33017, 3, 33, 17, 'Castropol'),
(33018, 3, 33, 18, 'Coaña'),
(33019, 3, 33, 19, 'Colunga'),
(33020, 3, 33, 20, 'Corvera de Asturias'),
(33021, 3, 33, 21, 'Cudillero'),
(33022, 3, 33, 22, 'Degaña'),
(33023, 3, 33, 23, 'Franco, El'),
(33024, 3, 33, 24, 'Gijón'),
(33025, 3, 33, 25, 'Gozón'),
(33026, 3, 33, 26, 'Grado'),
(33027, 3, 33, 27, 'Grandas de Salime'),
(33028, 3, 33, 28, 'Ibias'),
(33029, 3, 33, 29, 'Illano'),
(33030, 3, 33, 30, 'Illas'),
(33031, 3, 33, 31, 'Langreo'),
(33032, 3, 33, 32, 'Laviana'),
(33033, 3, 33, 33, 'Lena'),
(33034, 3, 33, 34, 'Valdés'),
(33035, 3, 33, 35, 'Llanera'),
(33036, 3, 33, 36, 'Llanes'),
(33037, 3, 33, 37, 'Mieres'),
(33038, 3, 33, 38, 'Morcín'),
(33039, 3, 33, 39, 'Muros de Nalón'),
(33040, 3, 33, 40, 'Nava'),
(33041, 3, 33, 41, 'Navia'),
(33042, 3, 33, 42, 'Noreña'),
(33043, 3, 33, 43, 'Onís'),
(33044, 3, 33, 44, 'Oviedo'),
(33045, 3, 33, 45, 'Parres'),
(33046, 3, 33, 46, 'Peñamellera Alta'),
(33047, 3, 33, 47, 'Peñamellera Baja'),
(33048, 3, 33, 48, 'Pesoz'),
(33049, 3, 33, 49, 'Piloña'),
(33050, 3, 33, 50, 'Ponga'),
(33051, 3, 33, 51, 'Pravia'),
(33052, 3, 33, 52, 'Proaza'),
(33053, 3, 33, 53, 'Quirós'),
(33054, 3, 33, 54, 'Regueras, Las'),
(33055, 3, 33, 55, 'Ribadedeva'),
(33056, 3, 33, 56, 'Ribadesella'),
(33057, 3, 33, 57, 'Ribera de Arriba'),
(33058, 3, 33, 58, 'Riosa'),
(33059, 3, 33, 59, 'Salas'),
(33060, 3, 33, 60, 'San Martín del Rey Aurelio'),
(33061, 3, 33, 61, 'San Martín de Oscos'),
(33062, 3, 33, 62, 'Santa Eulalia de Oscos'),
(33063, 3, 33, 63, 'San Tirso de Abres'),
(33064, 3, 33, 64, 'Santo Adriano'),
(33065, 3, 33, 65, 'Sariego'),
(33066, 3, 33, 66, 'Siero'),
(33067, 3, 33, 67, 'Sobrescobio'),
(33068, 3, 33, 68, 'Somiedo'),
(33069, 3, 33, 69, 'Soto del Barco'),
(33070, 3, 33, 70, 'Tapia de Casariego'),
(33071, 3, 33, 71, 'Taramundi'),
(33072, 3, 33, 72, 'Teverga'),
(33073, 3, 33, 73, 'Tineo'),
(33074, 3, 33, 74, 'Vegadeo'),
(33075, 3, 33, 75, 'Villanueva de Oscos'),
(33076, 3, 33, 76, 'Villaviciosa'),
(33077, 3, 33, 77, 'Villayón'),
(33078, 3, 33, 78, 'Yernes y Tameza'),
(34000, 7, 34, 0, 'Provincia de  Palencia'),
(34001, 7, 34, 1, 'Abarca de Campos'),
(34003, 7, 34, 3, 'Abia de las Torres'),
(34004, 7, 34, 4, 'Aguilar de Campoo'),
(34005, 7, 34, 5, 'Alar del Rey'),
(34006, 7, 34, 6, 'Alba de Cerrato'),
(34009, 7, 34, 9, 'Amayuelas de Arriba'),
(34010, 7, 34, 10, 'Ampudia'),
(34011, 7, 34, 11, 'Amusco'),
(34012, 7, 34, 12, 'Antigüedad'),
(34015, 7, 34, 15, 'Arconada'),
(34017, 7, 34, 17, 'Astudillo'),
(34018, 7, 34, 18, 'Autilla del Pino'),
(34019, 7, 34, 19, 'Autillo de Campos'),
(34020, 7, 34, 20, 'Ayuela'),
(34022, 7, 34, 22, 'Baltanás'),
(34023, 7, 34, 23, 'Venta de Baños'),
(34024, 7, 34, 24, 'Baquerín de Campos'),
(34025, 7, 34, 25, 'Bárcena de Campos'),
(34027, 7, 34, 27, 'Barruelo de Santullán'),
(34028, 7, 34, 28, 'Báscones de Ojeda'),
(34029, 7, 34, 29, 'Becerril de Campos'),
(34031, 7, 34, 31, 'Belmonte de Campos'),
(34032, 7, 34, 32, 'Berzosilla'),
(34033, 7, 34, 33, 'Boada de Campos'),
(34034, 7, 34, 34, 'Boadilla del Camino'),
(34035, 7, 34, 35, 'Boadilla de Rioseco'),
(34036, 7, 34, 36, 'Brañosera'),
(34037, 7, 34, 37, 'Buenavista de Valdavia'),
(34038, 7, 34, 38, 'Bustillo de la Vega'),
(34039, 7, 34, 39, 'Bustillo del Páramo de Carrión'),
(34041, 7, 34, 41, 'Calahorra de Boedo'),
(34042, 7, 34, 42, 'Calzada de los Molinos'),
(34045, 7, 34, 45, 'Capillas'),
(34046, 7, 34, 46, 'Cardeñosa de Volpejera'),
(34047, 7, 34, 47, 'Carrión de los Condes'),
(34048, 7, 34, 48, 'Castil de Vela'),
(34049, 7, 34, 49, 'Castrejón de la Peña'),
(34050, 7, 34, 50, 'Castrillo de Don Juan'),
(34051, 7, 34, 51, 'Castrillo de Onielo'),
(34052, 7, 34, 52, 'Castrillo de Villavega'),
(34053, 7, 34, 53, 'Castromocho'),
(34055, 7, 34, 55, 'Cervatos de la Cueza'),
(34056, 7, 34, 56, 'Cervera de Pisuerga'),
(34057, 7, 34, 57, 'Cevico de la Torre'),
(34058, 7, 34, 58, 'Cevico Navero'),
(34059, 7, 34, 59, 'Cisneros'),
(34060, 7, 34, 60, 'Cobos de Cerrato'),
(34061, 7, 34, 61, 'Collazos de Boedo'),
(34062, 7, 34, 62, 'Congosto de Valdavia'),
(34063, 7, 34, 63, 'Cordovilla la Real'),
(34066, 7, 34, 66, 'Cubillas de Cerrato'),
(34067, 7, 34, 67, 'Dehesa de Montejo'),
(34068, 7, 34, 68, 'Dehesa de Romanos'),
(34069, 7, 34, 69, 'Dueñas'),
(34070, 7, 34, 70, 'Espinosa de Cerrato'),
(34071, 7, 34, 71, 'Espinosa de Villagonzalo'),
(34072, 7, 34, 72, 'Frechilla'),
(34073, 7, 34, 73, 'Fresno del Río'),
(34074, 7, 34, 74, 'Frómista'),
(34076, 7, 34, 76, 'Fuentes de Nava'),
(34077, 7, 34, 77, 'Fuentes de Valdepero'),
(34079, 7, 34, 79, 'Grijota'),
(34080, 7, 34, 80, 'Guardo'),
(34081, 7, 34, 81, 'Guaza de Campos'),
(34082, 7, 34, 82, 'Hérmedes de Cerrato'),
(34083, 7, 34, 83, 'Herrera de Pisuerga'),
(34084, 7, 34, 84, 'Herrera de Valdecañas'),
(34086, 7, 34, 86, 'Hontoria de Cerrato'),
(34087, 7, 34, 87, 'Hornillos de Cerrato'),
(34088, 7, 34, 88, 'Husillos'),
(34089, 7, 34, 89, 'Itero de la Vega'),
(34091, 7, 34, 91, 'Lagartos'),
(34092, 7, 34, 92, 'Lantadilla'),
(34093, 7, 34, 93, 'Vid de Ojeda, La'),
(34094, 7, 34, 94, 'Ledigos'),
(34096, 7, 34, 96, 'Lomas'),
(34098, 7, 34, 98, 'Magaz de Pisuerga'),
(34099, 7, 34, 99, 'Manquillos'),
(34100, 7, 34, 100, 'Mantinos'),
(34101, 7, 34, 101, 'Marcilla de Campos'),
(34102, 7, 34, 102, 'Mazariegos'),
(34103, 7, 34, 103, 'Mazuecos de Valdeginate'),
(34104, 7, 34, 104, 'Melgar de Yuso'),
(34106, 7, 34, 106, 'Meneses de Campos'),
(34107, 7, 34, 107, 'Micieces de Ojeda'),
(34108, 7, 34, 108, 'Monzón de Campos'),
(34109, 7, 34, 109, 'Moratinos'),
(34110, 7, 34, 110, 'Mudá'),
(34112, 7, 34, 112, 'Nogal de las Huertas'),
(34113, 7, 34, 113, 'Olea de Boedo'),
(34114, 7, 34, 114, 'Olmos de Ojeda'),
(34116, 7, 34, 116, 'Osornillo'),
(34120, 7, 34, 120, 'Palencia'),
(34121, 7, 34, 121, 'Palenzuela'),
(34122, 7, 34, 122, 'Páramo de Boedo'),
(34123, 7, 34, 123, 'Paredes de Nava'),
(34124, 7, 34, 124, 'Payo de Ojeda'),
(34125, 7, 34, 125, 'Pedraza de Campos'),
(34126, 7, 34, 126, 'Pedrosa de la Vega'),
(34127, 7, 34, 127, 'Perales'),
(34129, 7, 34, 129, 'Pino del Río'),
(34130, 7, 34, 130, 'Piña de Campos'),
(34131, 7, 34, 131, 'Población de Arroyo'),
(34132, 7, 34, 132, 'Población de Campos'),
(34133, 7, 34, 133, 'Población de Cerrato'),
(34134, 7, 34, 134, 'Polentinos'),
(34135, 7, 34, 135, 'Pomar de Valdivia'),
(34136, 7, 34, 136, 'Poza de la Vega'),
(34137, 7, 34, 137, 'Pozo de Urama'),
(34139, 7, 34, 139, 'Prádanos de Ojeda'),
(34140, 7, 34, 140, 'Puebla de Valdavia, La'),
(34141, 7, 34, 141, 'Quintana del Puente'),
(34143, 7, 34, 143, 'Quintanilla de Onsoña'),
(34146, 7, 34, 146, 'Reinoso de Cerrato'),
(34147, 7, 34, 147, 'Renedo de la Vega'),
(34149, 7, 34, 149, 'Requena de Campos'),
(34151, 7, 34, 151, 'Respenda de la Peña'),
(34152, 7, 34, 152, 'Revenga de Campos'),
(34154, 7, 34, 154, 'Revilla de Collazos'),
(34155, 7, 34, 155, 'Ribas de Campos'),
(34156, 7, 34, 156, 'Riberos de la Cueza'),
(34157, 7, 34, 157, 'Saldaña'),
(34158, 7, 34, 158, 'Salinas de Pisuerga'),
(34159, 7, 34, 159, 'San Cebrián de Campos'),
(34160, 7, 34, 160, 'San Cebrián de Mudá'),
(34161, 7, 34, 161, 'San Cristóbal de Boedo'),
(34163, 7, 34, 163, 'San Mamés de Campos'),
(34165, 7, 34, 165, 'San Román de la Cuba'),
(34167, 7, 34, 167, 'Santa Cecilia del Alcor'),
(34168, 7, 34, 168, 'Santa Cruz de Boedo'),
(34169, 7, 34, 169, 'Santervás de la Vega'),
(34170, 7, 34, 170, 'Santibáñez de Ecla'),
(34171, 7, 34, 171, 'Santibáñez de la Peña'),
(34174, 7, 34, 174, 'Santoyo'),
(34175, 7, 34, 175, 'Serna, La'),
(34176, 7, 34, 176, 'Sotobañado y Priorato'),
(34177, 7, 34, 177, 'Soto de Cerrato'),
(34178, 7, 34, 178, 'Tabanera de Cerrato'),
(34179, 7, 34, 179, 'Tabanera de Valdavia'),
(34180, 7, 34, 180, 'Támara de Campos'),
(34181, 7, 34, 181, 'Tariego de Cerrato'),
(34182, 7, 34, 182, 'Torquemada'),
(34184, 7, 34, 184, 'Torremormojón'),
(34185, 7, 34, 185, 'Triollo'),
(34186, 7, 34, 186, 'Valbuena de Pisuerga'),
(34189, 7, 34, 189, 'Valdeolmillos'),
(34190, 7, 34, 190, 'Valderrábano'),
(34192, 7, 34, 192, 'Valde-Ucieza'),
(34196, 7, 34, 196, 'Valle de Cerrato'),
(34199, 7, 34, 199, 'Velilla del Río Carrión'),
(34201, 7, 34, 201, 'Vertavillo'),
(34202, 7, 34, 202, 'Villabasta de Valdavia'),
(34204, 7, 34, 204, 'Villacidaler'),
(34205, 7, 34, 205, 'Villaconancio'),
(34206, 7, 34, 206, 'Villada'),
(34208, 7, 34, 208, 'Villaeles de Valdavia'),
(34210, 7, 34, 210, 'Villahán'),
(34211, 7, 34, 211, 'Villaherreros'),
(34213, 7, 34, 213, 'Villalaco'),
(34214, 7, 34, 214, 'Villalba de Guardo'),
(34215, 7, 34, 215, 'Villalcázar de Sirga'),
(34216, 7, 34, 216, 'Villalcón'),
(34217, 7, 34, 217, 'Villalobón'),
(34218, 7, 34, 218, 'Villaluenga de la Vega'),
(34220, 7, 34, 220, 'Villamartín de Campos'),
(34221, 7, 34, 221, 'Villamediana'),
(34222, 7, 34, 222, 'Villameriel'),
(34223, 7, 34, 223, 'Villamoronta'),
(34224, 7, 34, 224, 'Villamuera de la Cueza'),
(34225, 7, 34, 225, 'Villamuriel de Cerrato'),
(34227, 7, 34, 227, 'Villanueva del Rebollar'),
(34228, 7, 34, 228, 'Villanuño de Valdavia'),
(34229, 7, 34, 229, 'Villaprovedo'),
(34230, 7, 34, 230, 'Villarmentero de Campos'),
(34231, 7, 34, 231, 'Villarrabé'),
(34232, 7, 34, 232, 'Villarramiel'),
(34233, 7, 34, 233, 'Villasarracino'),
(34234, 7, 34, 234, 'Villasila de Valdavia'),
(34236, 7, 34, 236, 'Villaturde'),
(34237, 7, 34, 237, 'Villaumbrales'),
(34238, 7, 34, 238, 'Villaviudas'),
(34240, 7, 34, 240, 'Villerías de Campos'),
(34241, 7, 34, 241, 'Villodre'),
(34242, 7, 34, 242, 'Villodrigo'),
(34243, 7, 34, 243, 'Villoldo'),
(34245, 7, 34, 245, 'Villota del Páramo'),
(34246, 7, 34, 246, 'Villovieco'),
(34901, 7, 34, 901, 'Osorno la Mayor'),
(34902, 7, 34, 902, 'Valle del Retortillo'),
(34903, 7, 34, 903, 'Loma de Ucieza'),
(34904, 7, 34, 904, 'Pernía, La'),
(35000, 5, 35, 0, 'Provincia de  Las Palmas'),
(35001, 5, 35, 1, 'Agaete'),
(35002, 5, 35, 2, 'Agüimes'),
(35003, 5, 35, 3, 'Antigua'),
(35004, 5, 35, 4, 'Arrecife'),
(35005, 5, 35, 5, 'Artenara'),
(35006, 5, 35, 6, 'Arucas'),
(35007, 5, 35, 7, 'Betancuria'),
(35008, 5, 35, 8, 'Firgas'),
(35009, 5, 35, 9, 'Gáldar'),
(35010, 5, 35, 10, 'Haría'),
(35011, 5, 35, 11, 'Ingenio'),
(35012, 5, 35, 12, 'Mogán'),
(35013, 5, 35, 13, 'Moya'),
(35014, 5, 35, 14, 'Oliva, La'),
(35015, 5, 35, 15, 'Pájara'),
(35016, 5, 35, 16, 'Palmas de Gran Canaria, Las'),
(35017, 5, 35, 17, 'Puerto del Rosario'),
(35018, 5, 35, 18, 'San Bartolomé'),
(35019, 5, 35, 19, 'San Bartolomé de Tirajana'),
(35020, 5, 35, 20, 'Aldea de San Nicolás, La'),
(35021, 5, 35, 21, 'Santa Brígida'),
(35022, 5, 35, 22, 'Santa Lucía de Tirajana'),
(35023, 5, 35, 23, 'Santa María de Guía de Gran Canaria'),
(35024, 5, 35, 24, 'Teguise'),
(35025, 5, 35, 25, 'Tejeda'),
(35026, 5, 35, 26, 'Telde'),
(35027, 5, 35, 27, 'Teror'),
(35028, 5, 35, 28, 'Tías'),
(35029, 5, 35, 29, 'Tinajo'),
(35030, 5, 35, 30, 'Tuineje'),
(35031, 5, 35, 31, 'Valsequillo de Gran Canaria'),
(35032, 5, 35, 32, 'Valleseco'),
(35033, 5, 35, 33, 'Vega de San Mateo'),
(35034, 5, 35, 34, 'Yaiza'),
(36000, 12, 36, 0, 'Provincia de  Pontevedra'),
(36001, 12, 36, 1, 'Arbo'),
(36002, 12, 36, 2, 'Barro'),
(36003, 12, 36, 3, 'Baiona'),
(36004, 12, 36, 4, 'Bueu'),
(36005, 12, 36, 5, 'Caldas de Reis'),
(36006, 12, 36, 6, 'Cambados'),
(36007, 12, 36, 7, 'Campo Lameiro'),
(36008, 12, 36, 8, 'Cangas'),
(36009, 12, 36, 9, 'Cañiza, A'),
(36010, 12, 36, 10, 'Catoira'),
(36013, 12, 36, 13, 'Covelo'),
(36014, 12, 36, 14, 'Crecente'),
(36015, 12, 36, 15, 'Cuntis'),
(36016, 12, 36, 16, 'Dozón'),
(36017, 12, 36, 17, 'Estrada, A'),
(36018, 12, 36, 18, 'Forcarei'),
(36019, 12, 36, 19, 'Fornelos de Montes'),
(36020, 12, 36, 20, 'Agolada'),
(36021, 12, 36, 21, 'Gondomar'),
(36022, 12, 36, 22, 'Grove, O'),
(36023, 12, 36, 23, 'Guarda, A'),
(36024, 12, 36, 24, 'Lalín'),
(36025, 12, 36, 25, 'Lama, A'),
(36026, 12, 36, 26, 'Marín'),
(36027, 12, 36, 27, 'Meaño'),
(36028, 12, 36, 28, 'Meis'),
(36029, 12, 36, 29, 'Moaña'),
(36030, 12, 36, 30, 'Mondariz'),
(36031, 12, 36, 31, 'Mondariz-Balneario'),
(36032, 12, 36, 32, 'Moraña'),
(36033, 12, 36, 33, 'Mos'),
(36034, 12, 36, 34, 'Neves, As'),
(36035, 12, 36, 35, 'Nigrán'),
(36036, 12, 36, 36, 'Oia'),
(36037, 12, 36, 37, 'Pazos de Borbén'),
(36038, 12, 36, 38, 'Pontevedra'),
(36039, 12, 36, 39, 'Porriño, O'),
(36040, 12, 36, 40, 'Portas'),
(36041, 12, 36, 41, 'Poio'),
(36042, 12, 36, 42, 'Ponteareas'),
(36043, 12, 36, 43, 'Ponte Caldelas'),
(36044, 12, 36, 44, 'Pontecesures'),
(36045, 12, 36, 45, 'Redondela'),
(36046, 12, 36, 46, 'Ribadumia'),
(36047, 12, 36, 47, 'Rodeiro'),
(36048, 12, 36, 48, 'Rosal, O'),
(36049, 12, 36, 49, 'Salceda de Caselas'),
(36050, 12, 36, 50, 'Salvaterra de Miño'),
(36051, 12, 36, 51, 'Sanxenxo'),
(36052, 12, 36, 52, 'Silleda'),
(36053, 12, 36, 53, 'Soutomaior'),
(36054, 12, 36, 54, 'Tomiño'),
(36055, 12, 36, 55, 'Tui'),
(36056, 12, 36, 56, 'Valga'),
(36057, 12, 36, 57, 'Vigo'),
(36058, 12, 36, 58, 'Vilaboa'),
(36059, 12, 36, 59, 'Vila de Cruces'),
(36060, 12, 36, 60, 'Vilagarcía de Arousa'),
(36061, 12, 36, 61, 'Vilanova de Arousa'),
(36901, 12, 36, 901, 'Illa de Arousa, A'),
(36902, 12, 36, 902, 'Cerdedo-Cotobade'),
(37000, 7, 37, 0, 'Provincia de  Salamanca'),
(37001, 7, 37, 1, 'Abusejo'),
(37002, 7, 37, 2, 'Agallas'),
(37003, 7, 37, 3, 'Ahigal de los Aceiteros'),
(37004, 7, 37, 4, 'Ahigal de Villarino'),
(37005, 7, 37, 5, 'Alameda de Gardón, La'),
(37006, 7, 37, 6, 'Alamedilla, La'),
(37007, 7, 37, 7, 'Alaraz'),
(37008, 7, 37, 8, 'Alba de Tormes'),
(37009, 7, 37, 9, 'Alba de Yeltes'),
(37010, 7, 37, 10, 'Alberca, La'),
(37011, 7, 37, 11, 'Alberguería de Argañán, La'),
(37012, 7, 37, 12, 'Alconada'),
(37013, 7, 37, 13, 'Aldeacipreste'),
(37014, 7, 37, 14, 'Aldeadávila de la Ribera'),
(37015, 7, 37, 15, 'Aldea del Obispo'),
(37016, 7, 37, 16, 'Aldealengua'),
(37017, 7, 37, 17, 'Aldeanueva de Figueroa'),
(37018, 7, 37, 18, 'Aldeanueva de la Sierra'),
(37019, 7, 37, 19, 'Aldearrodrigo'),
(37020, 7, 37, 20, 'Aldearrubia'),
(37021, 7, 37, 21, 'Aldeaseca de Alba'),
(37022, 7, 37, 22, 'Aldeaseca de la Frontera'),
(37023, 7, 37, 23, 'Aldeatejada'),
(37024, 7, 37, 24, 'Aldeavieja de Tormes'),
(37025, 7, 37, 25, 'Aldehuela de la Bóveda'),
(37026, 7, 37, 26, 'Aldehuela de Yeltes'),
(37027, 7, 37, 27, 'Almenara de Tormes'),
(37028, 7, 37, 28, 'Almendra'),
(37029, 7, 37, 29, 'Anaya de Alba'),
(37030, 7, 37, 30, 'Añover de Tormes'),
(37031, 7, 37, 31, 'Arabayona de Mógica'),
(37032, 7, 37, 32, 'Arapiles'),
(37033, 7, 37, 33, 'Arcediano'),
(37034, 7, 37, 34, 'Arco, El'),
(37035, 7, 37, 35, 'Armenteros'),
(37036, 7, 37, 36, 'San Miguel del Robledo'),
(37037, 7, 37, 37, 'Atalaya, La'),
(37038, 7, 37, 38, 'Babilafuente'),
(37039, 7, 37, 39, 'Bañobárez'),
(37040, 7, 37, 40, 'Barbadillo'),
(37041, 7, 37, 41, 'Barbalos'),
(37042, 7, 37, 42, 'Barceo'),
(37044, 7, 37, 44, 'Barruecopardo'),
(37045, 7, 37, 45, 'Bastida, La'),
(37046, 7, 37, 46, 'Béjar'),
(37047, 7, 37, 47, 'Beleña'),
(37049, 7, 37, 49, 'Bermellar'),
(37050, 7, 37, 50, 'Berrocal de Huebra'),
(37051, 7, 37, 51, 'Berrocal de Salvatierra'),
(37052, 7, 37, 52, 'Boada'),
(37054, 7, 37, 54, 'Bodón, El'),
(37055, 7, 37, 55, 'Bogajo'),
(37056, 7, 37, 56, 'Bouza, La'),
(37057, 7, 37, 57, 'Bóveda del Río Almar'),
(37058, 7, 37, 58, 'Brincones'),
(37059, 7, 37, 59, 'Buenamadre'),
(37060, 7, 37, 60, 'Buenavista'),
(37061, 7, 37, 61, 'Cabaco, El'),
(37062, 7, 37, 62, 'Cabezabellosa de la Calzada'),
(37063, 7, 37, 63, 'Cabeza de Béjar, La'),
(37065, 7, 37, 65, 'Cabeza del Caballo'),
(37067, 7, 37, 67, 'Cabrerizos'),
(37068, 7, 37, 68, 'Cabrillas'),
(37069, 7, 37, 69, 'Calvarrasa de Abajo'),
(37070, 7, 37, 70, 'Calvarrasa de Arriba'),
(37071, 7, 37, 71, 'Calzada de Béjar, La'),
(37072, 7, 37, 72, 'Calzada de Don Diego'),
(37073, 7, 37, 73, 'Calzada de Valdunciel'),
(37074, 7, 37, 74, 'Campillo de Azaba'),
(37077, 7, 37, 77, 'Campo de Peñaranda, El'),
(37078, 7, 37, 78, 'Candelario'),
(37079, 7, 37, 79, 'Canillas de Abajo'),
(37080, 7, 37, 80, 'Cantagallo'),
(37081, 7, 37, 81, 'Cantalapiedra'),
(37082, 7, 37, 82, 'Cantalpino'),
(37083, 7, 37, 83, 'Cantaracillo'),
(37085, 7, 37, 85, 'Carbajosa de la Sagrada'),
(37086, 7, 37, 86, 'Carpio de Azaba'),
(37087, 7, 37, 87, 'Carrascal de Barregas'),
(37088, 7, 37, 88, 'Carrascal del Obispo'),
(37089, 7, 37, 89, 'Casafranca'),
(37090, 7, 37, 90, 'Casas del Conde, Las'),
(37091, 7, 37, 91, 'Casillas de Flores'),
(37092, 7, 37, 92, 'Castellanos de Moriscos'),
(37096, 7, 37, 96, 'Castillejo de Martín Viejo'),
(37097, 7, 37, 97, 'Castraz'),
(37098, 7, 37, 98, 'Cepeda'),
(37099, 7, 37, 99, 'Cereceda de la Sierra'),
(37100, 7, 37, 100, 'Cerezal de Peñahorcada'),
(37101, 7, 37, 101, 'Cerralbo'),
(37102, 7, 37, 102, 'Cerro, El'),
(37103, 7, 37, 103, 'Cespedosa de Tormes'),
(37104, 7, 37, 104, 'Cilleros de la Bastida'),
(37106, 7, 37, 106, 'Cipérez'),
(37107, 7, 37, 107, 'Ciudad Rodrigo'),
(37108, 7, 37, 108, 'Coca de Alba'),
(37109, 7, 37, 109, 'Colmenar de Montemayor'),
(37110, 7, 37, 110, 'Cordovilla'),
(37112, 7, 37, 112, 'Cristóbal'),
(37113, 7, 37, 113, 'Cubo de Don Sancho, El'),
(37114, 7, 37, 114, 'Chagarcía Medianero'),
(37115, 7, 37, 115, 'Dios le Guarde'),
(37116, 7, 37, 116, 'Doñinos de Ledesma'),
(37117, 7, 37, 117, 'Doñinos de Salamanca'),
(37118, 7, 37, 118, 'Éjeme'),
(37119, 7, 37, 119, 'Encina, La'),
(37120, 7, 37, 120, 'Encina de San Silvestre'),
(37121, 7, 37, 121, 'Encinas de Abajo'),
(37122, 7, 37, 122, 'Encinas de Arriba'),
(37123, 7, 37, 123, 'Encinasola de los Comendadores'),
(37124, 7, 37, 124, 'Endrinal'),
(37125, 7, 37, 125, 'Escurial de la Sierra'),
(37126, 7, 37, 126, 'Espadaña'),
(37127, 7, 37, 127, 'Espeja'),
(37128, 7, 37, 128, 'Espino de la Orbada'),
(37129, 7, 37, 129, 'Florida de Liébana'),
(37130, 7, 37, 130, 'Forfoleda'),
(37131, 7, 37, 131, 'Frades de la Sierra'),
(37132, 7, 37, 132, 'Fregeneda, La'),
(37133, 7, 37, 133, 'Fresnedoso'),
(37134, 7, 37, 134, 'Fresno Alhándiga'),
(37135, 7, 37, 135, 'Fuente de San Esteban, La'),
(37136, 7, 37, 136, 'Fuenteguinaldo'),
(37137, 7, 37, 137, 'Fuenteliante'),
(37138, 7, 37, 138, 'Fuenterroble de Salvatierra'),
(37139, 7, 37, 139, 'Fuentes de Béjar'),
(37140, 7, 37, 140, 'Fuentes de Oñoro'),
(37141, 7, 37, 141, 'Gajates'),
(37142, 7, 37, 142, 'Galindo y Perahuy'),
(37143, 7, 37, 143, 'Galinduste'),
(37144, 7, 37, 144, 'Galisancho'),
(37145, 7, 37, 145, 'Gallegos de Argañán'),
(37146, 7, 37, 146, 'Gallegos de Solmirón'),
(37147, 7, 37, 147, 'Garcibuey'),
(37148, 7, 37, 148, 'Garcihernández'),
(37149, 7, 37, 149, 'Garcirrey'),
(37150, 7, 37, 150, 'Gejuelo del Barro'),
(37151, 7, 37, 151, 'Golpejas'),
(37152, 7, 37, 152, 'Gomecello'),
(37154, 7, 37, 154, 'Guadramiro'),
(37155, 7, 37, 155, 'Guijo de Ávila'),
(37156, 7, 37, 156, 'Guijuelo'),
(37157, 7, 37, 157, 'Herguijuela de Ciudad Rodrigo'),
(37158, 7, 37, 158, 'Herguijuela de la Sierra'),
(37159, 7, 37, 159, 'Herguijuela del Campo'),
(37160, 7, 37, 160, 'Hinojosa de Duero'),
(37161, 7, 37, 161, 'Horcajo de Montemayor'),
(37162, 7, 37, 162, 'Horcajo Medianero'),
(37163, 7, 37, 163, 'Hoya, La'),
(37164, 7, 37, 164, 'Huerta'),
(37165, 7, 37, 165, 'Iruelos'),
(37166, 7, 37, 166, 'Ituero de Azaba'),
(37167, 7, 37, 167, 'Juzbado'),
(37168, 7, 37, 168, 'Lagunilla'),
(37169, 7, 37, 169, 'Larrodrigo'),
(37170, 7, 37, 170, 'Ledesma'),
(37171, 7, 37, 171, 'Ledrada'),
(37172, 7, 37, 172, 'Linares de Riofrío'),
(37173, 7, 37, 173, 'Lumbrales'),
(37174, 7, 37, 174, 'Macotera'),
(37175, 7, 37, 175, 'Machacón'),
(37176, 7, 37, 176, 'Madroñal'),
(37177, 7, 37, 177, 'Maíllo, El'),
(37178, 7, 37, 178, 'Malpartida'),
(37179, 7, 37, 179, 'Mancera de Abajo'),
(37180, 7, 37, 180, 'Manzano, El'),
(37181, 7, 37, 181, 'Martiago'),
(37182, 7, 37, 182, 'Martinamor'),
(37183, 7, 37, 183, 'Martín de Yeltes'),
(37184, 7, 37, 184, 'Masueco'),
(37185, 7, 37, 185, 'Castellanos de Villiquera'),
(37186, 7, 37, 186, 'Mata de Ledesma, La'),
(37187, 7, 37, 187, 'Matilla de los Caños del Río'),
(37188, 7, 37, 188, 'Maya, La'),
(37189, 7, 37, 189, 'Membribe de la Sierra'),
(37190, 7, 37, 190, 'Mieza'),
(37191, 7, 37, 191, 'Milano, El'),
(37192, 7, 37, 192, 'Miranda de Azán'),
(37193, 7, 37, 193, 'Miranda del Castañar'),
(37194, 7, 37, 194, 'Mogarraz'),
(37195, 7, 37, 195, 'Molinillo'),
(37196, 7, 37, 196, 'Monforte de la Sierra'),
(37197, 7, 37, 197, 'Monleón'),
(37198, 7, 37, 198, 'Monleras'),
(37199, 7, 37, 199, 'Monsagro'),
(37200, 7, 37, 200, 'Montejo'),
(37201, 7, 37, 201, 'Montemayor del Río'),
(37202, 7, 37, 202, 'Monterrubio de Armuña'),
(37203, 7, 37, 203, 'Monterrubio de la Sierra'),
(37204, 7, 37, 204, 'Morasverdes'),
(37205, 7, 37, 205, 'Morille'),
(37206, 7, 37, 206, 'Moríñigo'),
(37207, 7, 37, 207, 'Moriscos'),
(37208, 7, 37, 208, 'Moronta'),
(37209, 7, 37, 209, 'Mozárbez'),
(37211, 7, 37, 211, 'Narros de Matalayegua'),
(37212, 7, 37, 212, 'Navacarros'),
(37213, 7, 37, 213, 'Nava de Béjar'),
(37214, 7, 37, 214, 'Nava de Francia'),
(37215, 7, 37, 215, 'Nava de Sotrobal'),
(37216, 7, 37, 216, 'Navales'),
(37217, 7, 37, 217, 'Navalmoral de Béjar'),
(37218, 7, 37, 218, 'Navamorales'),
(37219, 7, 37, 219, 'Navarredonda de la Rinconada'),
(37221, 7, 37, 221, 'Navasfrías'),
(37222, 7, 37, 222, 'Negrilla de Palencia'),
(37223, 7, 37, 223, 'Olmedo de Camaces'),
(37224, 7, 37, 224, 'Orbada, La'),
(37225, 7, 37, 225, 'Pajares de la Laguna'),
(37226, 7, 37, 226, 'Palacios del Arzobispo'),
(37228, 7, 37, 228, 'Palaciosrubios'),
(37229, 7, 37, 229, 'Palencia de Negrilla'),
(37230, 7, 37, 230, 'Parada de Arriba'),
(37231, 7, 37, 231, 'Parada de Rubiales'),
(37232, 7, 37, 232, 'Paradinas de San Juan'),
(37233, 7, 37, 233, 'Pastores'),
(37234, 7, 37, 234, 'Payo, El'),
(37235, 7, 37, 235, 'Pedraza de Alba'),
(37236, 7, 37, 236, 'Pedrosillo de Alba'),
(37237, 7, 37, 237, 'Pedrosillo de los Aires'),
(37238, 7, 37, 238, 'Pedrosillo el Ralo'),
(37239, 7, 37, 239, 'Pedroso de la Armuña, El'),
(37240, 7, 37, 240, 'Pelabravo'),
(37241, 7, 37, 241, 'Pelarrodríguez'),
(37242, 7, 37, 242, 'Pelayos'),
(37243, 7, 37, 243, 'Peña, La'),
(37244, 7, 37, 244, 'Peñacaballera'),
(37245, 7, 37, 245, 'Peñaparda'),
(37246, 7, 37, 246, 'Peñaranda de Bracamonte'),
(37247, 7, 37, 247, 'Peñarandilla'),
(37248, 7, 37, 248, 'Peralejos de Abajo'),
(37249, 7, 37, 249, 'Peralejos de Arriba'),
(37250, 7, 37, 250, 'Pereña de la Ribera'),
(37251, 7, 37, 251, 'Peromingo'),
(37252, 7, 37, 252, 'Pinedas'),
(37253, 7, 37, 253, 'Pino de Tormes, El'),
(37254, 7, 37, 254, 'Pitiegua'),
(37255, 7, 37, 255, 'Pizarral'),
(37256, 7, 37, 256, 'Poveda de las Cintas'),
(37257, 7, 37, 257, 'Pozos de Hinojo'),
(37258, 7, 37, 258, 'Puebla de Azaba'),
(37259, 7, 37, 259, 'Puebla de San Medel'),
(37260, 7, 37, 260, 'Puebla de Yeltes'),
(37261, 7, 37, 261, 'Puente del Congosto'),
(37262, 7, 37, 262, 'Puertas'),
(37263, 7, 37, 263, 'Puerto de Béjar'),
(37264, 7, 37, 264, 'Puerto Seguro'),
(37265, 7, 37, 265, 'Rágama'),
(37266, 7, 37, 266, 'Redonda, La'),
(37267, 7, 37, 267, 'Retortillo'),
(37268, 7, 37, 268, 'Rinconada de la Sierra, La'),
(37269, 7, 37, 269, 'Robleda'),
(37270, 7, 37, 270, 'Robliza de Cojos'),
(37271, 7, 37, 271, 'Rollán'),
(37272, 7, 37, 272, 'Saelices el Chico'),
(37273, 7, 37, 273, 'Sagrada, La'),
(37274, 7, 37, 274, 'Salamanca'),
(37275, 7, 37, 275, 'Saldeana'),
(37276, 7, 37, 276, 'Salmoral'),
(37277, 7, 37, 277, 'Salvatierra de Tormes'),
(37278, 7, 37, 278, 'San Cristóbal de la Cuesta'),
(37279, 7, 37, 279, 'Sancti-Spíritus'),
(37280, 7, 37, 280, 'Sanchón de la Ribera'),
(37281, 7, 37, 281, 'Sanchón de la Sagrada'),
(37282, 7, 37, 282, 'Sanchotello'),
(37283, 7, 37, 283, 'Sando'),
(37284, 7, 37, 284, 'San Esteban de la Sierra'),
(37285, 7, 37, 285, 'San Felices de los Gallegos'),
(37286, 7, 37, 286, 'San Martín del Castañar'),
(37287, 7, 37, 287, 'San Miguel de Valero'),
(37288, 7, 37, 288, 'San Morales'),
(37289, 7, 37, 289, 'San Muñoz'),
(37290, 7, 37, 290, 'San Pedro del Valle'),
(37291, 7, 37, 291, 'San Pedro de Rozados'),
(37292, 7, 37, 292, 'San Pelayo de Guareña'),
(37293, 7, 37, 293, 'Santa María de Sando'),
(37294, 7, 37, 294, 'Santa Marta de Tormes'),
(37296, 7, 37, 296, 'Santiago de la Puebla'),
(37297, 7, 37, 297, 'Santibáñez de Béjar'),
(37298, 7, 37, 298, 'Santibáñez de la Sierra'),
(37299, 7, 37, 299, 'Santiz'),
(37300, 7, 37, 300, 'Santos, Los'),
(37301, 7, 37, 301, 'Sardón de los Frailes'),
(37302, 7, 37, 302, 'Saucelle'),
(37303, 7, 37, 303, 'Sahugo, El'),
(37304, 7, 37, 304, 'Sepulcro-Hilario'),
(37305, 7, 37, 305, 'Sequeros'),
(37306, 7, 37, 306, 'Serradilla del Arroyo'),
(37307, 7, 37, 307, 'Serradilla del Llano'),
(37309, 7, 37, 309, 'Sierpe, La'),
(37310, 7, 37, 310, 'Sieteiglesias de Tormes'),
(37311, 7, 37, 311, 'Sobradillo'),
(37312, 7, 37, 312, 'Sorihuela'),
(37313, 7, 37, 313, 'Sotoserrano'),
(37314, 7, 37, 314, 'Tabera de Abajo'),
(37315, 7, 37, 315, 'Tala, La'),
(37316, 7, 37, 316, 'Tamames'),
(37317, 7, 37, 317, 'Tarazona de Guareña'),
(37318, 7, 37, 318, 'Tardáguila'),
(37319, 7, 37, 319, 'Tejado, El'),
(37320, 7, 37, 320, 'Tejeda y Segoyuela'),
(37321, 7, 37, 321, 'Tenebrón'),
(37322, 7, 37, 322, 'Terradillos'),
(37323, 7, 37, 323, 'Topas'),
(37324, 7, 37, 324, 'Tordillos'),
(37325, 7, 37, 325, 'Tornadizo, El'),
(37327, 7, 37, 327, 'Torresmenudas'),
(37328, 7, 37, 328, 'Trabanca'),
(37329, 7, 37, 329, 'Tremedal de Tormes'),
(37330, 7, 37, 330, 'Valdecarros'),
(37331, 7, 37, 331, 'Valdefuentes de Sangusín'),
(37332, 7, 37, 332, 'Valdehijaderos'),
(37333, 7, 37, 333, 'Valdelacasa'),
(37334, 7, 37, 334, 'Valdelageve'),
(37335, 7, 37, 335, 'Valdelosa'),
(37336, 7, 37, 336, 'Valdemierque'),
(37337, 7, 37, 337, 'Valderrodrigo'),
(37338, 7, 37, 338, 'Valdunciel'),
(37339, 7, 37, 339, 'Valero'),
(37340, 7, 37, 340, 'Valsalabroso'),
(37341, 7, 37, 341, 'Valverde de Valdelacasa'),
(37342, 7, 37, 342, 'Valverdón'),
(37343, 7, 37, 343, 'Vallejera de Riofrío'),
(37344, 7, 37, 344, 'Vecinos'),
(37345, 7, 37, 345, 'Vega de Tirados'),
(37346, 7, 37, 346, 'Veguillas, Las'),
(37347, 7, 37, 347, 'Vellés, La'),
(37348, 7, 37, 348, 'Ventosa del Río Almar'),
(37349, 7, 37, 349, 'Vídola, La'),
(37350, 7, 37, 350, 'Vilvestre'),
(37351, 7, 37, 351, 'Villaflores'),
(37352, 7, 37, 352, 'Villagonzalo de Tormes'),
(37353, 7, 37, 353, 'Villalba de los Llanos'),
(37354, 7, 37, 354, 'Villamayor'),
(37355, 7, 37, 355, 'Villanueva del Conde'),
(37356, 7, 37, 356, 'Villar de Argañán'),
(37357, 7, 37, 357, 'Villar de Ciervo'),
(37358, 7, 37, 358, 'Villar de Gallimazo'),
(37359, 7, 37, 359, 'Villar de la Yegua'),
(37360, 7, 37, 360, 'Villar de Peralonso'),
(37361, 7, 37, 361, 'Villar de Samaniego'),
(37362, 7, 37, 362, 'Villares de la Reina'),
(37363, 7, 37, 363, 'Villares de Yeltes');
INSERT INTO `municipio` (`id`, `id_comunidad_autonoma`, `id_provincia`, `id_municipio`, `nombre`) VALUES
(37364, 7, 37, 364, 'Villarino de los Aires'),
(37365, 7, 37, 365, 'Villarmayor'),
(37366, 7, 37, 366, 'Villarmuerto'),
(37367, 7, 37, 367, 'Villasbuenas'),
(37368, 7, 37, 368, 'Villasdardo'),
(37369, 7, 37, 369, 'Villaseco de los Gamitos'),
(37370, 7, 37, 370, 'Villaseco de los Reyes'),
(37371, 7, 37, 371, 'Villasrubias'),
(37372, 7, 37, 372, 'Villaverde de Guareña'),
(37373, 7, 37, 373, 'Villavieja de Yeltes'),
(37374, 7, 37, 374, 'Villoria'),
(37375, 7, 37, 375, 'Villoruela'),
(37376, 7, 37, 376, 'Vitigudino'),
(37377, 7, 37, 377, 'Yecla de Yeltes'),
(37378, 7, 37, 378, 'Zamarra'),
(37379, 7, 37, 379, 'Zamayón'),
(37380, 7, 37, 380, 'Zarapicos'),
(37381, 7, 37, 381, 'Zarza de Pumareda, La'),
(37382, 7, 37, 382, 'Zorita de la Frontera'),
(38000, 5, 38, 0, 'Provincia de  Santa Cruz de Tenerife'),
(38001, 5, 38, 1, 'Adeje'),
(38002, 5, 38, 2, 'Agulo'),
(38003, 5, 38, 3, 'Alajeró'),
(38004, 5, 38, 4, 'Arafo'),
(38005, 5, 38, 5, 'Arico'),
(38006, 5, 38, 6, 'Arona'),
(38007, 5, 38, 7, 'Barlovento'),
(38008, 5, 38, 8, 'Breña Alta'),
(38009, 5, 38, 9, 'Breña Baja'),
(38010, 5, 38, 10, 'Buenavista del Norte'),
(38011, 5, 38, 11, 'Candelaria'),
(38012, 5, 38, 12, 'Fasnia'),
(38013, 5, 38, 13, 'Frontera'),
(38014, 5, 38, 14, 'Fuencaliente de la Palma'),
(38015, 5, 38, 15, 'Garachico'),
(38016, 5, 38, 16, 'Garafía'),
(38017, 5, 38, 17, 'Granadilla de Abona'),
(38018, 5, 38, 18, 'Guancha, La'),
(38019, 5, 38, 19, 'Guía de Isora'),
(38020, 5, 38, 20, 'Güímar'),
(38021, 5, 38, 21, 'Hermigua'),
(38022, 5, 38, 22, 'Icod de los Vinos'),
(38023, 5, 38, 23, 'San Cristóbal de La Laguna'),
(38024, 5, 38, 24, 'Llanos de Aridane, Los'),
(38025, 5, 38, 25, 'Matanza de Acentejo, La'),
(38026, 5, 38, 26, 'Orotava, La'),
(38027, 5, 38, 27, 'Paso, El'),
(38028, 5, 38, 28, 'Puerto de la Cruz'),
(38029, 5, 38, 29, 'Puntagorda'),
(38030, 5, 38, 30, 'Puntallana'),
(38031, 5, 38, 31, 'Realejos, Los'),
(38032, 5, 38, 32, 'Rosario, El'),
(38033, 5, 38, 33, 'San Andrés y Sauces'),
(38034, 5, 38, 34, 'San Juan de la Rambla'),
(38035, 5, 38, 35, 'San Miguel de Abona'),
(38036, 5, 38, 36, 'San Sebastián de la Gomera'),
(38037, 5, 38, 37, 'Santa Cruz de la Palma'),
(38038, 5, 38, 38, 'Santa Cruz de Tenerife'),
(38039, 5, 38, 39, 'Santa Úrsula'),
(38040, 5, 38, 40, 'Santiago del Teide'),
(38041, 5, 38, 41, 'Sauzal, El'),
(38042, 5, 38, 42, 'Silos, Los'),
(38043, 5, 38, 43, 'Tacoronte'),
(38044, 5, 38, 44, 'Tanque, El'),
(38045, 5, 38, 45, 'Tazacorte'),
(38046, 5, 38, 46, 'Tegueste'),
(38047, 5, 38, 47, 'Tijarafe'),
(38048, 5, 38, 48, 'Valverde'),
(38049, 5, 38, 49, 'Valle Gran Rey'),
(38050, 5, 38, 50, 'Vallehermoso'),
(38051, 5, 38, 51, 'Victoria de Acentejo, La'),
(38052, 5, 38, 52, 'Vilaflor de Chasna'),
(38053, 5, 38, 53, 'Villa de Mazo'),
(38901, 5, 38, 901, 'Pinar de El Hierro, El'),
(39000, 6, 39, 0, 'Provincia de  Cantabria'),
(39001, 6, 39, 1, 'Alfoz de Lloredo'),
(39002, 6, 39, 2, 'Ampuero'),
(39003, 6, 39, 3, 'Anievas'),
(39004, 6, 39, 4, 'Arenas de Iguña'),
(39005, 6, 39, 5, 'Argoños'),
(39006, 6, 39, 6, 'Arnuero'),
(39007, 6, 39, 7, 'Arredondo'),
(39008, 6, 39, 8, 'Astillero, El'),
(39009, 6, 39, 9, 'Bárcena de Cicero'),
(39010, 6, 39, 10, 'Bárcena de Pie de Concha'),
(39011, 6, 39, 11, 'Bareyo'),
(39012, 6, 39, 12, 'Cabezón de la Sal'),
(39013, 6, 39, 13, 'Cabezón de Liébana'),
(39014, 6, 39, 14, 'Cabuérniga'),
(39015, 6, 39, 15, 'Camaleño'),
(39016, 6, 39, 16, 'Camargo'),
(39017, 6, 39, 17, 'Campoo de Yuso'),
(39018, 6, 39, 18, 'Cartes'),
(39019, 6, 39, 19, 'Castañeda'),
(39020, 6, 39, 20, 'Castro-Urdiales'),
(39021, 6, 39, 21, 'Cieza'),
(39022, 6, 39, 22, 'Cillorigo de Liébana'),
(39023, 6, 39, 23, 'Colindres'),
(39024, 6, 39, 24, 'Comillas'),
(39025, 6, 39, 25, 'Corrales de Buelna, Los'),
(39026, 6, 39, 26, 'Corvera de Toranzo'),
(39027, 6, 39, 27, 'Campoo de Enmedio'),
(39028, 6, 39, 28, 'Entrambasaguas'),
(39029, 6, 39, 29, 'Escalante'),
(39030, 6, 39, 30, 'Guriezo'),
(39031, 6, 39, 31, 'Hazas de Cesto'),
(39032, 6, 39, 32, 'Hermandad de Campoo de Suso'),
(39033, 6, 39, 33, 'Herrerías'),
(39034, 6, 39, 34, 'Lamasón'),
(39035, 6, 39, 35, 'Laredo'),
(39036, 6, 39, 36, 'Liendo'),
(39037, 6, 39, 37, 'Liérganes'),
(39038, 6, 39, 38, 'Limpias'),
(39039, 6, 39, 39, 'Luena'),
(39040, 6, 39, 40, 'Marina de Cudeyo'),
(39041, 6, 39, 41, 'Mazcuerras'),
(39042, 6, 39, 42, 'Medio Cudeyo'),
(39043, 6, 39, 43, 'Meruelo'),
(39044, 6, 39, 44, 'Miengo'),
(39045, 6, 39, 45, 'Miera'),
(39046, 6, 39, 46, 'Molledo'),
(39047, 6, 39, 47, 'Noja'),
(39048, 6, 39, 48, 'Penagos'),
(39049, 6, 39, 49, 'Peñarrubia'),
(39050, 6, 39, 50, 'Pesaguero'),
(39051, 6, 39, 51, 'Pesquera'),
(39052, 6, 39, 52, 'Piélagos'),
(39053, 6, 39, 53, 'Polaciones'),
(39054, 6, 39, 54, 'Polanco'),
(39055, 6, 39, 55, 'Potes'),
(39056, 6, 39, 56, 'Puente Viesgo'),
(39057, 6, 39, 57, 'Ramales de la Victoria'),
(39058, 6, 39, 58, 'Rasines'),
(39059, 6, 39, 59, 'Reinosa'),
(39060, 6, 39, 60, 'Reocín'),
(39061, 6, 39, 61, 'Ribamontán al Mar'),
(39062, 6, 39, 62, 'Ribamontán al Monte'),
(39063, 6, 39, 63, 'Rionansa'),
(39064, 6, 39, 64, 'Riotuerto'),
(39065, 6, 39, 65, 'Rozas de Valdearroyo, Las'),
(39066, 6, 39, 66, 'Ruente'),
(39067, 6, 39, 67, 'Ruesga'),
(39068, 6, 39, 68, 'Ruiloba'),
(39069, 6, 39, 69, 'San Felices de Buelna'),
(39070, 6, 39, 70, 'San Miguel de Aguayo'),
(39071, 6, 39, 71, 'San Pedro del Romeral'),
(39072, 6, 39, 72, 'San Roque de Riomiera'),
(39073, 6, 39, 73, 'Santa Cruz de Bezana'),
(39074, 6, 39, 74, 'Santa María de Cayón'),
(39075, 6, 39, 75, 'Santander'),
(39076, 6, 39, 76, 'Santillana del Mar'),
(39077, 6, 39, 77, 'Santiurde de Reinosa'),
(39078, 6, 39, 78, 'Santiurde de Toranzo'),
(39079, 6, 39, 79, 'Santoña'),
(39080, 6, 39, 80, 'San Vicente de la Barquera'),
(39081, 6, 39, 81, 'Saro'),
(39082, 6, 39, 82, 'Selaya'),
(39083, 6, 39, 83, 'Soba'),
(39084, 6, 39, 84, 'Solórzano'),
(39085, 6, 39, 85, 'Suances'),
(39086, 6, 39, 86, 'Tojos, Los'),
(39087, 6, 39, 87, 'Torrelavega'),
(39088, 6, 39, 88, 'Tresviso'),
(39089, 6, 39, 89, 'Tudanca'),
(39090, 6, 39, 90, 'Udías'),
(39091, 6, 39, 91, 'Valdáliga'),
(39092, 6, 39, 92, 'Valdeolea'),
(39093, 6, 39, 93, 'Valdeprado del Río'),
(39094, 6, 39, 94, 'Valderredible'),
(39095, 6, 39, 95, 'Val de San Vicente'),
(39096, 6, 39, 96, 'Vega de Liébana'),
(39097, 6, 39, 97, 'Vega de Pas'),
(39098, 6, 39, 98, 'Villacarriedo'),
(39099, 6, 39, 99, 'Villaescusa'),
(39100, 6, 39, 100, 'Villafufre'),
(39101, 6, 39, 101, 'Valle de Villaverde'),
(39102, 6, 39, 102, 'Voto'),
(40000, 7, 40, 0, 'Provincia de  Segovia'),
(40001, 7, 40, 1, 'Abades'),
(40002, 7, 40, 2, 'Adrada de Pirón'),
(40003, 7, 40, 3, 'Adrados'),
(40004, 7, 40, 4, 'Aguilafuente'),
(40005, 7, 40, 5, 'Alconada de Maderuelo'),
(40006, 7, 40, 6, 'Aldealcorvo'),
(40007, 7, 40, 7, 'Aldealengua de Pedraza'),
(40008, 7, 40, 8, 'Aldealengua de Santa María'),
(40009, 7, 40, 9, 'Aldeanueva de la Serrezuela'),
(40010, 7, 40, 10, 'Aldeanueva del Codonal'),
(40012, 7, 40, 12, 'Aldea Real'),
(40013, 7, 40, 13, 'Aldeasoña'),
(40014, 7, 40, 14, 'Aldehorno'),
(40015, 7, 40, 15, 'Aldehuela del Codonal'),
(40016, 7, 40, 16, 'Aldeonte'),
(40017, 7, 40, 17, 'Anaya'),
(40018, 7, 40, 18, 'Añe'),
(40019, 7, 40, 19, 'Arahuetes'),
(40020, 7, 40, 20, 'Arcones'),
(40021, 7, 40, 21, 'Arevalillo de Cega'),
(40022, 7, 40, 22, 'Armuña'),
(40024, 7, 40, 24, 'Ayllón'),
(40025, 7, 40, 25, 'Barbolla'),
(40026, 7, 40, 26, 'Basardilla'),
(40028, 7, 40, 28, 'Bercial'),
(40029, 7, 40, 29, 'Bercimuel'),
(40030, 7, 40, 30, 'Bernardos'),
(40031, 7, 40, 31, 'Bernuy de Porreros'),
(40032, 7, 40, 32, 'Boceguillas'),
(40033, 7, 40, 33, 'Brieva'),
(40034, 7, 40, 34, 'Caballar'),
(40035, 7, 40, 35, 'Cabañas de Polendos'),
(40036, 7, 40, 36, 'Cabezuela'),
(40037, 7, 40, 37, 'Calabazas de Fuentidueña'),
(40039, 7, 40, 39, 'Campo de San Pedro'),
(40040, 7, 40, 40, 'Cantalejo'),
(40041, 7, 40, 41, 'Cantimpalos'),
(40043, 7, 40, 43, 'Carbonero el Mayor'),
(40044, 7, 40, 44, 'Carrascal del Río'),
(40045, 7, 40, 45, 'Casla'),
(40046, 7, 40, 46, 'Castillejo de Mesleón'),
(40047, 7, 40, 47, 'Castro de Fuentidueña'),
(40048, 7, 40, 48, 'Castrojimeno'),
(40049, 7, 40, 49, 'Castroserna de Abajo'),
(40051, 7, 40, 51, 'Castroserracín'),
(40052, 7, 40, 52, 'Cedillo de la Torre'),
(40053, 7, 40, 53, 'Cerezo de Abajo'),
(40054, 7, 40, 54, 'Cerezo de Arriba'),
(40055, 7, 40, 55, 'Cilleruelo de San Mamés'),
(40056, 7, 40, 56, 'Cobos de Fuentidueña'),
(40057, 7, 40, 57, 'Coca'),
(40058, 7, 40, 58, 'Codorniz'),
(40059, 7, 40, 59, 'Collado Hermoso'),
(40060, 7, 40, 60, 'Condado de Castilnovo'),
(40061, 7, 40, 61, 'Corral de Ayllón'),
(40062, 7, 40, 62, 'Cubillo'),
(40063, 7, 40, 63, 'Cuéllar'),
(40065, 7, 40, 65, 'Chañe'),
(40068, 7, 40, 68, 'Domingo García'),
(40069, 7, 40, 69, 'Donhierro'),
(40070, 7, 40, 70, 'Duruelo'),
(40071, 7, 40, 71, 'Encinas'),
(40072, 7, 40, 72, 'Encinillas'),
(40073, 7, 40, 73, 'Escalona del Prado'),
(40074, 7, 40, 74, 'Escarabajosa de Cabezas'),
(40075, 7, 40, 75, 'Escobar de Polendos'),
(40076, 7, 40, 76, 'Espinar, El'),
(40077, 7, 40, 77, 'Espirdo'),
(40078, 7, 40, 78, 'Fresneda de Cuéllar'),
(40079, 7, 40, 79, 'Fresno de Cantespino'),
(40080, 7, 40, 80, 'Fresno de la Fuente'),
(40081, 7, 40, 81, 'Frumales'),
(40082, 7, 40, 82, 'Fuente de Santa Cruz'),
(40083, 7, 40, 83, 'Fuente el Olmo de Fuentidueña'),
(40084, 7, 40, 84, 'Fuente el Olmo de Íscar'),
(40086, 7, 40, 86, 'Fuentepelayo'),
(40087, 7, 40, 87, 'Fuentepiñel'),
(40088, 7, 40, 88, 'Fuenterrebollo'),
(40089, 7, 40, 89, 'Fuentesaúco de Fuentidueña'),
(40091, 7, 40, 91, 'Fuentesoto'),
(40092, 7, 40, 92, 'Fuentidueña'),
(40093, 7, 40, 93, 'Gallegos'),
(40094, 7, 40, 94, 'Garcillán'),
(40095, 7, 40, 95, 'Gomezserracín'),
(40097, 7, 40, 97, 'Grajera'),
(40099, 7, 40, 99, 'Honrubia de la Cuesta'),
(40100, 7, 40, 100, 'Hontalbilla'),
(40101, 7, 40, 101, 'Hontanares de Eresma'),
(40103, 7, 40, 103, 'Huertos, Los'),
(40104, 7, 40, 104, 'Ituero y Lama'),
(40105, 7, 40, 105, 'Juarros de Riomoros'),
(40106, 7, 40, 106, 'Juarros de Voltoya'),
(40107, 7, 40, 107, 'Labajos'),
(40108, 7, 40, 108, 'Laguna de Contreras'),
(40109, 7, 40, 109, 'Languilla'),
(40110, 7, 40, 110, 'Lastras de Cuéllar'),
(40111, 7, 40, 111, 'Lastras del Pozo'),
(40112, 7, 40, 112, 'Lastrilla, La'),
(40113, 7, 40, 113, 'Losa, La'),
(40115, 7, 40, 115, 'Maderuelo'),
(40118, 7, 40, 118, 'Marazuela'),
(40119, 7, 40, 119, 'Martín Miguel'),
(40120, 7, 40, 120, 'Martín Muñoz de la Dehesa'),
(40121, 7, 40, 121, 'Martín Muñoz de las Posadas'),
(40122, 7, 40, 122, 'Marugán'),
(40123, 7, 40, 123, 'Matabuena'),
(40124, 7, 40, 124, 'Mata de Cuéllar'),
(40125, 7, 40, 125, 'Matilla, La'),
(40126, 7, 40, 126, 'Melque de Cercos'),
(40127, 7, 40, 127, 'Membibre de la Hoz'),
(40128, 7, 40, 128, 'Migueláñez'),
(40129, 7, 40, 129, 'Montejo de Arévalo'),
(40130, 7, 40, 130, 'Montejo de la Vega de la Serrezuela'),
(40131, 7, 40, 131, 'Monterrubio'),
(40132, 7, 40, 132, 'Moral de Hornuez'),
(40134, 7, 40, 134, 'Mozoncillo'),
(40135, 7, 40, 135, 'Muñopedro'),
(40136, 7, 40, 136, 'Muñoveros'),
(40138, 7, 40, 138, 'Nava de la Asunción'),
(40139, 7, 40, 139, 'Navafría'),
(40140, 7, 40, 140, 'Navalilla'),
(40141, 7, 40, 141, 'Navalmanzano'),
(40142, 7, 40, 142, 'Navares de Ayuso'),
(40143, 7, 40, 143, 'Navares de Enmedio'),
(40144, 7, 40, 144, 'Navares de las Cuevas'),
(40145, 7, 40, 145, 'Navas de Oro'),
(40146, 7, 40, 146, 'Navas de San Antonio'),
(40148, 7, 40, 148, 'Nieva'),
(40149, 7, 40, 149, 'Olombrada'),
(40150, 7, 40, 150, 'Orejana'),
(40151, 7, 40, 151, 'Ortigosa de Pestaño'),
(40152, 7, 40, 152, 'Otero de Herreros'),
(40154, 7, 40, 154, 'Pajarejos'),
(40155, 7, 40, 155, 'Palazuelos de Eresma'),
(40156, 7, 40, 156, 'Pedraza'),
(40157, 7, 40, 157, 'Pelayos del Arroyo'),
(40158, 7, 40, 158, 'Perosillo'),
(40159, 7, 40, 159, 'Pinarejos'),
(40160, 7, 40, 160, 'Pinarnegrillo'),
(40161, 7, 40, 161, 'Carabias'),
(40162, 7, 40, 162, 'Prádena'),
(40163, 7, 40, 163, 'Puebla de Pedraza'),
(40164, 7, 40, 164, 'Rapariegos'),
(40165, 7, 40, 165, 'Rebollo'),
(40166, 7, 40, 166, 'Remondo'),
(40168, 7, 40, 168, 'Riaguas de San Bartolomé'),
(40170, 7, 40, 170, 'Riaza'),
(40171, 7, 40, 171, 'Ribota'),
(40172, 7, 40, 172, 'Riofrío de Riaza'),
(40173, 7, 40, 173, 'Roda de Eresma'),
(40174, 7, 40, 174, 'Sacramenia'),
(40176, 7, 40, 176, 'Samboal'),
(40177, 7, 40, 177, 'San Cristóbal de Cuéllar'),
(40178, 7, 40, 178, 'San Cristóbal de la Vega'),
(40179, 7, 40, 179, 'Sanchonuño'),
(40180, 7, 40, 180, 'Sangarcía'),
(40181, 7, 40, 181, 'Real Sitio de San Ildefonso'),
(40182, 7, 40, 182, 'San Martín y Mudrián'),
(40183, 7, 40, 183, 'San Miguel de Bernuy'),
(40184, 7, 40, 184, 'San Pedro de Gaíllos'),
(40185, 7, 40, 185, 'Santa María la Real de Nieva'),
(40186, 7, 40, 186, 'Santa Marta del Cerro'),
(40188, 7, 40, 188, 'Santiuste de Pedraza'),
(40189, 7, 40, 189, 'Santiuste de San Juan Bautista'),
(40190, 7, 40, 190, 'Santo Domingo de Pirón'),
(40191, 7, 40, 191, 'Santo Tomé del Puerto'),
(40192, 7, 40, 192, 'Sauquillo de Cabezas'),
(40193, 7, 40, 193, 'Sebúlcor'),
(40194, 7, 40, 194, 'Segovia'),
(40195, 7, 40, 195, 'Sepúlveda'),
(40196, 7, 40, 196, 'Sequera de Fresno'),
(40198, 7, 40, 198, 'Sotillo'),
(40199, 7, 40, 199, 'Sotosalbos'),
(40200, 7, 40, 200, 'Tabanera la Luenga'),
(40201, 7, 40, 201, 'Tolocirio'),
(40202, 7, 40, 202, 'Torreadrada'),
(40203, 7, 40, 203, 'Torrecaballeros'),
(40204, 7, 40, 204, 'Torrecilla del Pinar'),
(40205, 7, 40, 205, 'Torreiglesias'),
(40206, 7, 40, 206, 'Torre Val de San Pedro'),
(40207, 7, 40, 207, 'Trescasas'),
(40208, 7, 40, 208, 'Turégano'),
(40210, 7, 40, 210, 'Urueñas'),
(40211, 7, 40, 211, 'Valdeprados'),
(40212, 7, 40, 212, 'Valdevacas de Montejo'),
(40213, 7, 40, 213, 'Valdevacas y Guijar'),
(40214, 7, 40, 214, 'Valseca'),
(40215, 7, 40, 215, 'Valtiendas'),
(40216, 7, 40, 216, 'Valverde del Majano'),
(40218, 7, 40, 218, 'Valle de Tabladillo'),
(40219, 7, 40, 219, 'Vallelado'),
(40220, 7, 40, 220, 'Valleruela de Pedraza'),
(40221, 7, 40, 221, 'Valleruela de Sepúlveda'),
(40222, 7, 40, 222, 'Veganzones'),
(40223, 7, 40, 223, 'Vegas de Matute'),
(40224, 7, 40, 224, 'Ventosilla y Tejadilla'),
(40225, 7, 40, 225, 'Villacastín'),
(40228, 7, 40, 228, 'Villaverde de Íscar'),
(40229, 7, 40, 229, 'Villaverde de Montejo'),
(40230, 7, 40, 230, 'Villeguillo'),
(40231, 7, 40, 231, 'Yanguas de Eresma'),
(40233, 7, 40, 233, 'Zarzuela del Monte'),
(40234, 7, 40, 234, 'Zarzuela del Pinar'),
(40901, 7, 40, 901, 'Ortigosa del Monte'),
(40902, 7, 40, 902, 'Cozuelos de Fuentidueña'),
(40903, 7, 40, 903, 'Marazoleja'),
(40904, 7, 40, 904, 'Navas de Riofrío'),
(40905, 7, 40, 905, 'Cuevas de Provanco'),
(40906, 7, 40, 906, 'San Cristóbal de Segovia'),
(41000, 1, 41, 0, 'Provincia de  Sevilla'),
(41001, 1, 41, 1, 'Aguadulce'),
(41002, 1, 41, 2, 'Alanís'),
(41003, 1, 41, 3, 'Albaida del Aljarafe'),
(41004, 1, 41, 4, 'Alcalá de Guadaíra'),
(41005, 1, 41, 5, 'Alcalá del Río'),
(41006, 1, 41, 6, 'Alcolea del Río'),
(41007, 1, 41, 7, 'Algaba, La'),
(41008, 1, 41, 8, 'Algámitas'),
(41009, 1, 41, 9, 'Almadén de la Plata'),
(41010, 1, 41, 10, 'Almensilla'),
(41011, 1, 41, 11, 'Arahal'),
(41012, 1, 41, 12, 'Aznalcázar'),
(41013, 1, 41, 13, 'Aznalcóllar'),
(41014, 1, 41, 14, 'Badolatosa'),
(41015, 1, 41, 15, 'Benacazón'),
(41016, 1, 41, 16, 'Bollullos de la Mitación'),
(41017, 1, 41, 17, 'Bormujos'),
(41018, 1, 41, 18, 'Brenes'),
(41019, 1, 41, 19, 'Burguillos'),
(41020, 1, 41, 20, 'Cabezas de San Juan, Las'),
(41021, 1, 41, 21, 'Camas'),
(41022, 1, 41, 22, 'Campana, La'),
(41023, 1, 41, 23, 'Cantillana'),
(41024, 1, 41, 24, 'Carmona'),
(41025, 1, 41, 25, 'Carrión de los Céspedes'),
(41026, 1, 41, 26, 'Casariche'),
(41027, 1, 41, 27, 'Castilblanco de los Arroyos'),
(41028, 1, 41, 28, 'Castilleja de Guzmán'),
(41029, 1, 41, 29, 'Castilleja de la Cuesta'),
(41030, 1, 41, 30, 'Castilleja del Campo'),
(41031, 1, 41, 31, 'Castillo de las Guardas, El'),
(41032, 1, 41, 32, 'Cazalla de la Sierra'),
(41033, 1, 41, 33, 'Constantina'),
(41034, 1, 41, 34, 'Coria del Río'),
(41035, 1, 41, 35, 'Coripe'),
(41036, 1, 41, 36, 'Coronil, El'),
(41037, 1, 41, 37, 'Corrales, Los'),
(41038, 1, 41, 38, 'Dos Hermanas'),
(41039, 1, 41, 39, 'Écija'),
(41040, 1, 41, 40, 'Espartinas'),
(41041, 1, 41, 41, 'Estepa'),
(41042, 1, 41, 42, 'Fuentes de Andalucía'),
(41043, 1, 41, 43, 'Garrobo, El'),
(41044, 1, 41, 44, 'Gelves'),
(41045, 1, 41, 45, 'Gerena'),
(41046, 1, 41, 46, 'Gilena'),
(41047, 1, 41, 47, 'Gines'),
(41048, 1, 41, 48, 'Guadalcanal'),
(41049, 1, 41, 49, 'Guillena'),
(41050, 1, 41, 50, 'Herrera'),
(41051, 1, 41, 51, 'Huévar del Aljarafe'),
(41052, 1, 41, 52, 'Lantejuela'),
(41053, 1, 41, 53, 'Lebrija'),
(41054, 1, 41, 54, 'Lora de Estepa'),
(41055, 1, 41, 55, 'Lora del Río'),
(41056, 1, 41, 56, 'Luisiana, La'),
(41057, 1, 41, 57, 'Madroño, El'),
(41058, 1, 41, 58, 'Mairena del Alcor'),
(41059, 1, 41, 59, 'Mairena del Aljarafe'),
(41060, 1, 41, 60, 'Marchena'),
(41061, 1, 41, 61, 'Marinaleda'),
(41062, 1, 41, 62, 'Martín de la Jara'),
(41063, 1, 41, 63, 'Molares, Los'),
(41064, 1, 41, 64, 'Montellano'),
(41065, 1, 41, 65, 'Morón de la Frontera'),
(41066, 1, 41, 66, 'Navas de la Concepción, Las'),
(41067, 1, 41, 67, 'Olivares'),
(41068, 1, 41, 68, 'Osuna'),
(41069, 1, 41, 69, 'Palacios y Villafranca, Los'),
(41070, 1, 41, 70, 'Palomares del Río'),
(41071, 1, 41, 71, 'Paradas'),
(41072, 1, 41, 72, 'Pedrera'),
(41073, 1, 41, 73, 'Pedroso, El'),
(41074, 1, 41, 74, 'Peñaflor'),
(41075, 1, 41, 75, 'Pilas'),
(41076, 1, 41, 76, 'Pruna'),
(41077, 1, 41, 77, 'Puebla de Cazalla, La'),
(41078, 1, 41, 78, 'Puebla de los Infantes, La'),
(41079, 1, 41, 79, 'Puebla del Río, La'),
(41080, 1, 41, 80, 'Real de la Jara, El'),
(41081, 1, 41, 81, 'Rinconada, La'),
(41082, 1, 41, 82, 'Roda de Andalucía, La'),
(41083, 1, 41, 83, 'Ronquillo, El'),
(41084, 1, 41, 84, 'Rubio, El'),
(41085, 1, 41, 85, 'Salteras'),
(41086, 1, 41, 86, 'San Juan de Aznalfarache'),
(41087, 1, 41, 87, 'Sanlúcar la Mayor'),
(41088, 1, 41, 88, 'San Nicolás del Puerto'),
(41089, 1, 41, 89, 'Santiponce'),
(41090, 1, 41, 90, 'Saucejo, El'),
(41091, 1, 41, 91, 'Sevilla'),
(41092, 1, 41, 92, 'Tocina'),
(41093, 1, 41, 93, 'Tomares'),
(41094, 1, 41, 94, 'Umbrete'),
(41095, 1, 41, 95, 'Utrera'),
(41096, 1, 41, 96, 'Valencina de la Concepción'),
(41097, 1, 41, 97, 'Villamanrique de la Condesa'),
(41098, 1, 41, 98, 'Villanueva del Ariscal'),
(41099, 1, 41, 99, 'Villanueva del Río y Minas'),
(41100, 1, 41, 100, 'Villanueva de San Juan'),
(41101, 1, 41, 101, 'Villaverde del Río'),
(41102, 1, 41, 102, 'Viso del Alcor, El'),
(41901, 1, 41, 901, 'Cañada Rosal'),
(41902, 1, 41, 902, 'Isla Mayor'),
(41903, 1, 41, 903, 'Cuervo de Sevilla, El'),
(41904, 1, 41, 904, 'Palmar de Troya, El'),
(42000, 7, 42, 0, 'Provincia de  Soria'),
(42001, 7, 42, 1, 'Abejar'),
(42003, 7, 42, 3, 'Adradas'),
(42004, 7, 42, 4, 'Ágreda'),
(42006, 7, 42, 6, 'Alconaba'),
(42007, 7, 42, 7, 'Alcubilla de Avellaneda'),
(42008, 7, 42, 8, 'Alcubilla de las Peñas'),
(42009, 7, 42, 9, 'Aldealafuente'),
(42010, 7, 42, 10, 'Aldealices'),
(42011, 7, 42, 11, 'Aldealpozo'),
(42012, 7, 42, 12, 'Aldealseñor'),
(42013, 7, 42, 13, 'Aldehuela de Periáñez'),
(42014, 7, 42, 14, 'Aldehuelas, Las'),
(42015, 7, 42, 15, 'Alentisque'),
(42016, 7, 42, 16, 'Aliud'),
(42017, 7, 42, 17, 'Almajano'),
(42018, 7, 42, 18, 'Almaluez'),
(42019, 7, 42, 19, 'Almarza'),
(42020, 7, 42, 20, 'Almazán'),
(42021, 7, 42, 21, 'Almazul'),
(42022, 7, 42, 22, 'Almenar de Soria'),
(42023, 7, 42, 23, 'Alpanseque'),
(42024, 7, 42, 24, 'Arancón'),
(42025, 7, 42, 25, 'Arcos de Jalón'),
(42026, 7, 42, 26, 'Arenillas'),
(42027, 7, 42, 27, 'Arévalo de la Sierra'),
(42028, 7, 42, 28, 'Ausejo de la Sierra'),
(42029, 7, 42, 29, 'Baraona'),
(42030, 7, 42, 30, 'Barca'),
(42031, 7, 42, 31, 'Barcones'),
(42032, 7, 42, 32, 'Bayubas de Abajo'),
(42033, 7, 42, 33, 'Bayubas de Arriba'),
(42034, 7, 42, 34, 'Beratón'),
(42035, 7, 42, 35, 'Berlanga de Duero'),
(42036, 7, 42, 36, 'Blacos'),
(42037, 7, 42, 37, 'Bliecos'),
(42038, 7, 42, 38, 'Borjabad'),
(42039, 7, 42, 39, 'Borobia'),
(42041, 7, 42, 41, 'Buberos'),
(42042, 7, 42, 42, 'Buitrago'),
(42043, 7, 42, 43, 'Burgo de Osma-Ciudad de Osma'),
(42044, 7, 42, 44, 'Cabrejas del Campo'),
(42045, 7, 42, 45, 'Cabrejas del Pinar'),
(42046, 7, 42, 46, 'Calatañazor'),
(42048, 7, 42, 48, 'Caltojar'),
(42049, 7, 42, 49, 'Candilichera'),
(42050, 7, 42, 50, 'Cañamaque'),
(42051, 7, 42, 51, 'Carabantes'),
(42052, 7, 42, 52, 'Caracena'),
(42053, 7, 42, 53, 'Carrascosa de Abajo'),
(42054, 7, 42, 54, 'Carrascosa de la Sierra'),
(42055, 7, 42, 55, 'Casarejos'),
(42056, 7, 42, 56, 'Castilfrío de la Sierra'),
(42057, 7, 42, 57, 'Castilruiz'),
(42058, 7, 42, 58, 'Castillejo de Robledo'),
(42059, 7, 42, 59, 'Centenera de Andaluz'),
(42060, 7, 42, 60, 'Cerbón'),
(42061, 7, 42, 61, 'Cidones'),
(42062, 7, 42, 62, 'Cigudosa'),
(42063, 7, 42, 63, 'Cihuela'),
(42064, 7, 42, 64, 'Ciria'),
(42065, 7, 42, 65, 'Cirujales del Río'),
(42068, 7, 42, 68, 'Coscurita'),
(42069, 7, 42, 69, 'Covaleda'),
(42070, 7, 42, 70, 'Cubilla'),
(42071, 7, 42, 71, 'Cubo de la Solana'),
(42073, 7, 42, 73, 'Cueva de Ágreda'),
(42075, 7, 42, 75, 'Dévanos'),
(42076, 7, 42, 76, 'Deza'),
(42078, 7, 42, 78, 'Duruelo de la Sierra'),
(42079, 7, 42, 79, 'Escobosa de Almazán'),
(42080, 7, 42, 80, 'Espeja de San Marcelino'),
(42081, 7, 42, 81, 'Espejón'),
(42082, 7, 42, 82, 'Estepa de San Juan'),
(42083, 7, 42, 83, 'Frechilla de Almazán'),
(42084, 7, 42, 84, 'Fresno de Caracena'),
(42085, 7, 42, 85, 'Fuentearmegil'),
(42086, 7, 42, 86, 'Fuentecambrón'),
(42087, 7, 42, 87, 'Fuentecantos'),
(42088, 7, 42, 88, 'Fuentelmonge'),
(42089, 7, 42, 89, 'Fuentelsaz de Soria'),
(42090, 7, 42, 90, 'Fuentepinilla'),
(42092, 7, 42, 92, 'Fuentes de Magaña'),
(42093, 7, 42, 93, 'Fuentestrún'),
(42094, 7, 42, 94, 'Garray'),
(42095, 7, 42, 95, 'Golmayo'),
(42096, 7, 42, 96, 'Gómara'),
(42097, 7, 42, 97, 'Gormaz'),
(42098, 7, 42, 98, 'Herrera de Soria'),
(42100, 7, 42, 100, 'Hinojosa del Campo'),
(42103, 7, 42, 103, 'Langa de Duero'),
(42105, 7, 42, 105, 'Liceras'),
(42106, 7, 42, 106, 'Losilla, La'),
(42107, 7, 42, 107, 'Magaña'),
(42108, 7, 42, 108, 'Maján'),
(42110, 7, 42, 110, 'Matalebreras'),
(42111, 7, 42, 111, 'Matamala de Almazán'),
(42113, 7, 42, 113, 'Medinaceli'),
(42115, 7, 42, 115, 'Miño de Medinaceli'),
(42116, 7, 42, 116, 'Miño de San Esteban'),
(42117, 7, 42, 117, 'Molinos de Duero'),
(42118, 7, 42, 118, 'Momblona'),
(42119, 7, 42, 119, 'Monteagudo de las Vicarías'),
(42120, 7, 42, 120, 'Montejo de Tiermes'),
(42121, 7, 42, 121, 'Montenegro de Cameros'),
(42123, 7, 42, 123, 'Morón de Almazán'),
(42124, 7, 42, 124, 'Muriel de la Fuente'),
(42125, 7, 42, 125, 'Muriel Viejo'),
(42127, 7, 42, 127, 'Nafría de Ucero'),
(42128, 7, 42, 128, 'Narros'),
(42129, 7, 42, 129, 'Navaleno'),
(42130, 7, 42, 130, 'Nepas'),
(42131, 7, 42, 131, 'Nolay'),
(42132, 7, 42, 132, 'Noviercas'),
(42134, 7, 42, 134, 'Ólvega'),
(42135, 7, 42, 135, 'Oncala'),
(42139, 7, 42, 139, 'Pinilla del Campo'),
(42140, 7, 42, 140, 'Portillo de Soria'),
(42141, 7, 42, 141, 'Póveda de Soria, La'),
(42142, 7, 42, 142, 'Pozalmuro'),
(42144, 7, 42, 144, 'Quintana Redonda'),
(42145, 7, 42, 145, 'Quintanas de Gormaz'),
(42148, 7, 42, 148, 'Quiñonería'),
(42149, 7, 42, 149, 'Rábanos, Los'),
(42151, 7, 42, 151, 'Rebollar'),
(42152, 7, 42, 152, 'Recuerda'),
(42153, 7, 42, 153, 'Rello'),
(42154, 7, 42, 154, 'Renieblas'),
(42155, 7, 42, 155, 'Retortillo de Soria'),
(42156, 7, 42, 156, 'Reznos'),
(42157, 7, 42, 157, 'Riba de Escalote, La'),
(42158, 7, 42, 158, 'Rioseco de Soria'),
(42159, 7, 42, 159, 'Rollamienta'),
(42160, 7, 42, 160, 'Royo, El'),
(42161, 7, 42, 161, 'Salduero'),
(42162, 7, 42, 162, 'San Esteban de Gormaz'),
(42163, 7, 42, 163, 'San Felices'),
(42164, 7, 42, 164, 'San Leonardo de Yagüe'),
(42165, 7, 42, 165, 'San Pedro Manrique'),
(42166, 7, 42, 166, 'Santa Cruz de Yanguas'),
(42167, 7, 42, 167, 'Santa María de Huerta'),
(42168, 7, 42, 168, 'Santa María de las Hoyas'),
(42171, 7, 42, 171, 'Serón de Nágima'),
(42172, 7, 42, 172, 'Soliedra'),
(42173, 7, 42, 173, 'Soria'),
(42174, 7, 42, 174, 'Sotillo del Rincón'),
(42175, 7, 42, 175, 'Suellacabras'),
(42176, 7, 42, 176, 'Tajahuerce'),
(42177, 7, 42, 177, 'Tajueco'),
(42178, 7, 42, 178, 'Talveila'),
(42181, 7, 42, 181, 'Tardelcuende'),
(42182, 7, 42, 182, 'Taroda'),
(42183, 7, 42, 183, 'Tejado'),
(42184, 7, 42, 184, 'Torlengua'),
(42185, 7, 42, 185, 'Torreblacos'),
(42187, 7, 42, 187, 'Torrubia de Soria'),
(42188, 7, 42, 188, 'Trévago'),
(42189, 7, 42, 189, 'Ucero'),
(42190, 7, 42, 190, 'Vadillo'),
(42191, 7, 42, 191, 'Valdeavellano de Tera'),
(42192, 7, 42, 192, 'Valdegeña'),
(42193, 7, 42, 193, 'Valdelagua del Cerro'),
(42194, 7, 42, 194, 'Valdemaluque'),
(42195, 7, 42, 195, 'Valdenebro'),
(42196, 7, 42, 196, 'Valdeprado'),
(42197, 7, 42, 197, 'Valderrodilla'),
(42198, 7, 42, 198, 'Valtajeros'),
(42200, 7, 42, 200, 'Velamazán'),
(42201, 7, 42, 201, 'Velilla de la Sierra'),
(42202, 7, 42, 202, 'Velilla de los Ajos'),
(42204, 7, 42, 204, 'Viana de Duero'),
(42205, 7, 42, 205, 'Villaciervos'),
(42206, 7, 42, 206, 'Villanueva de Gormaz'),
(42207, 7, 42, 207, 'Villar del Ala'),
(42208, 7, 42, 208, 'Villar del Campo'),
(42209, 7, 42, 209, 'Villar del Río'),
(42211, 7, 42, 211, 'Villares de Soria, Los'),
(42212, 7, 42, 212, 'Villasayas'),
(42213, 7, 42, 213, 'Villaseca de Arciel'),
(42215, 7, 42, 215, 'Vinuesa'),
(42216, 7, 42, 216, 'Vizmanos'),
(42217, 7, 42, 217, 'Vozmediano'),
(42218, 7, 42, 218, 'Yanguas'),
(42219, 7, 42, 219, 'Yelo'),
(43000, 9, 43, 0, 'Provincia de  Tarragona'),
(43001, 9, 43, 1, 'Aiguamúrcia'),
(43002, 9, 43, 2, 'Albinyana'),
(43003, 9, 43, 3, 'Albiol, L'''),
(43004, 9, 43, 4, 'Alcanar'),
(43005, 9, 43, 5, 'Alcover'),
(43006, 9, 43, 6, 'Aldover'),
(43007, 9, 43, 7, 'Aleixar, L'''),
(43008, 9, 43, 8, 'Alfara de Carles'),
(43009, 9, 43, 9, 'Alforja'),
(43010, 9, 43, 10, 'Alió'),
(43011, 9, 43, 11, 'Almoster'),
(43012, 9, 43, 12, 'Altafulla'),
(43013, 9, 43, 13, 'Ametlla de Mar, L'''),
(43014, 9, 43, 14, 'Amposta'),
(43015, 9, 43, 15, 'Arbolí'),
(43016, 9, 43, 16, 'Arboç, L'''),
(43017, 9, 43, 17, 'Argentera, L'''),
(43018, 9, 43, 18, 'Arnes'),
(43019, 9, 43, 19, 'Ascó'),
(43020, 9, 43, 20, 'Banyeres del Penedès'),
(43021, 9, 43, 21, 'Barberà de la Conca'),
(43022, 9, 43, 22, 'Batea'),
(43023, 9, 43, 23, 'Bellmunt del Priorat'),
(43024, 9, 43, 24, 'Bellvei'),
(43025, 9, 43, 25, 'Benifallet'),
(43026, 9, 43, 26, 'Benissanet'),
(43027, 9, 43, 27, 'Bisbal de Falset, La'),
(43028, 9, 43, 28, 'Bisbal del Penedès, La'),
(43029, 9, 43, 29, 'Blancafort'),
(43030, 9, 43, 30, 'Bonastre'),
(43031, 9, 43, 31, 'Borges del Camp, Les'),
(43032, 9, 43, 32, 'Bot'),
(43033, 9, 43, 33, 'Botarell'),
(43034, 9, 43, 34, 'Bràfim'),
(43035, 9, 43, 35, 'Cabacés'),
(43036, 9, 43, 36, 'Cabra del Camp'),
(43037, 9, 43, 37, 'Calafell'),
(43038, 9, 43, 38, 'Cambrils'),
(43039, 9, 43, 39, 'Capafonts'),
(43040, 9, 43, 40, 'Capçanes'),
(43041, 9, 43, 41, 'Caseres'),
(43042, 9, 43, 42, 'Castellvell del Camp'),
(43043, 9, 43, 43, 'Catllar, El'),
(43044, 9, 43, 44, 'Sénia, La'),
(43045, 9, 43, 45, 'Colldejou'),
(43046, 9, 43, 46, 'Conesa'),
(43047, 9, 43, 47, 'Constantí'),
(43048, 9, 43, 48, 'Corbera d''Ebre'),
(43049, 9, 43, 49, 'Cornudella de Montsant'),
(43050, 9, 43, 50, 'Creixell'),
(43051, 9, 43, 51, 'Cunit'),
(43052, 9, 43, 52, 'Xerta'),
(43053, 9, 43, 53, 'Duesaigües'),
(43054, 9, 43, 54, 'Espluga de Francolí, L'''),
(43055, 9, 43, 55, 'Falset'),
(43056, 9, 43, 56, 'Fatarella, La'),
(43057, 9, 43, 57, 'Febró, La'),
(43058, 9, 43, 58, 'Figuera, La'),
(43059, 9, 43, 59, 'Figuerola del Camp'),
(43060, 9, 43, 60, 'Flix'),
(43061, 9, 43, 61, 'Forès'),
(43062, 9, 43, 62, 'Freginals'),
(43063, 9, 43, 63, 'Galera, La'),
(43064, 9, 43, 64, 'Gandesa'),
(43065, 9, 43, 65, 'Garcia'),
(43066, 9, 43, 66, 'Garidells, Els'),
(43067, 9, 43, 67, 'Ginestar'),
(43068, 9, 43, 68, 'Godall'),
(43069, 9, 43, 69, 'Gratallops'),
(43070, 9, 43, 70, 'Guiamets, Els'),
(43071, 9, 43, 71, 'Horta de Sant Joan'),
(43072, 9, 43, 72, 'Lloar, El'),
(43073, 9, 43, 73, 'Llorac'),
(43074, 9, 43, 74, 'Llorenç del Penedès'),
(43075, 9, 43, 75, 'Margalef'),
(43076, 9, 43, 76, 'Marçà'),
(43077, 9, 43, 77, 'Mas de Barberans'),
(43078, 9, 43, 78, 'Masdenverge'),
(43079, 9, 43, 79, 'Masllorenç'),
(43080, 9, 43, 80, 'Masó, La'),
(43081, 9, 43, 81, 'Maspujols'),
(43082, 9, 43, 82, 'Masroig, El'),
(43083, 9, 43, 83, 'Milà, El'),
(43084, 9, 43, 84, 'Miravet'),
(43085, 9, 43, 85, 'Molar, El'),
(43086, 9, 43, 86, 'Montblanc'),
(43088, 9, 43, 88, 'Montbrió del Camp'),
(43089, 9, 43, 89, 'Montferri'),
(43090, 9, 43, 90, 'Montmell, El'),
(43091, 9, 43, 91, 'Mont-ral'),
(43092, 9, 43, 92, 'Mont-roig del Camp'),
(43093, 9, 43, 93, 'Móra d''Ebre'),
(43094, 9, 43, 94, 'Móra la Nova'),
(43095, 9, 43, 95, 'Morell, El'),
(43096, 9, 43, 96, 'Morera de Montsant, La'),
(43097, 9, 43, 97, 'Nou de Gaià, La'),
(43098, 9, 43, 98, 'Nulles'),
(43099, 9, 43, 99, 'Palma d''Ebre, La'),
(43100, 9, 43, 100, 'Pallaresos, Els'),
(43101, 9, 43, 101, 'Passanant i Belltall'),
(43102, 9, 43, 102, 'Paüls'),
(43103, 9, 43, 103, 'Perafort'),
(43104, 9, 43, 104, 'Perelló, El'),
(43105, 9, 43, 105, 'Piles, Les'),
(43106, 9, 43, 106, 'Pinell de Brai, El'),
(43107, 9, 43, 107, 'Pira'),
(43108, 9, 43, 108, 'Pla de Santa Maria, El'),
(43109, 9, 43, 109, 'Pobla de Mafumet, La'),
(43110, 9, 43, 110, 'Pobla de Massaluca, La'),
(43111, 9, 43, 111, 'Pobla de Montornès, La'),
(43112, 9, 43, 112, 'Poboleda'),
(43113, 9, 43, 113, 'Pont d''Armentera, El'),
(43114, 9, 43, 114, 'Porrera'),
(43115, 9, 43, 115, 'Pradell de la Teixeta'),
(43116, 9, 43, 116, 'Prades'),
(43117, 9, 43, 117, 'Prat de Comte'),
(43118, 9, 43, 118, 'Pratdip'),
(43119, 9, 43, 119, 'Puigpelat'),
(43120, 9, 43, 120, 'Querol'),
(43121, 9, 43, 121, 'Rasquera'),
(43122, 9, 43, 122, 'Renau'),
(43123, 9, 43, 123, 'Reus'),
(43124, 9, 43, 124, 'Riba, La'),
(43125, 9, 43, 125, 'Riba-roja d''Ebre'),
(43126, 9, 43, 126, 'Riera de Gaià, La'),
(43127, 9, 43, 127, 'Riudecanyes'),
(43128, 9, 43, 128, 'Riudecols'),
(43129, 9, 43, 129, 'Riudoms'),
(43130, 9, 43, 130, 'Rocafort de Queralt'),
(43131, 9, 43, 131, 'Roda de Berà'),
(43132, 9, 43, 132, 'Rodonyà'),
(43133, 9, 43, 133, 'Roquetes'),
(43134, 9, 43, 134, 'Rourell, El'),
(43135, 9, 43, 135, 'Salomó'),
(43136, 9, 43, 136, 'Sant Carles de la Ràpita'),
(43137, 9, 43, 137, 'Sant Jaume dels Domenys'),
(43138, 9, 43, 138, 'Santa Bàrbara'),
(43139, 9, 43, 139, 'Santa Coloma de Queralt'),
(43140, 9, 43, 140, 'Santa Oliva'),
(43141, 9, 43, 141, 'Pontils'),
(43142, 9, 43, 142, 'Sarral'),
(43143, 9, 43, 143, 'Savallà del Comtat'),
(43144, 9, 43, 144, 'Secuita, La'),
(43145, 9, 43, 145, 'Selva del Camp, La'),
(43146, 9, 43, 146, 'Senan'),
(43147, 9, 43, 147, 'Solivella'),
(43148, 9, 43, 148, 'Tarragona'),
(43149, 9, 43, 149, 'Tivenys'),
(43150, 9, 43, 150, 'Tivissa'),
(43151, 9, 43, 151, 'Torre de Fontaubella, La'),
(43152, 9, 43, 152, 'Torre de l''Espanyol, La'),
(43153, 9, 43, 153, 'Torredembarra'),
(43154, 9, 43, 154, 'Torroja del Priorat'),
(43155, 9, 43, 155, 'Tortosa'),
(43156, 9, 43, 156, 'Ulldecona'),
(43157, 9, 43, 157, 'Ulldemolins'),
(43158, 9, 43, 158, 'Vallclara'),
(43159, 9, 43, 159, 'Vallfogona de Riucorb'),
(43160, 9, 43, 160, 'Vallmoll'),
(43161, 9, 43, 161, 'Valls'),
(43162, 9, 43, 162, 'Vandellòs i l''Hospitalet de l''Infant'),
(43163, 9, 43, 163, 'Vendrell, El'),
(43164, 9, 43, 164, 'Vespella de Gaià'),
(43165, 9, 43, 165, 'Vilabella'),
(43166, 9, 43, 166, 'Vilallonga del Camp'),
(43167, 9, 43, 167, 'Vilanova d''Escornalbou'),
(43168, 9, 43, 168, 'Vilanova de Prades'),
(43169, 9, 43, 169, 'Vilaplana'),
(43170, 9, 43, 170, 'Vila-rodona'),
(43171, 9, 43, 171, 'Vila-seca'),
(43172, 9, 43, 172, 'Vilaverd'),
(43173, 9, 43, 173, 'Vilella Alta, La'),
(43174, 9, 43, 174, 'Vilella Baixa, La'),
(43175, 9, 43, 175, 'Vilalba dels Arcs'),
(43176, 9, 43, 176, 'Vimbodí i Poblet'),
(43177, 9, 43, 177, 'Vinebre'),
(43178, 9, 43, 178, 'Vinyols i els Arcs'),
(43901, 9, 43, 901, 'Deltebre'),
(43902, 9, 43, 902, 'Sant Jaume d''Enveja'),
(43903, 9, 43, 903, 'Camarles'),
(43904, 9, 43, 904, 'Aldea, L'''),
(43905, 9, 43, 905, 'Salou'),
(43906, 9, 43, 906, 'Ampolla, L'''),
(43907, 9, 43, 907, 'Canonja, La'),
(44000, 2, 44, 0, 'Provincia de  Teruel'),
(44001, 2, 44, 1, 'Ababuj'),
(44002, 2, 44, 2, 'Abejuela'),
(44003, 2, 44, 3, 'Aguatón'),
(44004, 2, 44, 4, 'Aguaviva'),
(44005, 2, 44, 5, 'Aguilar del Alfambra'),
(44006, 2, 44, 6, 'Alacón'),
(44007, 2, 44, 7, 'Alba'),
(44008, 2, 44, 8, 'Albalate del Arzobispo'),
(44009, 2, 44, 9, 'Albarracín'),
(44010, 2, 44, 10, 'Albentosa'),
(44011, 2, 44, 11, 'Alcaine'),
(44012, 2, 44, 12, 'Alcalá de la Selva'),
(44013, 2, 44, 13, 'Alcañiz'),
(44014, 2, 44, 14, 'Alcorisa'),
(44016, 2, 44, 16, 'Alfambra'),
(44017, 2, 44, 17, 'Aliaga'),
(44018, 2, 44, 18, 'Almohaja'),
(44019, 2, 44, 19, 'Alobras'),
(44020, 2, 44, 20, 'Alpeñés'),
(44021, 2, 44, 21, 'Allepuz'),
(44022, 2, 44, 22, 'Alloza'),
(44023, 2, 44, 23, 'Allueva'),
(44024, 2, 44, 24, 'Anadón'),
(44025, 2, 44, 25, 'Andorra'),
(44026, 2, 44, 26, 'Arcos de las Salinas'),
(44027, 2, 44, 27, 'Arens de Lledó'),
(44028, 2, 44, 28, 'Argente'),
(44029, 2, 44, 29, 'Ariño'),
(44031, 2, 44, 31, 'Azaila'),
(44032, 2, 44, 32, 'Bádenas'),
(44033, 2, 44, 33, 'Báguena'),
(44034, 2, 44, 34, 'Bañón'),
(44035, 2, 44, 35, 'Barrachina'),
(44036, 2, 44, 36, 'Bea'),
(44037, 2, 44, 37, 'Beceite'),
(44038, 2, 44, 38, 'Belmonte de San José'),
(44039, 2, 44, 39, 'Bello'),
(44040, 2, 44, 40, 'Berge'),
(44041, 2, 44, 41, 'Bezas'),
(44042, 2, 44, 42, 'Blancas'),
(44043, 2, 44, 43, 'Blesa'),
(44044, 2, 44, 44, 'Bordón'),
(44045, 2, 44, 45, 'Bronchales'),
(44046, 2, 44, 46, 'Bueña'),
(44047, 2, 44, 47, 'Burbáguena'),
(44048, 2, 44, 48, 'Cabra de Mora'),
(44049, 2, 44, 49, 'Calaceite'),
(44050, 2, 44, 50, 'Calamocha'),
(44051, 2, 44, 51, 'Calanda'),
(44052, 2, 44, 52, 'Calomarde'),
(44053, 2, 44, 53, 'Camañas'),
(44054, 2, 44, 54, 'Camarena de la Sierra'),
(44055, 2, 44, 55, 'Camarillas'),
(44056, 2, 44, 56, 'Caminreal'),
(44059, 2, 44, 59, 'Cantavieja'),
(44060, 2, 44, 60, 'Cañada de Benatanduz'),
(44061, 2, 44, 61, 'Cañada de Verich, La'),
(44062, 2, 44, 62, 'Cañada Vellida'),
(44063, 2, 44, 63, 'Cañizar del Olivar'),
(44064, 2, 44, 64, 'Cascante del Río'),
(44065, 2, 44, 65, 'Castejón de Tornos'),
(44066, 2, 44, 66, 'Castel de Cabra'),
(44067, 2, 44, 67, 'Castelnou'),
(44068, 2, 44, 68, 'Castelserás'),
(44070, 2, 44, 70, 'Castellar, El'),
(44071, 2, 44, 71, 'Castellote'),
(44074, 2, 44, 74, 'Cedrillas'),
(44075, 2, 44, 75, 'Celadas'),
(44076, 2, 44, 76, 'Cella'),
(44077, 2, 44, 77, 'Cerollera, La'),
(44080, 2, 44, 80, 'Codoñera, La'),
(44082, 2, 44, 82, 'Corbalán'),
(44084, 2, 44, 84, 'Cortes de Aragón'),
(44085, 2, 44, 85, 'Cosa'),
(44086, 2, 44, 86, 'Cretas'),
(44087, 2, 44, 87, 'Crivillén'),
(44088, 2, 44, 88, 'Cuba, La'),
(44089, 2, 44, 89, 'Cubla'),
(44090, 2, 44, 90, 'Cucalón'),
(44092, 2, 44, 92, 'Cuervo, El'),
(44093, 2, 44, 93, 'Cuevas de Almudén'),
(44094, 2, 44, 94, 'Cuevas Labradas'),
(44096, 2, 44, 96, 'Ejulve'),
(44097, 2, 44, 97, 'Escorihuela'),
(44099, 2, 44, 99, 'Escucha'),
(44100, 2, 44, 100, 'Estercuel'),
(44101, 2, 44, 101, 'Ferreruela de Huerva'),
(44102, 2, 44, 102, 'Fonfría'),
(44103, 2, 44, 103, 'Formiche Alto'),
(44105, 2, 44, 105, 'Fórnoles'),
(44106, 2, 44, 106, 'Fortanete'),
(44107, 2, 44, 107, 'Foz-Calanda'),
(44108, 2, 44, 108, 'Fresneda, La'),
(44109, 2, 44, 109, 'Frías de Albarracín'),
(44110, 2, 44, 110, 'Fuenferrada'),
(44111, 2, 44, 111, 'Fuentes Calientes'),
(44112, 2, 44, 112, 'Fuentes Claras'),
(44113, 2, 44, 113, 'Fuentes de Rubielos'),
(44114, 2, 44, 114, 'Fuentespalda'),
(44115, 2, 44, 115, 'Galve'),
(44116, 2, 44, 116, 'Gargallo'),
(44117, 2, 44, 117, 'Gea de Albarracín'),
(44118, 2, 44, 118, 'Ginebrosa, La'),
(44119, 2, 44, 119, 'Griegos'),
(44120, 2, 44, 120, 'Guadalaviar'),
(44121, 2, 44, 121, 'Gúdar'),
(44122, 2, 44, 122, 'Híjar'),
(44123, 2, 44, 123, 'Hinojosa de Jarque'),
(44124, 2, 44, 124, 'Hoz de la Vieja, La'),
(44125, 2, 44, 125, 'Huesa del Común'),
(44126, 2, 44, 126, 'Iglesuela del Cid, La'),
(44127, 2, 44, 127, 'Jabaloyas'),
(44128, 2, 44, 128, 'Jarque de la Val'),
(44129, 2, 44, 129, 'Jatiel'),
(44130, 2, 44, 130, 'Jorcas'),
(44131, 2, 44, 131, 'Josa'),
(44132, 2, 44, 132, 'Lagueruela'),
(44133, 2, 44, 133, 'Lanzuela'),
(44135, 2, 44, 135, 'Libros'),
(44136, 2, 44, 136, 'Lidón'),
(44137, 2, 44, 137, 'Linares de Mora'),
(44138, 2, 44, 138, 'Loscos'),
(44141, 2, 44, 141, 'Lledó'),
(44142, 2, 44, 142, 'Maicas'),
(44143, 2, 44, 143, 'Manzanera'),
(44144, 2, 44, 144, 'Martín del Río'),
(44145, 2, 44, 145, 'Mas de las Matas'),
(44146, 2, 44, 146, 'Mata de los Olmos, La'),
(44147, 2, 44, 147, 'Mazaleón'),
(44148, 2, 44, 148, 'Mezquita de Jarque'),
(44149, 2, 44, 149, 'Mirambel'),
(44150, 2, 44, 150, 'Miravete de la Sierra'),
(44151, 2, 44, 151, 'Molinos'),
(44152, 2, 44, 152, 'Monforte de Moyuela'),
(44153, 2, 44, 153, 'Monreal del Campo'),
(44154, 2, 44, 154, 'Monroyo'),
(44155, 2, 44, 155, 'Montalbán'),
(44156, 2, 44, 156, 'Monteagudo del Castillo'),
(44157, 2, 44, 157, 'Monterde de Albarracín'),
(44158, 2, 44, 158, 'Mora de Rubielos'),
(44159, 2, 44, 159, 'Moscardón'),
(44160, 2, 44, 160, 'Mosqueruela'),
(44161, 2, 44, 161, 'Muniesa'),
(44163, 2, 44, 163, 'Noguera de Albarracín'),
(44164, 2, 44, 164, 'Nogueras'),
(44165, 2, 44, 165, 'Nogueruelas'),
(44167, 2, 44, 167, 'Obón'),
(44168, 2, 44, 168, 'Odón'),
(44169, 2, 44, 169, 'Ojos Negros'),
(44171, 2, 44, 171, 'Olba'),
(44172, 2, 44, 172, 'Oliete'),
(44173, 2, 44, 173, 'Olmos, Los'),
(44174, 2, 44, 174, 'Orihuela del Tremedal'),
(44175, 2, 44, 175, 'Orrios'),
(44176, 2, 44, 176, 'Palomar de Arroyos'),
(44177, 2, 44, 177, 'Pancrudo'),
(44178, 2, 44, 178, 'Parras de Castellote, Las'),
(44179, 2, 44, 179, 'Peñarroya de Tastavins'),
(44180, 2, 44, 180, 'Peracense'),
(44181, 2, 44, 181, 'Peralejos'),
(44182, 2, 44, 182, 'Perales del Alfambra'),
(44183, 2, 44, 183, 'Pitarque'),
(44184, 2, 44, 184, 'Plou'),
(44185, 2, 44, 185, 'Pobo, El'),
(44187, 2, 44, 187, 'Portellada, La'),
(44189, 2, 44, 189, 'Pozondón'),
(44190, 2, 44, 190, 'Pozuel del Campo'),
(44191, 2, 44, 191, 'Puebla de Híjar, La'),
(44192, 2, 44, 192, 'Puebla de Valverde, La'),
(44193, 2, 44, 193, 'Puertomingalvo'),
(44194, 2, 44, 194, 'Ráfales'),
(44195, 2, 44, 195, 'Rillo'),
(44196, 2, 44, 196, 'Riodeva'),
(44197, 2, 44, 197, 'Ródenas'),
(44198, 2, 44, 198, 'Royuela'),
(44199, 2, 44, 199, 'Rubiales'),
(44200, 2, 44, 200, 'Rubielos de la Cérida'),
(44201, 2, 44, 201, 'Rubielos de Mora'),
(44203, 2, 44, 203, 'Salcedillo'),
(44204, 2, 44, 204, 'Saldón'),
(44205, 2, 44, 205, 'Samper de Calanda'),
(44206, 2, 44, 206, 'San Agustín'),
(44207, 2, 44, 207, 'San Martín del Río'),
(44208, 2, 44, 208, 'Santa Cruz de Nogueras'),
(44209, 2, 44, 209, 'Santa Eulalia'),
(44210, 2, 44, 210, 'Sarrión'),
(44211, 2, 44, 211, 'Segura de los Baños'),
(44212, 2, 44, 212, 'Seno'),
(44213, 2, 44, 213, 'Singra'),
(44215, 2, 44, 215, 'Terriente'),
(44216, 2, 44, 216, 'Teruel'),
(44217, 2, 44, 217, 'Toril y Masegoso'),
(44218, 2, 44, 218, 'Tormón'),
(44219, 2, 44, 219, 'Tornos'),
(44220, 2, 44, 220, 'Torralba de los Sisones'),
(44221, 2, 44, 221, 'Torrecilla de Alcañiz'),
(44222, 2, 44, 222, 'Torrecilla del Rebollar'),
(44223, 2, 44, 223, 'Torre de Arcas'),
(44224, 2, 44, 224, 'Torre de las Arcas'),
(44225, 2, 44, 225, 'Torre del Compte'),
(44226, 2, 44, 226, 'Torrelacárcel'),
(44227, 2, 44, 227, 'Torre los Negros'),
(44228, 2, 44, 228, 'Torremocha de Jiloca'),
(44229, 2, 44, 229, 'Torres de Albarracín'),
(44230, 2, 44, 230, 'Torrevelilla'),
(44231, 2, 44, 231, 'Torrijas'),
(44232, 2, 44, 232, 'Torrijo del Campo'),
(44234, 2, 44, 234, 'Tramacastiel'),
(44235, 2, 44, 235, 'Tramacastilla'),
(44236, 2, 44, 236, 'Tronchón'),
(44237, 2, 44, 237, 'Urrea de Gaén'),
(44238, 2, 44, 238, 'Utrillas'),
(44239, 2, 44, 239, 'Valacloche'),
(44240, 2, 44, 240, 'Valbona'),
(44241, 2, 44, 241, 'Valdealgorfa'),
(44243, 2, 44, 243, 'Valdecuenca'),
(44244, 2, 44, 244, 'Valdelinares'),
(44245, 2, 44, 245, 'Valdeltormo'),
(44246, 2, 44, 246, 'Valderrobres'),
(44247, 2, 44, 247, 'Valjunquera'),
(44249, 2, 44, 249, 'Vallecillo, El'),
(44250, 2, 44, 250, 'Veguillas de la Sierra'),
(44251, 2, 44, 251, 'Villafranca del Campo'),
(44252, 2, 44, 252, 'Villahermosa del Campo'),
(44256, 2, 44, 256, 'Villanueva del Rebollar de la Sierra'),
(44257, 2, 44, 257, 'Villar del Cobo'),
(44258, 2, 44, 258, 'Villar del Salz'),
(44260, 2, 44, 260, 'Villarluengo'),
(44261, 2, 44, 261, 'Villarquemado'),
(44262, 2, 44, 262, 'Villarroya de los Pinares'),
(44263, 2, 44, 263, 'Villastar'),
(44264, 2, 44, 264, 'Villel'),
(44265, 2, 44, 265, 'Vinaceite'),
(44266, 2, 44, 266, 'Visiedo'),
(44267, 2, 44, 267, 'Vivel del Río Martín'),
(44268, 2, 44, 268, 'Zoma, La'),
(45000, 8, 45, 0, 'Provincia de  Toledo'),
(45001, 8, 45, 1, 'Ajofrín'),
(45002, 8, 45, 2, 'Alameda de la Sagra'),
(45003, 8, 45, 3, 'Albarreal de Tajo'),
(45004, 8, 45, 4, 'Alcabón'),
(45005, 8, 45, 5, 'Alcañizo'),
(45006, 8, 45, 6, 'Alcaudete de la Jara'),
(45007, 8, 45, 7, 'Alcolea de Tajo'),
(45008, 8, 45, 8, 'Aldea en Cabo'),
(45009, 8, 45, 9, 'Aldeanueva de Barbarroya'),
(45010, 8, 45, 10, 'Aldeanueva de San Bartolomé'),
(45011, 8, 45, 11, 'Almendral de la Cañada'),
(45012, 8, 45, 12, 'Almonacid de Toledo'),
(45013, 8, 45, 13, 'Almorox'),
(45014, 8, 45, 14, 'Añover de Tajo'),
(45015, 8, 45, 15, 'Arcicóllar'),
(45016, 8, 45, 16, 'Argés'),
(45017, 8, 45, 17, 'Azután'),
(45018, 8, 45, 18, 'Barcience'),
(45019, 8, 45, 19, 'Bargas'),
(45020, 8, 45, 20, 'Belvís de la Jara'),
(45021, 8, 45, 21, 'Borox'),
(45022, 8, 45, 22, 'Buenaventura'),
(45023, 8, 45, 23, 'Burguillos de Toledo'),
(45024, 8, 45, 24, 'Burujón'),
(45025, 8, 45, 25, 'Cabañas de la Sagra'),
(45026, 8, 45, 26, 'Cabañas de Yepes'),
(45027, 8, 45, 27, 'Cabezamesada'),
(45028, 8, 45, 28, 'Calera y Chozas'),
(45029, 8, 45, 29, 'Caleruela'),
(45030, 8, 45, 30, 'Calzada de Oropesa'),
(45031, 8, 45, 31, 'Camarena'),
(45032, 8, 45, 32, 'Camarenilla'),
(45033, 8, 45, 33, 'Campillo de la Jara, El'),
(45034, 8, 45, 34, 'Camuñas'),
(45035, 8, 45, 35, 'Cardiel de los Montes'),
(45036, 8, 45, 36, 'Carmena'),
(45037, 8, 45, 37, 'Carpio de Tajo, El'),
(45038, 8, 45, 38, 'Carranque'),
(45039, 8, 45, 39, 'Carriches'),
(45040, 8, 45, 40, 'Casar de Escalona, El'),
(45041, 8, 45, 41, 'Casarrubios del Monte'),
(45042, 8, 45, 42, 'Casasbuenas'),
(45043, 8, 45, 43, 'Castillo de Bayuela'),
(45045, 8, 45, 45, 'Cazalegas'),
(45046, 8, 45, 46, 'Cebolla'),
(45047, 8, 45, 47, 'Cedillo del Condado'),
(45048, 8, 45, 48, 'Cerralbos, Los'),
(45049, 8, 45, 49, 'Cervera de los Montes'),
(45050, 8, 45, 50, 'Ciruelos'),
(45051, 8, 45, 51, 'Cobeja'),
(45052, 8, 45, 52, 'Cobisa'),
(45053, 8, 45, 53, 'Consuegra'),
(45054, 8, 45, 54, 'Corral de Almaguer'),
(45055, 8, 45, 55, 'Cuerva'),
(45056, 8, 45, 56, 'Chozas de Canales'),
(45057, 8, 45, 57, 'Chueca'),
(45058, 8, 45, 58, 'Domingo Pérez'),
(45059, 8, 45, 59, 'Dosbarrios'),
(45060, 8, 45, 60, 'Erustes'),
(45061, 8, 45, 61, 'Escalona'),
(45062, 8, 45, 62, 'Escalonilla'),
(45063, 8, 45, 63, 'Espinoso del Rey'),
(45064, 8, 45, 64, 'Esquivias'),
(45065, 8, 45, 65, 'Estrella, La'),
(45066, 8, 45, 66, 'Fuensalida'),
(45067, 8, 45, 67, 'Gálvez'),
(45068, 8, 45, 68, 'Garciotum'),
(45069, 8, 45, 69, 'Gerindote'),
(45070, 8, 45, 70, 'Guadamur'),
(45071, 8, 45, 71, 'Guardia, La'),
(45072, 8, 45, 72, 'Herencias, Las'),
(45073, 8, 45, 73, 'Herreruela de Oropesa'),
(45074, 8, 45, 74, 'Hinojosa de San Vicente'),
(45075, 8, 45, 75, 'Hontanar'),
(45076, 8, 45, 76, 'Hormigos'),
(45077, 8, 45, 77, 'Huecas'),
(45078, 8, 45, 78, 'Huerta de Valdecarábanos'),
(45079, 8, 45, 79, 'Iglesuela del Tiétar, La'),
(45080, 8, 45, 80, 'Illán de Vacas'),
(45081, 8, 45, 81, 'Illescas'),
(45082, 8, 45, 82, 'Lagartera'),
(45083, 8, 45, 83, 'Layos'),
(45084, 8, 45, 84, 'Lillo'),
(45085, 8, 45, 85, 'Lominchar'),
(45086, 8, 45, 86, 'Lucillos'),
(45087, 8, 45, 87, 'Madridejos'),
(45088, 8, 45, 88, 'Magán'),
(45089, 8, 45, 89, 'Malpica de Tajo'),
(45090, 8, 45, 90, 'Manzaneque'),
(45091, 8, 45, 91, 'Maqueda'),
(45092, 8, 45, 92, 'Marjaliza'),
(45093, 8, 45, 93, 'Marrupe'),
(45094, 8, 45, 94, 'Mascaraque'),
(45095, 8, 45, 95, 'Mata, La'),
(45096, 8, 45, 96, 'Mazarambroz'),
(45097, 8, 45, 97, 'Mejorada'),
(45098, 8, 45, 98, 'Menasalbas'),
(45099, 8, 45, 99, 'Méntrida'),
(45100, 8, 45, 100, 'Mesegar de Tajo'),
(45101, 8, 45, 101, 'Miguel Esteban'),
(45102, 8, 45, 102, 'Mocejón'),
(45103, 8, 45, 103, 'Mohedas de la Jara'),
(45104, 8, 45, 104, 'Montearagón'),
(45105, 8, 45, 105, 'Montesclaros'),
(45106, 8, 45, 106, 'Mora'),
(45107, 8, 45, 107, 'Nambroca'),
(45108, 8, 45, 108, 'Nava de Ricomalillo, La'),
(45109, 8, 45, 109, 'Navahermosa'),
(45110, 8, 45, 110, 'Navalcán'),
(45111, 8, 45, 111, 'Navalmoralejo'),
(45112, 8, 45, 112, 'Navalmorales, Los'),
(45113, 8, 45, 113, 'Navalucillos, Los'),
(45114, 8, 45, 114, 'Navamorcuende'),
(45115, 8, 45, 115, 'Noblejas'),
(45116, 8, 45, 116, 'Noez'),
(45117, 8, 45, 117, 'Nombela'),
(45118, 8, 45, 118, 'Novés'),
(45119, 8, 45, 119, 'Numancia de la Sagra'),
(45120, 8, 45, 120, 'Nuño Gómez'),
(45121, 8, 45, 121, 'Ocaña'),
(45122, 8, 45, 122, 'Olías del Rey'),
(45123, 8, 45, 123, 'Ontígola'),
(45124, 8, 45, 124, 'Orgaz'),
(45125, 8, 45, 125, 'Oropesa'),
(45126, 8, 45, 126, 'Otero'),
(45127, 8, 45, 127, 'Palomeque'),
(45128, 8, 45, 128, 'Pantoja'),
(45129, 8, 45, 129, 'Paredes de Escalona'),
(45130, 8, 45, 130, 'Parrillas'),
(45131, 8, 45, 131, 'Pelahustán'),
(45132, 8, 45, 132, 'Pepino'),
(45133, 8, 45, 133, 'Polán'),
(45134, 8, 45, 134, 'Portillo de Toledo'),
(45135, 8, 45, 135, 'Puebla de Almoradiel, La'),
(45136, 8, 45, 136, 'Puebla de Montalbán, La'),
(45137, 8, 45, 137, 'Pueblanueva, La'),
(45138, 8, 45, 138, 'Puente del Arzobispo, El'),
(45139, 8, 45, 139, 'Puerto de San Vicente'),
(45140, 8, 45, 140, 'Pulgar'),
(45141, 8, 45, 141, 'Quero'),
(45142, 8, 45, 142, 'Quintanar de la Orden'),
(45143, 8, 45, 143, 'Quismondo'),
(45144, 8, 45, 144, 'Real de San Vicente, El'),
(45145, 8, 45, 145, 'Recas'),
(45146, 8, 45, 146, 'Retamoso de la Jara'),
(45147, 8, 45, 147, 'Rielves'),
(45148, 8, 45, 148, 'Robledo del Mazo'),
(45149, 8, 45, 149, 'Romeral, El'),
(45150, 8, 45, 150, 'San Bartolomé de las Abiertas'),
(45151, 8, 45, 151, 'San Martín de Montalbán'),
(45152, 8, 45, 152, 'San Martín de Pusa'),
(45153, 8, 45, 153, 'San Pablo de los Montes'),
(45154, 8, 45, 154, 'San Román de los Montes'),
(45155, 8, 45, 155, 'Santa Ana de Pusa'),
(45156, 8, 45, 156, 'Santa Cruz de la Zarza'),
(45157, 8, 45, 157, 'Santa Cruz del Retamar'),
(45158, 8, 45, 158, 'Santa Olalla'),
(45159, 8, 45, 159, 'Sartajada'),
(45160, 8, 45, 160, 'Segurilla'),
(45161, 8, 45, 161, 'Seseña'),
(45162, 8, 45, 162, 'Sevilleja de la Jara'),
(45163, 8, 45, 163, 'Sonseca'),
(45164, 8, 45, 164, 'Sotillo de las Palomas'),
(45165, 8, 45, 165, 'Talavera de la Reina'),
(45166, 8, 45, 166, 'Tembleque'),
(45167, 8, 45, 167, 'Toboso, El'),
(45168, 8, 45, 168, 'Toledo'),
(45169, 8, 45, 169, 'Torralba de Oropesa'),
(45170, 8, 45, 170, 'Torrecilla de la Jara'),
(45171, 8, 45, 171, 'Torre de Esteban Hambrán, La'),
(45172, 8, 45, 172, 'Torrico'),
(45173, 8, 45, 173, 'Torrijos'),
(45174, 8, 45, 174, 'Totanés'),
(45175, 8, 45, 175, 'Turleque'),
(45176, 8, 45, 176, 'Ugena'),
(45177, 8, 45, 177, 'Urda'),
(45179, 8, 45, 179, 'Valdeverdeja'),
(45180, 8, 45, 180, 'Valmojado'),
(45181, 8, 45, 181, 'Velada'),
(45182, 8, 45, 182, 'Ventas con Peña Aguilera, Las'),
(45183, 8, 45, 183, 'Ventas de Retamosa, Las'),
(45184, 8, 45, 184, 'Ventas de San Julián, Las'),
(45185, 8, 45, 185, 'Villacañas'),
(45186, 8, 45, 186, 'Villa de Don Fadrique, La'),
(45187, 8, 45, 187, 'Villafranca de los Caballeros'),
(45188, 8, 45, 188, 'Villaluenga de la Sagra'),
(45189, 8, 45, 189, 'Villamiel de Toledo'),
(45190, 8, 45, 190, 'Villaminaya'),
(45191, 8, 45, 191, 'Villamuelas'),
(45192, 8, 45, 192, 'Villanueva de Alcardete'),
(45193, 8, 45, 193, 'Villanueva de Bogas'),
(45194, 8, 45, 194, 'Villarejo de Montalbán'),
(45195, 8, 45, 195, 'Villarrubia de Santiago'),
(45196, 8, 45, 196, 'Villaseca de la Sagra'),
(45197, 8, 45, 197, 'Villasequilla'),
(45198, 8, 45, 198, 'Villatobas'),
(45199, 8, 45, 199, 'Viso de San Juan, El'),
(45200, 8, 45, 200, 'Yébenes, Los'),
(45201, 8, 45, 201, 'Yeles'),
(45202, 8, 45, 202, 'Yepes'),
(45203, 8, 45, 203, 'Yuncler'),
(45204, 8, 45, 204, 'Yunclillos'),
(45205, 8, 45, 205, 'Yuncos'),
(45901, 8, 45, 901, 'Santo Domingo-Caudilla'),
(46000, 10, 46, 0, 'Provincia de  Valencia/Valéncia'),
(46001, 10, 46, 1, 'Ademuz'),
(46002, 10, 46, 2, 'Ador'),
(46003, 10, 46, 3, 'Atzeneta d''Albaida'),
(46004, 10, 46, 4, 'Agullent'),
(46005, 10, 46, 5, 'Alaquàs'),
(46006, 10, 46, 6, 'Albaida'),
(46007, 10, 46, 7, 'Albal'),
(46008, 10, 46, 8, 'Albalat de la Ribera'),
(46009, 10, 46, 9, 'Albalat dels Sorells'),
(46010, 10, 46, 10, 'Albalat dels Tarongers'),
(46011, 10, 46, 11, 'Alberic'),
(46012, 10, 46, 12, 'Alborache'),
(46013, 10, 46, 13, 'Alboraia/Alboraya'),
(46014, 10, 46, 14, 'Albuixech'),
(46015, 10, 46, 15, 'Alcàsser'),
(46016, 10, 46, 16, 'Alcàntera de Xúquer'),
(46017, 10, 46, 17, 'Alzira'),
(46018, 10, 46, 18, 'Alcublas'),
(46019, 10, 46, 19, 'Alcúdia, l'''),
(46020, 10, 46, 20, 'Alcúdia de Crespins, l'''),
(46021, 10, 46, 21, 'Aldaia'),
(46022, 10, 46, 22, 'Alfafar'),
(46023, 10, 46, 23, 'Alfauir'),
(46024, 10, 46, 24, 'Alfara de la Baronia'),
(46025, 10, 46, 25, 'Alfara del Patriarca'),
(46026, 10, 46, 26, 'Alfarp'),
(46027, 10, 46, 27, 'Alfarrasí'),
(46028, 10, 46, 28, 'Algar de Palancia'),
(46029, 10, 46, 29, 'Algemesí'),
(46030, 10, 46, 30, 'Algímia d''Alfara'),
(46031, 10, 46, 31, 'Alginet'),
(46032, 10, 46, 32, 'Almàssera'),
(46033, 10, 46, 33, 'Almiserà'),
(46034, 10, 46, 34, 'Almoines'),
(46035, 10, 46, 35, 'Almussafes'),
(46036, 10, 46, 36, 'Alpuente'),
(46037, 10, 46, 37, 'Alqueria de la Comtessa, l'''),
(46038, 10, 46, 38, 'Andilla'),
(46039, 10, 46, 39, 'Anna'),
(46040, 10, 46, 40, 'Antella'),
(46041, 10, 46, 41, 'Aras de los Olmos'),
(46042, 10, 46, 42, 'Aielo de Malferit'),
(46043, 10, 46, 43, 'Aielo de Rugat'),
(46044, 10, 46, 44, 'Ayora'),
(46045, 10, 46, 45, 'Barxeta'),
(46046, 10, 46, 46, 'Barx'),
(46047, 10, 46, 47, 'Bèlgida'),
(46048, 10, 46, 48, 'Bellreguard'),
(46049, 10, 46, 49, 'Bellús'),
(46050, 10, 46, 50, 'Benagéber'),
(46051, 10, 46, 51, 'Benaguasil'),
(46052, 10, 46, 52, 'Benavites'),
(46053, 10, 46, 53, 'Beneixida'),
(46054, 10, 46, 54, 'Benetússer'),
(46055, 10, 46, 55, 'Beniarjó'),
(46056, 10, 46, 56, 'Beniatjar'),
(46057, 10, 46, 57, 'Benicolet'),
(46058, 10, 46, 58, 'Benifairó de les Valls'),
(46059, 10, 46, 59, 'Benifairó de la Valldigna'),
(46060, 10, 46, 60, 'Benifaió'),
(46061, 10, 46, 61, 'Beniflá'),
(46062, 10, 46, 62, 'Benigànim'),
(46063, 10, 46, 63, 'Benimodo'),
(46064, 10, 46, 64, 'Benimuslem'),
(46065, 10, 46, 65, 'Beniparrell'),
(46066, 10, 46, 66, 'Benirredrà'),
(46067, 10, 46, 67, 'Benissanó'),
(46068, 10, 46, 68, 'Benissoda'),
(46069, 10, 46, 69, 'Benissuera'),
(46070, 10, 46, 70, 'Bétera'),
(46071, 10, 46, 71, 'Bicorp'),
(46072, 10, 46, 72, 'Bocairent'),
(46073, 10, 46, 73, 'Bolbaite'),
(46074, 10, 46, 74, 'Bonrepòs i Mirambell'),
(46075, 10, 46, 75, 'Bufali'),
(46076, 10, 46, 76, 'Bugarra'),
(46077, 10, 46, 77, 'Buñol'),
(46078, 10, 46, 78, 'Burjassot'),
(46079, 10, 46, 79, 'Calles'),
(46080, 10, 46, 80, 'Camporrobles'),
(46081, 10, 46, 81, 'Canals'),
(46082, 10, 46, 82, 'Canet d''En Berenguer'),
(46083, 10, 46, 83, 'Carcaixent'),
(46084, 10, 46, 84, 'Càrcer'),
(46085, 10, 46, 85, 'Carlet'),
(46086, 10, 46, 86, 'Carrícola'),
(46087, 10, 46, 87, 'Casas Altas'),
(46088, 10, 46, 88, 'Casas Bajas'),
(46089, 10, 46, 89, 'Casinos'),
(46090, 10, 46, 90, 'Castelló de Rugat'),
(46091, 10, 46, 91, 'Castellonet de la Conquesta'),
(46092, 10, 46, 92, 'Castielfabib'),
(46093, 10, 46, 93, 'Catadau'),
(46094, 10, 46, 94, 'Catarroja'),
(46095, 10, 46, 95, 'Caudete de las Fuentes'),
(46096, 10, 46, 96, 'Cerdà'),
(46097, 10, 46, 97, 'Cofrentes'),
(46098, 10, 46, 98, 'Corbera'),
(46099, 10, 46, 99, 'Cortes de Pallás'),
(46100, 10, 46, 100, 'Cotes'),
(46101, 10, 46, 101, 'Quart de les Valls'),
(46102, 10, 46, 102, 'Quart de Poblet'),
(46103, 10, 46, 103, 'Quartell'),
(46104, 10, 46, 104, 'Quatretonda'),
(46105, 10, 46, 105, 'Cullera'),
(46106, 10, 46, 106, 'Chelva'),
(46107, 10, 46, 107, 'Chella'),
(46108, 10, 46, 108, 'Chera'),
(46109, 10, 46, 109, 'Cheste'),
(46110, 10, 46, 110, 'Xirivella'),
(46111, 10, 46, 111, 'Chiva');
INSERT INTO `municipio` (`id`, `id_comunidad_autonoma`, `id_provincia`, `id_municipio`, `nombre`) VALUES
(46112, 10, 46, 112, 'Chulilla'),
(46113, 10, 46, 113, 'Daimús'),
(46114, 10, 46, 114, 'Domeño'),
(46115, 10, 46, 115, 'Dos Aguas'),
(46116, 10, 46, 116, 'Eliana, l'''),
(46117, 10, 46, 117, 'Emperador'),
(46118, 10, 46, 118, 'Enguera'),
(46119, 10, 46, 119, 'Ènova, l'''),
(46120, 10, 46, 120, 'Estivella'),
(46121, 10, 46, 121, 'Estubeny'),
(46122, 10, 46, 122, 'Faura'),
(46123, 10, 46, 123, 'Favara'),
(46124, 10, 46, 124, 'Fontanars dels Alforins'),
(46125, 10, 46, 125, 'Fortaleny'),
(46126, 10, 46, 126, 'Foios'),
(46127, 10, 46, 127, 'Font d''En Carròs, la'),
(46128, 10, 46, 128, 'Font de la Figuera, la'),
(46129, 10, 46, 129, 'Fuenterrobles'),
(46130, 10, 46, 130, 'Gavarda'),
(46131, 10, 46, 131, 'Gandia'),
(46132, 10, 46, 132, 'Genovés, el'),
(46133, 10, 46, 133, 'Gestalgar'),
(46134, 10, 46, 134, 'Gilet'),
(46135, 10, 46, 135, 'Godella'),
(46136, 10, 46, 136, 'Godelleta'),
(46137, 10, 46, 137, 'Granja de la Costera, la'),
(46138, 10, 46, 138, 'Guadasséquies'),
(46139, 10, 46, 139, 'Guadassuar'),
(46140, 10, 46, 140, 'Guardamar de la Safor'),
(46141, 10, 46, 141, 'Higueruelas'),
(46142, 10, 46, 142, 'Jalance'),
(46143, 10, 46, 143, 'Xeraco'),
(46144, 10, 46, 144, 'Jarafuel'),
(46145, 10, 46, 145, 'Xàtiva'),
(46146, 10, 46, 146, 'Xeresa'),
(46147, 10, 46, 147, 'Llíria'),
(46148, 10, 46, 148, 'Loriguilla'),
(46149, 10, 46, 149, 'Losa del Obispo'),
(46150, 10, 46, 150, 'Llutxent'),
(46151, 10, 46, 151, 'Llocnou d''En Fenollet'),
(46152, 10, 46, 152, 'Llocnou de la Corona'),
(46153, 10, 46, 153, 'Llocnou de Sant Jeroni'),
(46154, 10, 46, 154, 'Llanera de Ranes'),
(46155, 10, 46, 155, 'Llaurí'),
(46156, 10, 46, 156, 'Llombai'),
(46157, 10, 46, 157, 'Llosa de Ranes, la'),
(46158, 10, 46, 158, 'Macastre'),
(46159, 10, 46, 159, 'Manises'),
(46160, 10, 46, 160, 'Manuel'),
(46161, 10, 46, 161, 'Marines'),
(46162, 10, 46, 162, 'Massalavés'),
(46163, 10, 46, 163, 'Massalfassar'),
(46164, 10, 46, 164, 'Massamagrell'),
(46165, 10, 46, 165, 'Massanassa'),
(46166, 10, 46, 166, 'Meliana'),
(46167, 10, 46, 167, 'Millares'),
(46168, 10, 46, 168, 'Miramar'),
(46169, 10, 46, 169, 'Mislata'),
(46170, 10, 46, 170, 'Mogente/Moixent'),
(46171, 10, 46, 171, 'Moncada'),
(46172, 10, 46, 172, 'Montserrat'),
(46173, 10, 46, 173, 'Montaverner'),
(46174, 10, 46, 174, 'Montesa'),
(46175, 10, 46, 175, 'Montitxelvo/Montichelvo'),
(46176, 10, 46, 176, 'Montroi/Montroy'),
(46177, 10, 46, 177, 'Museros'),
(46178, 10, 46, 178, 'Nàquera/Náquera'),
(46179, 10, 46, 179, 'Navarrés'),
(46180, 10, 46, 180, 'Novelé/Novetlè'),
(46181, 10, 46, 181, 'Oliva'),
(46182, 10, 46, 182, 'Olocau'),
(46183, 10, 46, 183, 'Olleria, l'''),
(46184, 10, 46, 184, 'Ontinyent'),
(46185, 10, 46, 185, 'Otos'),
(46186, 10, 46, 186, 'Paiporta'),
(46187, 10, 46, 187, 'Palma de Gandía'),
(46188, 10, 46, 188, 'Palmera'),
(46189, 10, 46, 189, 'Palomar, el'),
(46190, 10, 46, 190, 'Paterna'),
(46191, 10, 46, 191, 'Pedralba'),
(46192, 10, 46, 192, 'Petrés'),
(46193, 10, 46, 193, 'Picanya'),
(46194, 10, 46, 194, 'Picassent'),
(46195, 10, 46, 195, 'Piles'),
(46196, 10, 46, 196, 'Pinet'),
(46197, 10, 46, 197, 'Polinyà de Xúquer'),
(46198, 10, 46, 198, 'Potries'),
(46199, 10, 46, 199, 'Pobla de Farnals, la'),
(46200, 10, 46, 200, 'Pobla del Duc, la'),
(46201, 10, 46, 201, 'Puebla de San Miguel'),
(46202, 10, 46, 202, 'Pobla de Vallbona, la'),
(46203, 10, 46, 203, 'Pobla Llarga, la'),
(46204, 10, 46, 204, 'Puig de Santa Maria, el'),
(46205, 10, 46, 205, 'Puçol'),
(46206, 10, 46, 206, 'Quesa'),
(46207, 10, 46, 207, 'Rafelbunyol'),
(46208, 10, 46, 208, 'Rafelcofer'),
(46209, 10, 46, 209, 'Rafelguaraf'),
(46210, 10, 46, 210, 'Ráfol de Salem'),
(46211, 10, 46, 211, 'Real de Gandia, el'),
(46212, 10, 46, 212, 'Real'),
(46213, 10, 46, 213, 'Requena'),
(46214, 10, 46, 214, 'Riba-roja de Túria'),
(46215, 10, 46, 215, 'Riola'),
(46216, 10, 46, 216, 'Rocafort'),
(46217, 10, 46, 217, 'Rotglà i Corberà'),
(46218, 10, 46, 218, 'Rótova'),
(46219, 10, 46, 219, 'Rugat'),
(46220, 10, 46, 220, 'Sagunto/Sagunt'),
(46221, 10, 46, 221, 'Salem'),
(46222, 10, 46, 222, 'Sant Joanet'),
(46223, 10, 46, 223, 'Sedaví'),
(46224, 10, 46, 224, 'Segart'),
(46225, 10, 46, 225, 'Sellent'),
(46226, 10, 46, 226, 'Sempere'),
(46227, 10, 46, 227, 'Senyera'),
(46228, 10, 46, 228, 'Serra'),
(46229, 10, 46, 229, 'Siete Aguas'),
(46230, 10, 46, 230, 'Silla'),
(46231, 10, 46, 231, 'Simat de la Valldigna'),
(46232, 10, 46, 232, 'Sinarcas'),
(46233, 10, 46, 233, 'Sollana'),
(46234, 10, 46, 234, 'Sot de Chera'),
(46235, 10, 46, 235, 'Sueca'),
(46236, 10, 46, 236, 'Sumacàrcer'),
(46237, 10, 46, 237, 'Tavernes Blanques'),
(46238, 10, 46, 238, 'Tavernes de la Valldigna'),
(46239, 10, 46, 239, 'Teresa de Cofrentes'),
(46240, 10, 46, 240, 'Terrateig'),
(46241, 10, 46, 241, 'Titaguas'),
(46242, 10, 46, 242, 'Torrebaja'),
(46243, 10, 46, 243, 'Torrella'),
(46244, 10, 46, 244, 'Torrent'),
(46245, 10, 46, 245, 'Torres Torres'),
(46246, 10, 46, 246, 'Tous'),
(46247, 10, 46, 247, 'Tuéjar'),
(46248, 10, 46, 248, 'Turís'),
(46249, 10, 46, 249, 'Utiel'),
(46250, 10, 46, 250, 'València'),
(46251, 10, 46, 251, 'Vallada'),
(46252, 10, 46, 252, 'Vallanca'),
(46253, 10, 46, 253, 'Vallés'),
(46254, 10, 46, 254, 'Venta del Moro'),
(46255, 10, 46, 255, 'Vilallonga/Villalonga'),
(46256, 10, 46, 256, 'Vilamarxant'),
(46257, 10, 46, 257, 'Villanueva de Castellón'),
(46258, 10, 46, 258, 'Villar del Arzobispo'),
(46259, 10, 46, 259, 'Villargordo del Cabriel'),
(46260, 10, 46, 260, 'Vinalesa'),
(46261, 10, 46, 261, 'Yátova'),
(46262, 10, 46, 262, 'Yesa, La'),
(46263, 10, 46, 263, 'Zarra'),
(46902, 10, 46, 902, 'Gátova'),
(46903, 10, 46, 903, 'San Antonio de Benagéber'),
(46904, 10, 46, 904, 'Benicull de Xúquer'),
(47000, 7, 47, 0, 'Provincia de  Valladolid'),
(47001, 7, 47, 1, 'Adalia'),
(47002, 7, 47, 2, 'Aguasal'),
(47003, 7, 47, 3, 'Aguilar de Campos'),
(47004, 7, 47, 4, 'Alaejos'),
(47005, 7, 47, 5, 'Alcazarén'),
(47006, 7, 47, 6, 'Aldea de San Miguel'),
(47007, 7, 47, 7, 'Aldeamayor de San Martín'),
(47008, 7, 47, 8, 'Almenara de Adaja'),
(47009, 7, 47, 9, 'Amusquillo'),
(47010, 7, 47, 10, 'Arroyo de la Encomienda'),
(47011, 7, 47, 11, 'Ataquines'),
(47012, 7, 47, 12, 'Bahabón'),
(47013, 7, 47, 13, 'Barcial de la Loma'),
(47014, 7, 47, 14, 'Barruelo del Valle'),
(47015, 7, 47, 15, 'Becilla de Valderaduey'),
(47016, 7, 47, 16, 'Benafarces'),
(47017, 7, 47, 17, 'Bercero'),
(47018, 7, 47, 18, 'Berceruelo'),
(47019, 7, 47, 19, 'Berrueces'),
(47020, 7, 47, 20, 'Bobadilla del Campo'),
(47021, 7, 47, 21, 'Bocigas'),
(47022, 7, 47, 22, 'Bocos de Duero'),
(47023, 7, 47, 23, 'Boecillo'),
(47024, 7, 47, 24, 'Bolaños de Campos'),
(47025, 7, 47, 25, 'Brahojos de Medina'),
(47026, 7, 47, 26, 'Bustillo de Chaves'),
(47027, 7, 47, 27, 'Cabezón de Pisuerga'),
(47028, 7, 47, 28, 'Cabezón de Valderaduey'),
(47029, 7, 47, 29, 'Cabreros del Monte'),
(47030, 7, 47, 30, 'Campaspero'),
(47031, 7, 47, 31, 'Campillo, El'),
(47032, 7, 47, 32, 'Camporredondo'),
(47033, 7, 47, 33, 'Canalejas de Peñafiel'),
(47034, 7, 47, 34, 'Canillas de Esgueva'),
(47035, 7, 47, 35, 'Carpio'),
(47036, 7, 47, 36, 'Casasola de Arión'),
(47037, 7, 47, 37, 'Castrejón de Trabancos'),
(47038, 7, 47, 38, 'Castrillo de Duero'),
(47039, 7, 47, 39, 'Castrillo-Tejeriego'),
(47040, 7, 47, 40, 'Castrobol'),
(47041, 7, 47, 41, 'Castrodeza'),
(47042, 7, 47, 42, 'Castromembibre'),
(47043, 7, 47, 43, 'Castromonte'),
(47044, 7, 47, 44, 'Castronuevo de Esgueva'),
(47045, 7, 47, 45, 'Castronuño'),
(47046, 7, 47, 46, 'Castroponce'),
(47047, 7, 47, 47, 'Castroverde de Cerrato'),
(47048, 7, 47, 48, 'Ceinos de Campos'),
(47049, 7, 47, 49, 'Cervillego de la Cruz'),
(47050, 7, 47, 50, 'Cigales'),
(47051, 7, 47, 51, 'Ciguñuela'),
(47052, 7, 47, 52, 'Cistérniga'),
(47053, 7, 47, 53, 'Cogeces de Íscar'),
(47054, 7, 47, 54, 'Cogeces del Monte'),
(47055, 7, 47, 55, 'Corcos'),
(47056, 7, 47, 56, 'Corrales de Duero'),
(47057, 7, 47, 57, 'Cubillas de Santa Marta'),
(47058, 7, 47, 58, 'Cuenca de Campos'),
(47059, 7, 47, 59, 'Curiel de Duero'),
(47060, 7, 47, 60, 'Encinas de Esgueva'),
(47061, 7, 47, 61, 'Esguevillas de Esgueva'),
(47062, 7, 47, 62, 'Fombellida'),
(47063, 7, 47, 63, 'Fompedraza'),
(47064, 7, 47, 64, 'Fontihoyuelo'),
(47065, 7, 47, 65, 'Fresno el Viejo'),
(47066, 7, 47, 66, 'Fuensaldaña'),
(47067, 7, 47, 67, 'Fuente el Sol'),
(47068, 7, 47, 68, 'Fuente-Olmedo'),
(47069, 7, 47, 69, 'Gallegos de Hornija'),
(47070, 7, 47, 70, 'Gatón de Campos'),
(47071, 7, 47, 71, 'Geria'),
(47073, 7, 47, 73, 'Herrín de Campos'),
(47074, 7, 47, 74, 'Hornillos de Eresma'),
(47075, 7, 47, 75, 'Íscar'),
(47076, 7, 47, 76, 'Laguna de Duero'),
(47077, 7, 47, 77, 'Langayo'),
(47078, 7, 47, 78, 'Lomoviejo'),
(47079, 7, 47, 79, 'Llano de Olmedo'),
(47080, 7, 47, 80, 'Manzanillo'),
(47081, 7, 47, 81, 'Marzales'),
(47082, 7, 47, 82, 'Matapozuelos'),
(47083, 7, 47, 83, 'Matilla de los Caños'),
(47084, 7, 47, 84, 'Mayorga'),
(47085, 7, 47, 85, 'Medina del Campo'),
(47086, 7, 47, 86, 'Medina de Rioseco'),
(47087, 7, 47, 87, 'Megeces'),
(47088, 7, 47, 88, 'Melgar de Abajo'),
(47089, 7, 47, 89, 'Melgar de Arriba'),
(47090, 7, 47, 90, 'Mojados'),
(47091, 7, 47, 91, 'Monasterio de Vega'),
(47092, 7, 47, 92, 'Montealegre de Campos'),
(47093, 7, 47, 93, 'Montemayor de Pililla'),
(47094, 7, 47, 94, 'Moral de la Reina'),
(47095, 7, 47, 95, 'Moraleja de las Panaderas'),
(47096, 7, 47, 96, 'Morales de Campos'),
(47097, 7, 47, 97, 'Mota del Marqués'),
(47098, 7, 47, 98, 'Mucientes'),
(47099, 7, 47, 99, 'Mudarra, La'),
(47100, 7, 47, 100, 'Muriel'),
(47101, 7, 47, 101, 'Nava del Rey'),
(47102, 7, 47, 102, 'Nueva Villa de las Torres'),
(47103, 7, 47, 103, 'Olivares de Duero'),
(47104, 7, 47, 104, 'Olmedo'),
(47105, 7, 47, 105, 'Olmos de Esgueva'),
(47106, 7, 47, 106, 'Olmos de Peñafiel'),
(47109, 7, 47, 109, 'Palazuelo de Vedija'),
(47110, 7, 47, 110, 'Parrilla, La'),
(47111, 7, 47, 111, 'Pedraja de Portillo, La'),
(47112, 7, 47, 112, 'Pedrajas de San Esteban'),
(47113, 7, 47, 113, 'Pedrosa del Rey'),
(47114, 7, 47, 114, 'Peñafiel'),
(47115, 7, 47, 115, 'Peñaflor de Hornija'),
(47116, 7, 47, 116, 'Pesquera de Duero'),
(47117, 7, 47, 117, 'Piña de Esgueva'),
(47118, 7, 47, 118, 'Piñel de Abajo'),
(47119, 7, 47, 119, 'Piñel de Arriba'),
(47121, 7, 47, 121, 'Pollos'),
(47122, 7, 47, 122, 'Portillo'),
(47123, 7, 47, 123, 'Pozal de Gallinas'),
(47124, 7, 47, 124, 'Pozaldez'),
(47125, 7, 47, 125, 'Pozuelo de la Orden'),
(47126, 7, 47, 126, 'Puras'),
(47127, 7, 47, 127, 'Quintanilla de Arriba'),
(47128, 7, 47, 128, 'Quintanilla del Molar'),
(47129, 7, 47, 129, 'Quintanilla de Onésimo'),
(47130, 7, 47, 130, 'Quintanilla de Trigueros'),
(47131, 7, 47, 131, 'Rábano'),
(47132, 7, 47, 132, 'Ramiro'),
(47133, 7, 47, 133, 'Renedo de Esgueva'),
(47134, 7, 47, 134, 'Roales de Campos'),
(47135, 7, 47, 135, 'Robladillo'),
(47137, 7, 47, 137, 'Roturas'),
(47138, 7, 47, 138, 'Rubí de Bracamonte'),
(47139, 7, 47, 139, 'Rueda'),
(47140, 7, 47, 140, 'Saelices de Mayorga'),
(47141, 7, 47, 141, 'Salvador de Zapardiel'),
(47142, 7, 47, 142, 'San Cebrián de Mazote'),
(47143, 7, 47, 143, 'San Llorente'),
(47144, 7, 47, 144, 'San Martín de Valvení'),
(47145, 7, 47, 145, 'San Miguel del Arroyo'),
(47146, 7, 47, 146, 'San Miguel del Pino'),
(47147, 7, 47, 147, 'San Pablo de la Moraleja'),
(47148, 7, 47, 148, 'San Pedro de Latarce'),
(47149, 7, 47, 149, 'San Pelayo'),
(47150, 7, 47, 150, 'San Román de Hornija'),
(47151, 7, 47, 151, 'San Salvador'),
(47152, 7, 47, 152, 'Santa Eufemia del Arroyo'),
(47153, 7, 47, 153, 'Santervás de Campos'),
(47154, 7, 47, 154, 'Santibáñez de Valcorba'),
(47155, 7, 47, 155, 'Santovenia de Pisuerga'),
(47156, 7, 47, 156, 'San Vicente del Palacio'),
(47157, 7, 47, 157, 'Sardón de Duero'),
(47158, 7, 47, 158, 'Seca, La'),
(47159, 7, 47, 159, 'Serrada'),
(47160, 7, 47, 160, 'Siete Iglesias de Trabancos'),
(47161, 7, 47, 161, 'Simancas'),
(47162, 7, 47, 162, 'Tamariz de Campos'),
(47163, 7, 47, 163, 'Tiedra'),
(47164, 7, 47, 164, 'Tordehumos'),
(47165, 7, 47, 165, 'Tordesillas'),
(47166, 7, 47, 166, 'Torrecilla de la Abadesa'),
(47167, 7, 47, 167, 'Torrecilla de la Orden'),
(47168, 7, 47, 168, 'Torrecilla de la Torre'),
(47169, 7, 47, 169, 'Torre de Esgueva'),
(47170, 7, 47, 170, 'Torre de Peñafiel'),
(47171, 7, 47, 171, 'Torrelobatón'),
(47172, 7, 47, 172, 'Torrescárcela'),
(47173, 7, 47, 173, 'Traspinedo'),
(47174, 7, 47, 174, 'Trigueros del Valle'),
(47175, 7, 47, 175, 'Tudela de Duero'),
(47176, 7, 47, 176, 'Unión de Campos, La'),
(47177, 7, 47, 177, 'Urones de Castroponce'),
(47178, 7, 47, 178, 'Urueña'),
(47179, 7, 47, 179, 'Valbuena de Duero'),
(47180, 7, 47, 180, 'Valdearcos de la Vega'),
(47181, 7, 47, 181, 'Valdenebro de los Valles'),
(47182, 7, 47, 182, 'Valdestillas'),
(47183, 7, 47, 183, 'Valdunquillo'),
(47184, 7, 47, 184, 'Valoria la Buena'),
(47185, 7, 47, 185, 'Valverde de Campos'),
(47186, 7, 47, 186, 'Valladolid'),
(47187, 7, 47, 187, 'Vega de Ruiponce'),
(47188, 7, 47, 188, 'Vega de Valdetronco'),
(47189, 7, 47, 189, 'Velascálvaro'),
(47190, 7, 47, 190, 'Velilla'),
(47191, 7, 47, 191, 'Velliza'),
(47192, 7, 47, 192, 'Ventosa de la Cuesta'),
(47193, 7, 47, 193, 'Viana de Cega'),
(47194, 7, 47, 194, 'Viloria'),
(47195, 7, 47, 195, 'Villabáñez'),
(47196, 7, 47, 196, 'Villabaruz de Campos'),
(47197, 7, 47, 197, 'Villabrágima'),
(47198, 7, 47, 198, 'Villacarralón'),
(47199, 7, 47, 199, 'Villacid de Campos'),
(47200, 7, 47, 200, 'Villaco'),
(47203, 7, 47, 203, 'Villafrades de Campos'),
(47204, 7, 47, 204, 'Villafranca de Duero'),
(47205, 7, 47, 205, 'Villafrechós'),
(47206, 7, 47, 206, 'Villafuerte'),
(47207, 7, 47, 207, 'Villagarcía de Campos'),
(47208, 7, 47, 208, 'Villagómez la Nueva'),
(47209, 7, 47, 209, 'Villalán de Campos'),
(47210, 7, 47, 210, 'Villalar de los Comuneros'),
(47211, 7, 47, 211, 'Villalba de la Loma'),
(47212, 7, 47, 212, 'Villalba de los Alcores'),
(47213, 7, 47, 213, 'Villalbarba'),
(47214, 7, 47, 214, 'Villalón de Campos'),
(47215, 7, 47, 215, 'Villamuriel de Campos'),
(47216, 7, 47, 216, 'Villán de Tordesillas'),
(47217, 7, 47, 217, 'Villanubla'),
(47218, 7, 47, 218, 'Villanueva de Duero'),
(47219, 7, 47, 219, 'Villanueva de la Condesa'),
(47220, 7, 47, 220, 'Villanueva de los Caballeros'),
(47221, 7, 47, 221, 'Villanueva de los Infantes'),
(47222, 7, 47, 222, 'Villanueva de San Mancio'),
(47223, 7, 47, 223, 'Villardefrades'),
(47224, 7, 47, 224, 'Villarmentero de Esgueva'),
(47225, 7, 47, 225, 'Villasexmir'),
(47226, 7, 47, 226, 'Villavaquerín'),
(47227, 7, 47, 227, 'Villavellid'),
(47228, 7, 47, 228, 'Villaverde de Medina'),
(47229, 7, 47, 229, 'Villavicencio de los Caballeros'),
(47230, 7, 47, 230, 'Wamba'),
(47231, 7, 47, 231, 'Zaratán'),
(47232, 7, 47, 232, 'Zarza, La'),
(48000, 16, 48, 0, 'Provincia de  Bizkaia'),
(48001, 16, 48, 1, 'Abadiño'),
(48002, 16, 48, 2, 'Abanto y Ciérvana-Abanto Zierbena'),
(48003, 16, 48, 3, 'Amorebieta-Etxano'),
(48004, 16, 48, 4, 'Amoroto'),
(48005, 16, 48, 5, 'Arakaldo'),
(48006, 16, 48, 6, 'Arantzazu'),
(48007, 16, 48, 7, 'Munitibar-Arbatzegi Gerrikaitz'),
(48008, 16, 48, 8, 'Artzentales'),
(48009, 16, 48, 9, 'Arrankudiaga'),
(48010, 16, 48, 10, 'Arrieta'),
(48011, 16, 48, 11, 'Arrigorriaga'),
(48012, 16, 48, 12, 'Bakio'),
(48013, 16, 48, 13, 'Barakaldo'),
(48014, 16, 48, 14, 'Barrika'),
(48015, 16, 48, 15, 'Basauri'),
(48016, 16, 48, 16, 'Berango'),
(48017, 16, 48, 17, 'Bermeo'),
(48018, 16, 48, 18, 'Berriatua'),
(48019, 16, 48, 19, 'Berriz'),
(48020, 16, 48, 20, 'Bilbao'),
(48021, 16, 48, 21, 'Busturia'),
(48022, 16, 48, 22, 'Karrantza Harana/Valle de Carranza'),
(48023, 16, 48, 23, 'Artea'),
(48024, 16, 48, 24, 'Zeanuri'),
(48025, 16, 48, 25, 'Zeberio'),
(48026, 16, 48, 26, 'Dima'),
(48027, 16, 48, 27, 'Durango'),
(48028, 16, 48, 28, 'Ea'),
(48029, 16, 48, 29, 'Etxebarri'),
(48030, 16, 48, 30, 'Etxebarria'),
(48031, 16, 48, 31, 'Elantxobe'),
(48032, 16, 48, 32, 'Elorrio'),
(48033, 16, 48, 33, 'Ereño'),
(48034, 16, 48, 34, 'Ermua'),
(48035, 16, 48, 35, 'Fruiz'),
(48036, 16, 48, 36, 'Galdakao'),
(48037, 16, 48, 37, 'Galdames'),
(48038, 16, 48, 38, 'Gamiz-Fika'),
(48039, 16, 48, 39, 'Garai'),
(48040, 16, 48, 40, 'Gatika'),
(48041, 16, 48, 41, 'Gautegiz Arteaga'),
(48042, 16, 48, 42, 'Gordexola'),
(48043, 16, 48, 43, 'Gorliz'),
(48044, 16, 48, 44, 'Getxo'),
(48045, 16, 48, 45, 'Güeñes'),
(48046, 16, 48, 46, 'Gernika-Lumo'),
(48047, 16, 48, 47, 'Gizaburuaga'),
(48048, 16, 48, 48, 'Ibarrangelu'),
(48049, 16, 48, 49, 'Ispaster'),
(48050, 16, 48, 50, 'Izurtza'),
(48051, 16, 48, 51, 'Lanestosa'),
(48052, 16, 48, 52, 'Larrabetzu'),
(48053, 16, 48, 53, 'Laukiz'),
(48054, 16, 48, 54, 'Leioa'),
(48055, 16, 48, 55, 'Lemoa'),
(48056, 16, 48, 56, 'Lemoiz'),
(48057, 16, 48, 57, 'Lekeitio'),
(48058, 16, 48, 58, 'Mallabia'),
(48059, 16, 48, 59, 'Mañaria'),
(48060, 16, 48, 60, 'Markina-Xemein'),
(48061, 16, 48, 61, 'Maruri-Jatabe'),
(48062, 16, 48, 62, 'Mendata'),
(48063, 16, 48, 63, 'Mendexa'),
(48064, 16, 48, 64, 'Meñaka'),
(48065, 16, 48, 65, 'Ugao-Miraballes'),
(48066, 16, 48, 66, 'Morga'),
(48067, 16, 48, 67, 'Muxika'),
(48068, 16, 48, 68, 'Mundaka'),
(48069, 16, 48, 69, 'Mungia'),
(48070, 16, 48, 70, 'Aulesti'),
(48071, 16, 48, 71, 'Muskiz'),
(48072, 16, 48, 72, 'Otxandio'),
(48073, 16, 48, 73, 'Ondarroa'),
(48074, 16, 48, 74, 'Urduña/Orduña'),
(48075, 16, 48, 75, 'Orozko'),
(48076, 16, 48, 76, 'Sukarrieta'),
(48077, 16, 48, 77, 'Plentzia'),
(48078, 16, 48, 78, 'Portugalete'),
(48079, 16, 48, 79, 'Errigoiti'),
(48080, 16, 48, 80, 'Valle de Trápaga-Trapagaran'),
(48081, 16, 48, 81, 'Lezama'),
(48082, 16, 48, 82, 'Santurtzi'),
(48083, 16, 48, 83, 'Ortuella'),
(48084, 16, 48, 84, 'Sestao'),
(48085, 16, 48, 85, 'Sopela'),
(48086, 16, 48, 86, 'Sopuerta'),
(48087, 16, 48, 87, 'Trucios-Turtzioz'),
(48088, 16, 48, 88, 'Ubide'),
(48089, 16, 48, 89, 'Urduliz'),
(48090, 16, 48, 90, 'Balmaseda'),
(48091, 16, 48, 91, 'Atxondo'),
(48092, 16, 48, 92, 'Bedia'),
(48093, 16, 48, 93, 'Areatza'),
(48094, 16, 48, 94, 'Igorre'),
(48095, 16, 48, 95, 'Zaldibar'),
(48096, 16, 48, 96, 'Zalla'),
(48097, 16, 48, 97, 'Zaratamo'),
(48901, 16, 48, 901, 'Derio'),
(48902, 16, 48, 902, 'Erandio'),
(48903, 16, 48, 903, 'Loiu'),
(48904, 16, 48, 904, 'Sondika'),
(48905, 16, 48, 905, 'Zamudio'),
(48906, 16, 48, 906, 'Forua'),
(48907, 16, 48, 907, 'Kortezubi'),
(48908, 16, 48, 908, 'Murueta'),
(48909, 16, 48, 909, 'Nabarniz'),
(48910, 16, 48, 910, 'Iurreta'),
(48911, 16, 48, 911, 'Ajangiz'),
(48912, 16, 48, 912, 'Alonsotegi'),
(48913, 16, 48, 913, 'Zierbena'),
(48914, 16, 48, 914, 'Arratzu'),
(48915, 16, 48, 915, 'Ziortza-Bolibar'),
(49000, 7, 49, 0, 'Provincia de  Zamora'),
(49002, 7, 49, 2, 'Abezames'),
(49003, 7, 49, 3, 'Alcañices'),
(49004, 7, 49, 4, 'Alcubilla de Nogales'),
(49005, 7, 49, 5, 'Alfaraz de Sayago'),
(49006, 7, 49, 6, 'Algodre'),
(49007, 7, 49, 7, 'Almaraz de Duero'),
(49008, 7, 49, 8, 'Almeida de Sayago'),
(49009, 7, 49, 9, 'Andavías'),
(49010, 7, 49, 10, 'Arcenillas'),
(49011, 7, 49, 11, 'Arcos de la Polvorosa'),
(49012, 7, 49, 12, 'Argañín'),
(49013, 7, 49, 13, 'Argujillo'),
(49014, 7, 49, 14, 'Arquillinos'),
(49015, 7, 49, 15, 'Arrabalde'),
(49016, 7, 49, 16, 'Aspariegos'),
(49017, 7, 49, 17, 'Asturianos'),
(49018, 7, 49, 18, 'Ayoó de Vidriales'),
(49019, 7, 49, 19, 'Barcial del Barco'),
(49020, 7, 49, 20, 'Belver de los Montes'),
(49021, 7, 49, 21, 'Benavente'),
(49022, 7, 49, 22, 'Benegiles'),
(49023, 7, 49, 23, 'Bermillo de Sayago'),
(49024, 7, 49, 24, 'Bóveda de Toro, La'),
(49025, 7, 49, 25, 'Bretó'),
(49026, 7, 49, 26, 'Bretocino'),
(49027, 7, 49, 27, 'Brime de Sog'),
(49028, 7, 49, 28, 'Brime de Urz'),
(49029, 7, 49, 29, 'Burganes de Valverde'),
(49030, 7, 49, 30, 'Bustillo del Oro'),
(49031, 7, 49, 31, 'Cabañas de Sayago'),
(49032, 7, 49, 32, 'Calzadilla de Tera'),
(49033, 7, 49, 33, 'Camarzana de Tera'),
(49034, 7, 49, 34, 'Cañizal'),
(49035, 7, 49, 35, 'Cañizo'),
(49036, 7, 49, 36, 'Carbajales de Alba'),
(49037, 7, 49, 37, 'Carbellino'),
(49038, 7, 49, 38, 'Casaseca de Campeán'),
(49039, 7, 49, 39, 'Casaseca de las Chanas'),
(49040, 7, 49, 40, 'Castrillo de la Guareña'),
(49041, 7, 49, 41, 'Castrogonzalo'),
(49042, 7, 49, 42, 'Castronuevo'),
(49043, 7, 49, 43, 'Castroverde de Campos'),
(49044, 7, 49, 44, 'Cazurra'),
(49046, 7, 49, 46, 'Cerecinos de Campos'),
(49047, 7, 49, 47, 'Cerecinos del Carrizal'),
(49048, 7, 49, 48, 'Cernadilla'),
(49050, 7, 49, 50, 'Cobreros'),
(49052, 7, 49, 52, 'Coomonte'),
(49053, 7, 49, 53, 'Coreses'),
(49054, 7, 49, 54, 'Corrales del Vino'),
(49055, 7, 49, 55, 'Cotanes del Monte'),
(49056, 7, 49, 56, 'Cubillos'),
(49057, 7, 49, 57, 'Cubo de Benavente'),
(49058, 7, 49, 58, 'Cubo de Tierra del Vino, El'),
(49059, 7, 49, 59, 'Cuelgamures'),
(49061, 7, 49, 61, 'Entrala'),
(49062, 7, 49, 62, 'Espadañedo'),
(49063, 7, 49, 63, 'Faramontanos de Tábara'),
(49064, 7, 49, 64, 'Fariza'),
(49065, 7, 49, 65, 'Fermoselle'),
(49066, 7, 49, 66, 'Ferreras de Abajo'),
(49067, 7, 49, 67, 'Ferreras de Arriba'),
(49068, 7, 49, 68, 'Ferreruela'),
(49069, 7, 49, 69, 'Figueruela de Arriba'),
(49071, 7, 49, 71, 'Fonfría'),
(49075, 7, 49, 75, 'Fresno de la Polvorosa'),
(49076, 7, 49, 76, 'Fresno de la Ribera'),
(49077, 7, 49, 77, 'Fresno de Sayago'),
(49078, 7, 49, 78, 'Friera de Valverde'),
(49079, 7, 49, 79, 'Fuente Encalada'),
(49080, 7, 49, 80, 'Fuentelapeña'),
(49081, 7, 49, 81, 'Fuentesaúco'),
(49082, 7, 49, 82, 'Fuentes de Ropel'),
(49083, 7, 49, 83, 'Fuentesecas'),
(49084, 7, 49, 84, 'Fuentespreadas'),
(49085, 7, 49, 85, 'Galende'),
(49086, 7, 49, 86, 'Gallegos del Pan'),
(49087, 7, 49, 87, 'Gallegos del Río'),
(49088, 7, 49, 88, 'Gamones'),
(49090, 7, 49, 90, 'Gema'),
(49091, 7, 49, 91, 'Granja de Moreruela'),
(49092, 7, 49, 92, 'Granucillo'),
(49093, 7, 49, 93, 'Guarrate'),
(49094, 7, 49, 94, 'Hermisende'),
(49095, 7, 49, 95, 'Hiniesta, La'),
(49096, 7, 49, 96, 'Jambrina'),
(49097, 7, 49, 97, 'Justel'),
(49098, 7, 49, 98, 'Losacino'),
(49099, 7, 49, 99, 'Losacio'),
(49100, 7, 49, 100, 'Lubián'),
(49101, 7, 49, 101, 'Luelmo'),
(49102, 7, 49, 102, 'Maderal, El'),
(49103, 7, 49, 103, 'Madridanos'),
(49104, 7, 49, 104, 'Mahide'),
(49105, 7, 49, 105, 'Maire de Castroponce'),
(49107, 7, 49, 107, 'Malva'),
(49108, 7, 49, 108, 'Manganeses de la Lampreana'),
(49109, 7, 49, 109, 'Manganeses de la Polvorosa'),
(49110, 7, 49, 110, 'Manzanal de Arriba'),
(49111, 7, 49, 111, 'Manzanal del Barco'),
(49112, 7, 49, 112, 'Manzanal de los Infantes'),
(49113, 7, 49, 113, 'Matilla de Arzón'),
(49114, 7, 49, 114, 'Matilla la Seca'),
(49115, 7, 49, 115, 'Mayalde'),
(49116, 7, 49, 116, 'Melgar de Tera'),
(49117, 7, 49, 117, 'Micereces de Tera'),
(49118, 7, 49, 118, 'Milles de la Polvorosa'),
(49119, 7, 49, 119, 'Molacillos'),
(49120, 7, 49, 120, 'Molezuelas de la Carballeda'),
(49121, 7, 49, 121, 'Mombuey'),
(49122, 7, 49, 122, 'Monfarracinos'),
(49123, 7, 49, 123, 'Montamarta'),
(49124, 7, 49, 124, 'Moral de Sayago'),
(49125, 7, 49, 125, 'Moraleja del Vino'),
(49126, 7, 49, 126, 'Moraleja de Sayago'),
(49127, 7, 49, 127, 'Morales del Vino'),
(49128, 7, 49, 128, 'Morales de Rey'),
(49129, 7, 49, 129, 'Morales de Toro'),
(49130, 7, 49, 130, 'Morales de Valverde'),
(49131, 7, 49, 131, 'Moralina'),
(49132, 7, 49, 132, 'Moreruela de los Infanzones'),
(49133, 7, 49, 133, 'Moreruela de Tábara'),
(49134, 7, 49, 134, 'Muelas de los Caballeros'),
(49135, 7, 49, 135, 'Muelas del Pan'),
(49136, 7, 49, 136, 'Muga de Sayago'),
(49137, 7, 49, 137, 'Navianos de Valverde'),
(49138, 7, 49, 138, 'Olmillos de Castro'),
(49139, 7, 49, 139, 'Otero de Bodas'),
(49141, 7, 49, 141, 'Pajares de la Lampreana'),
(49142, 7, 49, 142, 'Palacios del Pan'),
(49143, 7, 49, 143, 'Palacios de Sanabria'),
(49145, 7, 49, 145, 'Pedralba de la Pradería'),
(49146, 7, 49, 146, 'Pego, El'),
(49147, 7, 49, 147, 'Peleagonzalo'),
(49148, 7, 49, 148, 'Peleas de Abajo'),
(49149, 7, 49, 149, 'Peñausende'),
(49150, 7, 49, 150, 'Peque'),
(49151, 7, 49, 151, 'Perdigón, El'),
(49152, 7, 49, 152, 'Pereruela'),
(49153, 7, 49, 153, 'Perilla de Castro'),
(49154, 7, 49, 154, 'Pías'),
(49155, 7, 49, 155, 'Piedrahita de Castro'),
(49156, 7, 49, 156, 'Pinilla de Toro'),
(49157, 7, 49, 157, 'Pino del Oro'),
(49158, 7, 49, 158, 'Piñero, El'),
(49159, 7, 49, 159, 'Pobladura del Valle'),
(49160, 7, 49, 160, 'Pobladura de Valderaduey'),
(49162, 7, 49, 162, 'Porto'),
(49163, 7, 49, 163, 'Pozoantiguo'),
(49164, 7, 49, 164, 'Pozuelo de Tábara'),
(49165, 7, 49, 165, 'Prado'),
(49166, 7, 49, 166, 'Puebla de Sanabria'),
(49167, 7, 49, 167, 'Pueblica de Valverde'),
(49168, 7, 49, 168, 'Quintanilla del Monte'),
(49169, 7, 49, 169, 'Quintanilla del Olmo'),
(49170, 7, 49, 170, 'Quintanilla de Urz'),
(49171, 7, 49, 171, 'Quiruelas de Vidriales'),
(49172, 7, 49, 172, 'Rabanales'),
(49173, 7, 49, 173, 'Rábano de Aliste'),
(49174, 7, 49, 174, 'Requejo'),
(49175, 7, 49, 175, 'Revellinos'),
(49176, 7, 49, 176, 'Riofrío de Aliste'),
(49177, 7, 49, 177, 'Rionegro del Puente'),
(49178, 7, 49, 178, 'Roales'),
(49179, 7, 49, 179, 'Robleda-Cervantes'),
(49180, 7, 49, 180, 'Roelos de Sayago'),
(49181, 7, 49, 181, 'Rosinos de la Requejada'),
(49183, 7, 49, 183, 'Salce'),
(49184, 7, 49, 184, 'Samir de los Caños'),
(49185, 7, 49, 185, 'San Agustín del Pozo'),
(49186, 7, 49, 186, 'San Cebrián de Castro'),
(49187, 7, 49, 187, 'San Cristóbal de Entreviñas'),
(49188, 7, 49, 188, 'San Esteban del Molar'),
(49189, 7, 49, 189, 'San Justo'),
(49190, 7, 49, 190, 'San Martín de Valderaduey'),
(49191, 7, 49, 191, 'San Miguel de la Ribera'),
(49192, 7, 49, 192, 'San Miguel del Valle'),
(49193, 7, 49, 193, 'San Pedro de Ceque'),
(49194, 7, 49, 194, 'San Pedro de la Nave-Almendra'),
(49197, 7, 49, 197, 'Santa Clara de Avedillo'),
(49199, 7, 49, 199, 'Santa Colomba de las Monjas'),
(49200, 7, 49, 200, 'Santa Cristina de la Polvorosa'),
(49201, 7, 49, 201, 'Santa Croya de Tera'),
(49202, 7, 49, 202, 'Santa Eufemia del Barco'),
(49203, 7, 49, 203, 'Santa María de la Vega'),
(49204, 7, 49, 204, 'Santa María de Valverde'),
(49205, 7, 49, 205, 'Santibáñez de Tera'),
(49206, 7, 49, 206, 'Santibáñez de Vidriales'),
(49207, 7, 49, 207, 'Santovenia'),
(49208, 7, 49, 208, 'San Vicente de la Cabeza'),
(49209, 7, 49, 209, 'San Vitero'),
(49210, 7, 49, 210, 'Sanzoles'),
(49214, 7, 49, 214, 'Tábara'),
(49216, 7, 49, 216, 'Tapioles'),
(49219, 7, 49, 219, 'Toro'),
(49220, 7, 49, 220, 'Torre del Valle, La'),
(49221, 7, 49, 221, 'Torregamones'),
(49222, 7, 49, 222, 'Torres del Carrizal'),
(49223, 7, 49, 223, 'Trabazos'),
(49224, 7, 49, 224, 'Trefacio'),
(49225, 7, 49, 225, 'Uña de Quintana'),
(49226, 7, 49, 226, 'Vadillo de la Guareña'),
(49227, 7, 49, 227, 'Valcabado'),
(49228, 7, 49, 228, 'Valdefinjas'),
(49229, 7, 49, 229, 'Valdescorriel'),
(49230, 7, 49, 230, 'Vallesa de la Guareña'),
(49231, 7, 49, 231, 'Vega de Tera'),
(49232, 7, 49, 232, 'Vega de Villalobos'),
(49233, 7, 49, 233, 'Vegalatrave'),
(49234, 7, 49, 234, 'Venialbo'),
(49235, 7, 49, 235, 'Vezdemarbán'),
(49236, 7, 49, 236, 'Vidayanes'),
(49237, 7, 49, 237, 'Videmala'),
(49238, 7, 49, 238, 'Villabrázaro'),
(49239, 7, 49, 239, 'Villabuena del Puente'),
(49240, 7, 49, 240, 'Villadepera'),
(49241, 7, 49, 241, 'Villaescusa'),
(49242, 7, 49, 242, 'Villafáfila'),
(49243, 7, 49, 243, 'Villaferrueña'),
(49244, 7, 49, 244, 'Villageriz'),
(49245, 7, 49, 245, 'Villalazán'),
(49246, 7, 49, 246, 'Villalba de la Lampreana'),
(49247, 7, 49, 247, 'Villalcampo'),
(49248, 7, 49, 248, 'Villalobos'),
(49249, 7, 49, 249, 'Villalonso'),
(49250, 7, 49, 250, 'Villalpando'),
(49251, 7, 49, 251, 'Villalube'),
(49252, 7, 49, 252, 'Villamayor de Campos'),
(49255, 7, 49, 255, 'Villamor de los Escuderos'),
(49256, 7, 49, 256, 'Villanázar'),
(49257, 7, 49, 257, 'Villanueva de Azoague'),
(49258, 7, 49, 258, 'Villanueva de Campeán'),
(49259, 7, 49, 259, 'Villanueva de las Peras'),
(49260, 7, 49, 260, 'Villanueva del Campo'),
(49261, 7, 49, 261, 'Villaralbo'),
(49262, 7, 49, 262, 'Villardeciervos'),
(49263, 7, 49, 263, 'Villar de Fallaves'),
(49264, 7, 49, 264, 'Villar del Buey'),
(49265, 7, 49, 265, 'Villardiegua de la Ribera'),
(49266, 7, 49, 266, 'Villárdiga'),
(49267, 7, 49, 267, 'Villardondiego'),
(49268, 7, 49, 268, 'Villarrín de Campos'),
(49269, 7, 49, 269, 'Villaseco del Pan'),
(49270, 7, 49, 270, 'Villavendimio'),
(49271, 7, 49, 271, 'Villaveza del Agua'),
(49272, 7, 49, 272, 'Villaveza de Valverde'),
(49273, 7, 49, 273, 'Viñas'),
(49275, 7, 49, 275, 'Zamora'),
(50000, 2, 50, 0, 'Provincia de  Zaragoza'),
(50001, 2, 50, 1, 'Abanto'),
(50002, 2, 50, 2, 'Acered'),
(50003, 2, 50, 3, 'Agón'),
(50004, 2, 50, 4, 'Aguarón'),
(50005, 2, 50, 5, 'Aguilón'),
(50006, 2, 50, 6, 'Ainzón'),
(50007, 2, 50, 7, 'Aladrén'),
(50008, 2, 50, 8, 'Alagón'),
(50009, 2, 50, 9, 'Alarba'),
(50010, 2, 50, 10, 'Alberite de San Juan'),
(50011, 2, 50, 11, 'Albeta'),
(50012, 2, 50, 12, 'Alborge'),
(50013, 2, 50, 13, 'Alcalá de Ebro'),
(50014, 2, 50, 14, 'Alcalá de Moncayo'),
(50015, 2, 50, 15, 'Alconchel de Ariza'),
(50016, 2, 50, 16, 'Aldehuela de Liestos'),
(50017, 2, 50, 17, 'Alfajarín'),
(50018, 2, 50, 18, 'Alfamén'),
(50019, 2, 50, 19, 'Alforque'),
(50020, 2, 50, 20, 'Alhama de Aragón'),
(50021, 2, 50, 21, 'Almochuel'),
(50022, 2, 50, 22, 'Almolda, La'),
(50023, 2, 50, 23, 'Almonacid de la Cuba'),
(50024, 2, 50, 24, 'Almonacid de la Sierra'),
(50025, 2, 50, 25, 'Almunia de Doña Godina, La'),
(50026, 2, 50, 26, 'Alpartir'),
(50027, 2, 50, 27, 'Ambel'),
(50028, 2, 50, 28, 'Anento'),
(50029, 2, 50, 29, 'Aniñón'),
(50030, 2, 50, 30, 'Añón de Moncayo'),
(50031, 2, 50, 31, 'Aranda de Moncayo'),
(50032, 2, 50, 32, 'Arándiga'),
(50033, 2, 50, 33, 'Ardisa'),
(50034, 2, 50, 34, 'Ariza'),
(50035, 2, 50, 35, 'Artieda'),
(50036, 2, 50, 36, 'Asín'),
(50037, 2, 50, 37, 'Atea'),
(50038, 2, 50, 38, 'Ateca'),
(50039, 2, 50, 39, 'Azuara'),
(50040, 2, 50, 40, 'Badules'),
(50041, 2, 50, 41, 'Bagüés'),
(50042, 2, 50, 42, 'Balconchán'),
(50043, 2, 50, 43, 'Bárboles'),
(50044, 2, 50, 44, 'Bardallur'),
(50045, 2, 50, 45, 'Belchite'),
(50046, 2, 50, 46, 'Belmonte de Gracián'),
(50047, 2, 50, 47, 'Berdejo'),
(50048, 2, 50, 48, 'Berrueco'),
(50050, 2, 50, 50, 'Bijuesca'),
(50051, 2, 50, 51, 'Biota'),
(50052, 2, 50, 52, 'Bisimbre'),
(50053, 2, 50, 53, 'Boquiñeni'),
(50054, 2, 50, 54, 'Bordalba'),
(50055, 2, 50, 55, 'Borja'),
(50056, 2, 50, 56, 'Botorrita'),
(50057, 2, 50, 57, 'Brea de Aragón'),
(50058, 2, 50, 58, 'Bubierca'),
(50059, 2, 50, 59, 'Bujaraloz'),
(50060, 2, 50, 60, 'Bulbuente'),
(50061, 2, 50, 61, 'Bureta'),
(50062, 2, 50, 62, 'Burgo de Ebro, El'),
(50063, 2, 50, 63, 'Buste, El'),
(50064, 2, 50, 64, 'Cabañas de Ebro'),
(50065, 2, 50, 65, 'Cabolafuente'),
(50066, 2, 50, 66, 'Cadrete'),
(50067, 2, 50, 67, 'Calatayud'),
(50068, 2, 50, 68, 'Calatorao'),
(50069, 2, 50, 69, 'Calcena'),
(50070, 2, 50, 70, 'Calmarza'),
(50071, 2, 50, 71, 'Campillo de Aragón'),
(50072, 2, 50, 72, 'Carenas'),
(50073, 2, 50, 73, 'Cariñena'),
(50074, 2, 50, 74, 'Caspe'),
(50075, 2, 50, 75, 'Castejón de Alarba'),
(50076, 2, 50, 76, 'Castejón de las Armas'),
(50077, 2, 50, 77, 'Castejón de Valdejasa'),
(50078, 2, 50, 78, 'Castiliscar'),
(50079, 2, 50, 79, 'Cervera de la Cañada'),
(50080, 2, 50, 80, 'Cerveruela'),
(50081, 2, 50, 81, 'Cetina'),
(50082, 2, 50, 82, 'Cimballa'),
(50083, 2, 50, 83, 'Cinco Olivas'),
(50084, 2, 50, 84, 'Clarés de Ribota'),
(50085, 2, 50, 85, 'Codo'),
(50086, 2, 50, 86, 'Codos'),
(50087, 2, 50, 87, 'Contamina'),
(50088, 2, 50, 88, 'Cosuenda'),
(50089, 2, 50, 89, 'Cuarte de Huerva'),
(50090, 2, 50, 90, 'Cubel'),
(50091, 2, 50, 91, 'Cuerlas, Las'),
(50092, 2, 50, 92, 'Chiprana'),
(50093, 2, 50, 93, 'Chodes'),
(50094, 2, 50, 94, 'Daroca'),
(50095, 2, 50, 95, 'Ejea de los Caballeros'),
(50096, 2, 50, 96, 'Embid de Ariza'),
(50098, 2, 50, 98, 'Encinacorba'),
(50099, 2, 50, 99, 'Épila'),
(50100, 2, 50, 100, 'Erla'),
(50101, 2, 50, 101, 'Escatrón'),
(50102, 2, 50, 102, 'Fabara'),
(50104, 2, 50, 104, 'Farlete'),
(50105, 2, 50, 105, 'Fayón'),
(50106, 2, 50, 106, 'Fayos, Los'),
(50107, 2, 50, 107, 'Figueruelas'),
(50108, 2, 50, 108, 'Fombuena'),
(50109, 2, 50, 109, 'Frago, El'),
(50110, 2, 50, 110, 'Frasno, El'),
(50111, 2, 50, 111, 'Fréscano'),
(50113, 2, 50, 113, 'Fuendejalón'),
(50114, 2, 50, 114, 'Fuendetodos'),
(50115, 2, 50, 115, 'Fuentes de Ebro'),
(50116, 2, 50, 116, 'Fuentes de Jiloca'),
(50117, 2, 50, 117, 'Gallocanta'),
(50118, 2, 50, 118, 'Gallur'),
(50119, 2, 50, 119, 'Gelsa'),
(50120, 2, 50, 120, 'Godojos'),
(50121, 2, 50, 121, 'Gotor'),
(50122, 2, 50, 122, 'Grisel'),
(50123, 2, 50, 123, 'Grisén'),
(50124, 2, 50, 124, 'Herrera de los Navarros'),
(50125, 2, 50, 125, 'Ibdes'),
(50126, 2, 50, 126, 'Illueca'),
(50128, 2, 50, 128, 'Isuerre'),
(50129, 2, 50, 129, 'Jaraba'),
(50130, 2, 50, 130, 'Jarque de Moncayo'),
(50131, 2, 50, 131, 'Jaulín'),
(50132, 2, 50, 132, 'Joyosa, La'),
(50133, 2, 50, 133, 'Lagata'),
(50134, 2, 50, 134, 'Langa del Castillo'),
(50135, 2, 50, 135, 'Layana'),
(50136, 2, 50, 136, 'Lécera'),
(50137, 2, 50, 137, 'Leciñena'),
(50138, 2, 50, 138, 'Lechón'),
(50139, 2, 50, 139, 'Letux'),
(50140, 2, 50, 140, 'Litago'),
(50141, 2, 50, 141, 'Lituénigo'),
(50142, 2, 50, 142, 'Lobera de Onsella'),
(50143, 2, 50, 143, 'Longares'),
(50144, 2, 50, 144, 'Longás'),
(50146, 2, 50, 146, 'Lucena de Jalón'),
(50147, 2, 50, 147, 'Luceni'),
(50148, 2, 50, 148, 'Luesia'),
(50149, 2, 50, 149, 'Luesma'),
(50150, 2, 50, 150, 'Lumpiaque'),
(50151, 2, 50, 151, 'Luna'),
(50152, 2, 50, 152, 'Maella'),
(50153, 2, 50, 153, 'Magallón'),
(50154, 2, 50, 154, 'Mainar'),
(50155, 2, 50, 155, 'Malanquilla'),
(50156, 2, 50, 156, 'Maleján'),
(50157, 2, 50, 157, 'Malón'),
(50159, 2, 50, 159, 'Maluenda'),
(50160, 2, 50, 160, 'Mallén'),
(50161, 2, 50, 161, 'Manchones'),
(50162, 2, 50, 162, 'Mara'),
(50163, 2, 50, 163, 'María de Huerva'),
(50164, 2, 50, 164, 'Mediana de Aragón'),
(50165, 2, 50, 165, 'Mequinenza'),
(50166, 2, 50, 166, 'Mesones de Isuela'),
(50167, 2, 50, 167, 'Mezalocha'),
(50168, 2, 50, 168, 'Mianos'),
(50169, 2, 50, 169, 'Miedes de Aragón'),
(50170, 2, 50, 170, 'Monegrillo'),
(50171, 2, 50, 171, 'Moneva'),
(50172, 2, 50, 172, 'Monreal de Ariza'),
(50173, 2, 50, 173, 'Monterde'),
(50174, 2, 50, 174, 'Montón'),
(50175, 2, 50, 175, 'Morata de Jalón'),
(50176, 2, 50, 176, 'Morata de Jiloca'),
(50177, 2, 50, 177, 'Morés'),
(50178, 2, 50, 178, 'Moros'),
(50179, 2, 50, 179, 'Moyuela'),
(50180, 2, 50, 180, 'Mozota'),
(50181, 2, 50, 181, 'Muel'),
(50182, 2, 50, 182, 'Muela, La'),
(50183, 2, 50, 183, 'Munébrega'),
(50184, 2, 50, 184, 'Murero'),
(50185, 2, 50, 185, 'Murillo de Gállego'),
(50186, 2, 50, 186, 'Navardún'),
(50187, 2, 50, 187, 'Nigüella'),
(50188, 2, 50, 188, 'Nombrevilla'),
(50189, 2, 50, 189, 'Nonaspe'),
(50190, 2, 50, 190, 'Novallas'),
(50191, 2, 50, 191, 'Novillas'),
(50192, 2, 50, 192, 'Nuévalos'),
(50193, 2, 50, 193, 'Nuez de Ebro'),
(50194, 2, 50, 194, 'Olvés'),
(50195, 2, 50, 195, 'Orcajo'),
(50196, 2, 50, 196, 'Orera'),
(50197, 2, 50, 197, 'Orés'),
(50198, 2, 50, 198, 'Oseja'),
(50199, 2, 50, 199, 'Osera de Ebro'),
(50200, 2, 50, 200, 'Paniza'),
(50201, 2, 50, 201, 'Paracuellos de Jiloca'),
(50202, 2, 50, 202, 'Paracuellos de la Ribera'),
(50203, 2, 50, 203, 'Pastriz'),
(50204, 2, 50, 204, 'Pedrola'),
(50205, 2, 50, 205, 'Pedrosas, Las'),
(50206, 2, 50, 206, 'Perdiguera'),
(50207, 2, 50, 207, 'Piedratajada'),
(50208, 2, 50, 208, 'Pina de Ebro'),
(50209, 2, 50, 209, 'Pinseque'),
(50210, 2, 50, 210, 'Pintanos, Los'),
(50211, 2, 50, 211, 'Plasencia de Jalón'),
(50212, 2, 50, 212, 'Pleitas'),
(50213, 2, 50, 213, 'Plenas'),
(50214, 2, 50, 214, 'Pomer'),
(50215, 2, 50, 215, 'Pozuel de Ariza'),
(50216, 2, 50, 216, 'Pozuelo de Aragón'),
(50217, 2, 50, 217, 'Pradilla de Ebro'),
(50218, 2, 50, 218, 'Puebla de Albortón'),
(50219, 2, 50, 219, 'Puebla de Alfindén, La'),
(50220, 2, 50, 220, 'Puendeluna'),
(50221, 2, 50, 221, 'Purujosa'),
(50222, 2, 50, 222, 'Quinto'),
(50223, 2, 50, 223, 'Remolinos'),
(50224, 2, 50, 224, 'Retascón'),
(50225, 2, 50, 225, 'Ricla'),
(50227, 2, 50, 227, 'Romanos'),
(50228, 2, 50, 228, 'Rueda de Jalón'),
(50229, 2, 50, 229, 'Ruesca'),
(50230, 2, 50, 230, 'Sádaba'),
(50231, 2, 50, 231, 'Salillas de Jalón'),
(50232, 2, 50, 232, 'Salvatierra de Esca'),
(50233, 2, 50, 233, 'Samper del Salz'),
(50234, 2, 50, 234, 'San Martín de la Virgen de Moncayo'),
(50235, 2, 50, 235, 'San Mateo de Gállego'),
(50236, 2, 50, 236, 'Santa Cruz de Grío'),
(50237, 2, 50, 237, 'Santa Cruz de Moncayo'),
(50238, 2, 50, 238, 'Santa Eulalia de Gállego'),
(50239, 2, 50, 239, 'Santed'),
(50240, 2, 50, 240, 'Sástago'),
(50241, 2, 50, 241, 'Sabiñán'),
(50242, 2, 50, 242, 'Sediles'),
(50243, 2, 50, 243, 'Sestrica'),
(50244, 2, 50, 244, 'Sierra de Luna'),
(50245, 2, 50, 245, 'Sigüés'),
(50246, 2, 50, 246, 'Sisamón'),
(50247, 2, 50, 247, 'Sobradiel'),
(50248, 2, 50, 248, 'Sos del Rey Católico'),
(50249, 2, 50, 249, 'Tabuenca'),
(50250, 2, 50, 250, 'Talamantes'),
(50251, 2, 50, 251, 'Tarazona'),
(50252, 2, 50, 252, 'Tauste'),
(50253, 2, 50, 253, 'Terrer'),
(50254, 2, 50, 254, 'Tierga'),
(50255, 2, 50, 255, 'Tobed'),
(50256, 2, 50, 256, 'Torralba de los Frailes'),
(50257, 2, 50, 257, 'Torralba de Ribota'),
(50258, 2, 50, 258, 'Torralbilla'),
(50259, 2, 50, 259, 'Torrehermosa'),
(50260, 2, 50, 260, 'Torrelapaja'),
(50261, 2, 50, 261, 'Torrellas'),
(50262, 2, 50, 262, 'Torres de Berrellén'),
(50263, 2, 50, 263, 'Torrijo de la Cañada'),
(50264, 2, 50, 264, 'Tosos'),
(50265, 2, 50, 265, 'Trasmoz'),
(50266, 2, 50, 266, 'Trasobares'),
(50267, 2, 50, 267, 'Uncastillo'),
(50268, 2, 50, 268, 'Undués de Lerda'),
(50269, 2, 50, 269, 'Urrea de Jalón'),
(50270, 2, 50, 270, 'Urriés'),
(50271, 2, 50, 271, 'Used'),
(50272, 2, 50, 272, 'Utebo'),
(50273, 2, 50, 273, 'Valdehorna'),
(50274, 2, 50, 274, 'Val de San Martín'),
(50275, 2, 50, 275, 'Valmadrid'),
(50276, 2, 50, 276, 'Valpalmas'),
(50277, 2, 50, 277, 'Valtorres'),
(50278, 2, 50, 278, 'Velilla de Ebro'),
(50279, 2, 50, 279, 'Velilla de Jiloca'),
(50280, 2, 50, 280, 'Vera de Moncayo'),
(50281, 2, 50, 281, 'Vierlas'),
(50282, 2, 50, 282, 'Vilueña, La'),
(50283, 2, 50, 283, 'Villadoz'),
(50284, 2, 50, 284, 'Villafeliche'),
(50285, 2, 50, 285, 'Villafranca de Ebro'),
(50286, 2, 50, 286, 'Villalba de Perejil'),
(50287, 2, 50, 287, 'Villalengua'),
(50288, 2, 50, 288, 'Villanueva de Gállego'),
(50289, 2, 50, 289, 'Villanueva de Jiloca'),
(50290, 2, 50, 290, 'Villanueva de Huerva'),
(50291, 2, 50, 291, 'Villar de los Navarros'),
(50292, 2, 50, 292, 'Villarreal de Huerva'),
(50293, 2, 50, 293, 'Villarroya de la Sierra'),
(50294, 2, 50, 294, 'Villarroya del Campo'),
(50295, 2, 50, 295, 'Vistabella'),
(50296, 2, 50, 296, 'Zaida, La'),
(50297, 2, 50, 297, 'Zaragoza'),
(50298, 2, 50, 298, 'Zuera'),
(50901, 2, 50, 901, 'Biel'),
(50902, 2, 50, 902, 'Marracos'),
(50903, 2, 50, 903, 'Villamayor de Gállego'),
(51000, 18, 51, 0, 'Provincia de  Ceuta'),
(51001, 18, 51, 1, 'Ceuta'),
(52000, 19, 52, 0, 'Provincia de  Melilla'),
(52001, 19, 52, 1, 'Melilla');

-- --------------------------------------------------------

--
-- Estructura de tabla para la tabla `nivel_educativo`
--

CREATE TABLE IF NOT EXISTS `nivel_educativo` (
  `id` int(11) NOT NULL,
  `descripcion` varchar(512) NOT NULL,
  PRIMARY KEY (`id`)
) ENGINE=InnoDB DEFAULT CHARSET=latin1;

--
-- Volcado de datos para la tabla `nivel_educativo`
--

INSERT INTO `nivel_educativo` (`id`, `descripcion`) VALUES
(0, 'No aplicable por ser menor de 16 años'),
(10, 'NO SABE LEER NI ESCRIBIR'),
(11, 'No sabe leer ni escribir'),
(20, 'TITULACIÓN INFERIOR A GRADUADO ESCOLAR'),
(21, 'Sin Estudios'),
(22, 'Enseñanza Primaria incompleta. Cinco cursos de EGB o equivalente o Certificado de Escolaridad o equivalente'),
(30, 'GRADUADO ESCOLAR O EQUIVALENTE'),
(31, 'Bachiller Elemental. Graduado Escolar. EGB completa. Primaria completa. ESO. Formación Profesional Básica.'),
(32, 'Formación Profesional de Primer Grado. Formación Profesional de Grado Medio.Oficialía Industrial'),
(40, 'BACHILLER, FORMACIÓN PROFESIONAL DE SEGUNDO GRADO O TITULOS EQUIVALENTES O SUPERIORES'),
(41, 'Formación Profesional de Segundo Grado. Formación profesional de Grado Superior. Maestría Industrial.'),
(42, 'Bachiller Superior. BUP. Bachiller LOGSE.'),
(43, 'Otras titulaciones medias (Auxiliar de Clínica, Secretariado, Programador de informática. Auxiliar de vuelo. Diplomados en Artes y Oficios, etc..),'),
(44, 'Diplomados en Escuelas Universitarias (Empresariales, Profesorado de EGB, ATS y similares),.'),
(45, 'Arquitecto o Ingeniero Técnico.'),
(46, 'Licenciado Universitario. Arquitecto o Ingeniero Superior. Grado universitario'),
(47, 'Titulados de Estudios Superiores no Universitarios.'),
(48, 'Doctorado y Estudios de postgrado o especialización para Licenciados. Máster Universitario'),
(99, 'Desconocido');

-- --------------------------------------------------------

--
-- Estructura de tabla para la tabla `pais`
--

CREATE TABLE IF NOT EXISTS `pais` (
  `id` varchar(3) NOT NULL,
  `nombre` varchar(256) NOT NULL,
  `lista_paises` varchar(1024) NOT NULL,
  PRIMARY KEY (`id`)
) ENGINE=InnoDB DEFAULT CHARSET=latin1;

--
-- Volcado de datos para la tabla `pais`
--

INSERT INTO `pais` (`id`, `nombre`, `lista_paises`) VALUES
('N00', 'España', 'España'),
('N01', 'Alemania', 'Alemania'),
('N03', 'Argentina', 'Argentina'),
('N04', 'Bulgaria', 'Bulgaria'),
('N05', 'China', 'incluye Hong Kong y Macao'),
('N06', 'Colombia', 'Colombia'),
('N07', 'Cuba', 'Cuba'),
('N08', 'Dominicana (República)', 'Dominicana (República)'),
('N09', 'Ecuador', 'Ecuador'),
('N10', 'Francia', 'incluye Mayotte, Guadalupe, Martinica, Reunión, S.Pedro y Miquelón, Wallis y Futuna,Francia Metropolitana, Guayana Francesa, Polinesia Francesa, T.Austr. Francesas, Nueva Caledonia.'),
('N11', 'Italia', 'Italia'),
('N12', 'Marruecos', 'Marruecos'),
('N13', 'Perú', 'Perú'),
('N14', 'Polonia', 'Polonia'),
('N15', 'Portugal', 'Portugal'),
('N16', 'Reino Unido', 'incluye Bermudas, Oc. Indico (T.Brt.), I.Vir.Británicas, I. Caimanes, Malvinas, Georgia S. E I.San., Gibraltar, Montserrat, Pitcairn, Santa Helena, Anguila, Turks Y Caico, I. Del Canal, I.deMan.'),
('N17', 'Rumanía', 'Rumanía'),
('N18', 'Ucrania', 'Ucrania'),
('N19', 'Resto UE15', 'incluye Austria, Bélgica, Dinamarca con Islas Feroe y Groenlandia, Finlandia, Grecia, Irlanda, Luxemburgo, Países Bajos con Antillas Neerlandesas y Aruba, Suecia.'),
('N20', 'Resto UE Nuevos Socios', 'incluye Chipre, Republica Checa, Estonia, Hungría, Letonia, Lituania, Malta, Eslovaquia, Eslovenia.'),
('N21', 'Resto de Países Europeos', 'incluye Albania, Andorra, Azerbaiyán, Armenia, Bosnia-Herzegovina, I. Bouvet, Bielorrusia, Croacia, Georgia, Vaticano, Islandia, Israel, Kazakstán, Kirghizistán, Liechtenstein, Mónaco, Moldavia, Montenegro, Noruega, Rusia, San Marino, Serbia, I. Svalbard,Suiza, Tadjikistán, Turquía, Turquestán, Uzbekistán, T.ant.R.Yug.de Macedonia, otros territorios de la antigua Yugoslavia, Territorios Palestinos.'),
('N22', 'Resto de países de Centro y Sudamérica', 'incluye Antártida, Antigua y Barbuda, Bahamas, Barbados, Belice, Chile, Costa Rica, Dominica, El Salvador, Granada, Guatemala, Guayana, Haití, Honduras, Jamaica, Méjico, Nicaragua, Panamá, Paraguay, Puerto Rico, S.Crist. y Nieves, Santa Lucia, San Vicente y Gran., Surinam, Trinidad y Tobago, Uruguay, Venezuela.'),
('N23', 'Resto de Países Africanos', 'incluye Angola, Argelia, Botswana, Burundi, Camerún, Cabo Verde, R. Centroáfrica, Chad, Comores, Congo, Zaire, Benín, Guinea Ecuatorial, Etiopía, Eritrea, Djibuti, Gabón, Gambia, Ghana, Guinea, Costa De Marfil, Kenia, Lesotho, Liberia, Libia, Madagascar, Malawi, Mali, Mauritania, Mauricio, Mozambique, Namibia, Níger, Nigeria, Guinea Bissau, Ruanda, Sto.Tomás y Príncipe, Senegal, Seychelles, Sierra Leona, Somalia, África del Sur, Zimbabwe, Sahara Occidental, Sudán, Swazilandia, Togo, Túnez, Uganda, Egipto, Tanzania, Burkina Faso, Zambia.'),
('N24', 'Resto de países de Asia y Pacífico', 'incluye Afganistán, Australia, Bahréin, Bangladesh, Bután, I.Salomón, Brunei, Myanmar, Camboya, Sri Lanka, Taiwán, I.Christmas, I.Cocos, I.Cook, Fidji, Kiribati, Uam, I.Heard y Mc Donald, India, Indonesia, Irán, Iraq, Japón, Jordania, Corea (Rep.Dem.), Corea (República), Kuwait, Laos, Libano, Malasia, I. Maldivas, Mongolia, Omán, Nauru, Nepal, Vanuatu, Nueva Zelanda, Niue, I.Norfolk, Micronesia, I.Marshall, Palau, Pakistán, Papúa-Nueva Guinea, Filipinas, Timor Oriental, Qatar, Arabia Saudí, Singapur, Vietnam, Siria, Tailandia, Tokelau, Tonga, Emiratos Árabes U., Tuvalu, Samoa, Yemen.'),
('N25', 'Otros países y territorios', 'Incluye Estados Unidos, Canadá, Samoa Americana, Marianas Del Norte, I. Menores, Vírgenes.'),
('N26', 'Bolivia', 'Bolivia'),
('N27', 'Brasil', 'Brasil'),
('N99', 'No consta', 'incluye apátridas y país desconocido.');

-- --------------------------------------------------------

--
-- Estructura de tabla para la tabla `provincia`
--

CREATE TABLE IF NOT EXISTS `provincia` (
  `id` int(11) NOT NULL,
  `nombre` varchar(32) NOT NULL,
  `id_comunidad_autonoma` int(11) NOT NULL,
  PRIMARY KEY (`id`),
  KEY `id_comunidad_autonoma` (`id_comunidad_autonoma`)
) ENGINE=InnoDB DEFAULT CHARSET=latin1;

--
-- Volcado de datos para la tabla `provincia`
--

INSERT INTO `provincia` (`id`, `nombre`, `id_comunidad_autonoma`) VALUES
(1, 'Araba/Álava', 16),
(2, 'Albacete ', 8),
(3, 'Alicante/Alacant', 10),
(4, 'Almería', 1),
(5, 'Ávila', 7),
(6, 'Badajoz', 11),
(7, 'Illes Balears', 4),
(8, 'Barcelona', 9),
(9, 'Burgos', 7),
(10, 'Cáceres', 11),
(11, 'Cádiz', 1),
(12, 'Castellón/Castelló', 10),
(13, 'Ciudad Real', 8),
(14, 'Córdoba', 1),
(15, 'A Coruña', 12),
(16, 'Cuenca', 8),
(17, 'Girona', 9),
(18, 'Granada', 1),
(19, 'Guadalajara', 8),
(20, 'Gipuzkoa', 16),
(21, 'Huelva', 1),
(22, 'Huesca', 2),
(23, 'Jaén', 1),
(24, 'León', 7),
(25, 'Lleida', 9),
(26, 'La Rioja', 17),
(27, 'Lugo', 12),
(28, 'Madrid', 13),
(29, 'Málaga', 1),
(30, 'Murcia', 14),
(31, 'Navarra', 15),
(32, 'Ourense', 12),
(33, 'Asturias', 3),
(34, 'Palencia', 7),
(35, 'Las Palmas', 5),
(36, 'Pontevedra', 12),
(37, 'Salamanca', 7),
(38, 'Santa Cruz de Tenerife', 5),
(39, 'Cantabria', 6),
(40, 'Segovia', 7),
(41, 'Sevilla', 1),
(42, 'Soria', 7),
(43, 'Tarragona', 9),
(44, 'Teruel', 2),
(45, 'Toledo', 8),
(46, 'Valencia/Valéncia', 10),
(47, 'Valladolid', 7),
(48, 'Bizkaia', 16),
(49, 'Zamora', 7),
(50, 'Zaragoza', 2),
(51, 'Ceuta', 18),
(52, 'Melilla', 19),
(53, 'Ferrol (R.E.Mar; antiguo),', 99),
(56, 'Vilagarcia de Arousa (R.E.Mar),', 99),
(66, 'No residente en España', 66),
(99, 'Servicios Centrales', 99);

-- --------------------------------------------------------

--
-- Estructura de tabla para la tabla `regimen_cotizacion`
--

CREATE TABLE IF NOT EXISTS `regimen_cotizacion` (
  `id` int(11) NOT NULL,
  `baja` tinyint(1) NOT NULL,
  `descripcion` varchar(256) NOT NULL,
  `tipo` int(11) NOT NULL,
  PRIMARY KEY (`id`),
  KEY `tipo` (`tipo`)
) ENGINE=InnoDB DEFAULT CHARSET=latin1;

--
-- Volcado de datos para la tabla `regimen_cotizacion`
--

INSERT INTO `regimen_cotizacion` (`id`, `baja`, `descripcion`, `tipo`) VALUES
(111, 0, 'REGIMEN GENERAL', 1),
(112, 0, 'REGIMEN GENERAL (ARTISTAS)', 1),
(113, 0, 'REGIMEN GENERAL (DE UN REGIMEN EXTINGUIDO)', 1),
(114, 0, 'REGIMEN GENERAL (DE UN REGIMEN EXTINGUIDO)', 1),
(115, 1, 'REGIMEN GENERAL (FERROVIARIOS)', 1),
(121, 0, 'REGIMEN GENERAL (REPRESENTANTES COMERCIO)', 1),
(131, 0, 'REGIMEN GENERAL (SISTEMA ESPECIAL COTIZACION)', 1),
(132, 0, 'REGIMEN GENERAL (SISTEMA ESPECIAL COTIZACION)', 1),
(133, 1, 'REGIMEN GENERAL (SISTEMA ESPECIAL COTIZACION)', 1),
(134, 0, 'REGIMEN GENERAL (SISTEMA ESPECIAL COTIZACION)', 1),
(135, 0, 'REGIMEN GENERAL (SISTEMA ESPECIAL COTIZACION)', 1),
(136, 0, 'REGIMEN GENERAL (SISTEMA ESPECIAL COTIZACION)', 1),
(137, 0, 'REGIMEN GENERAL (SISTEMA ESPECIAL COTIZACION)', 1),
(138, 0, 'REGIMEN GENERAL (S.E.C. EMPLEADOS HOGAR)', 1),
(140, 0, 'REGIMEN GENERAL (CONVENIO ESPECIAL)', 1),
(150, 0, 'REGIMEN GENERAL (SITUACION ESPECIAL)', 1),
(151, 0, 'CUENTA CONVENCIONAL', 1),
(152, 0, 'CUENTA CONVENCIONAL', 1),
(160, 0, 'CUENTA CONVENCIONAL', 1),
(161, 0, 'REGIMEN GENERAL (S.E.C. AGRARIO INACTIVIDAD)', 1),
(163, 0, 'REGIMEN GENERAL (S.E.C. AGRARIO CCC ACTIVIDAD)', 1),
(170, 0, 'CUENTA CONVENCIONAL', 1),
(180, 0, 'CUENTA CONVENCIONAL', 1),
(521, 0, 'R.E. AUTONOMOS', 2),
(522, 1, 'R.E. AUTONOMOS (DE UN REGIMEN EXTINGUIDO)', 2),
(531, 0, 'R.E. AUTONOMOS (PREST. CESE DE ACTIVIDAD)', 2),
(540, 0, 'R.E. AUTONOMOS (CONVENIO ESPECIAL)', 2),
(611, 0, 'R.E. AGRARIO CUENTA AJENA', 3),
(612, 1, 'R.E. AGRARIO CUENTA AJENA (J.REALES)', 3),
(613, 1, 'R.E. AGRARIO CUENTA AJENA (COTIZ.DE EMPRESAS)', 3),
(640, 1, 'R.E. AGRARIO CUENTA AJENA (CONVENIO ESPECIAL)', 3),
(650, 1, 'R.E. AGRARIO CUENTA AJENA (SITUACIÓN ESPECIAL)', 3),
(721, 1, 'R.E. AGRARIO CUENTA PROPIA', 3),
(722, 1, 'R.E. AGRARIO CUENTA PROPIA (JORNADAS TEORICAS)', 3),
(723, 1, 'R.E. AGRARIO CUENTA PROPIA (COBERTURA A.T.S.S.)', 3),
(740, 1, 'R.E. AGRARIO CUENTA PROPIA (CONVENIO ESPECIAL)', 3),
(800, 1, 'R.E. MAR (CTA.CONVENCIONAL COTIZ.EN DESEMPLEO)', 3),
(811, 0, 'R.E. MAR (C.AJENA GRUPO 1)', 3),
(812, 0, 'R.E. MAR (C.AJENA GRUPO 2A)', 3),
(813, 0, 'R.E. MAR (C.AJENA GRUPO 2B)', 3),
(814, 0, 'R.E. MAR (C.AJENA GRUPO 3)', 3),
(821, 0, 'R.E. MAR (ASIMILADOS C. AJENA GRUPO 1)', 3),
(822, 0, 'R.E. MAR (ASIMILADOS C.AJENA GRUPO 2A)', 3),
(823, 0, 'R.E. MAR (ASIMILADOS C.AJENA GRUPO 2B)', 3),
(825, 0, 'R.E. MAR (AUTONOMOS)', 3),
(831, 0, 'R.E. MAR (AUTONOMOS PREST. CESE DE ACTIVIDAD)', 3),
(840, 0, 'R.E. MAR (CONVENIO ESPECIAL)', 3),
(850, 0, 'R.E. MAR (C.AJENA SITUACIÓN ESPECIAL)', 3),
(899, 0, 'R.E. MAR (CTA.CONVENCIONAL COTIZ.EN DESEMPLEO)', 3),
(911, 0, 'R.E. MINERIA CARBON', 3),
(940, 0, 'R.E. MINERIA CARBON (CONVENIO ESPECIAL)', 3),
(950, 0, 'R.E. MINERIA CARBON (SITUACIÓN ESPECIAL)', 3),
(1200, 1, 'R.E. EMPLEADOS HOGAR', 3),
(1211, 1, 'R.E. EMPLEADOS HOGAR (FIJOS)', 3),
(1221, 1, 'R.E. EMPLEADOS HOGAR (DISCONTINUOS)', 3),
(1240, 1, 'R.E. EMPLEADOS HOGAR (CONVENIO ESPECIAL)', 3),
(1250, 1, 'R.E. EMPLEADOS HOGAR (FIJOS SIT.ESPECIAL)', 3),
(1911, 0, 'seguro escolar', 3),
(2300, 1, 'Deuda', 2),
(3011, 0, 'asistencia sanitaria concertada', 3);

-- --------------------------------------------------------

--
-- Estructura de tabla para la tabla `regimen_pension`
--

CREATE TABLE IF NOT EXISTS `regimen_pension` (
  `id` int(11) NOT NULL,
  `descripcion` varchar(64) NOT NULL,
  PRIMARY KEY (`id`)
) ENGINE=InnoDB DEFAULT CHARSET=latin1;

--
-- Volcado de datos para la tabla `regimen_pension`
--

INSERT INTO `regimen_pension` (`id`, `descripcion`) VALUES
(1, 'REGIMEN GENERAL'),
(5, 'R.ESPECIAL DE TRABAJADORES AUTONOMOS'),
(6, 'R.E. AGRARIO (TRAB.CUENTA AJENA) '),
(7, 'R.E. AGRARIO (TRAB.CUENTA PROPIA) '),
(8, 'R.E.DE TRABAJADORES DEL MAR'),
(9, 'R.E. MINERIA DEL CARBÓN'),
(12, 'R.E.DE EMPLEADOS DEL HOGAR'),
(31, 'AYUDA ACCION SOCIAL '),
(32, 'COMPLEMENTO DE ACCION SOCIAL '),
(35, 'COMPLEMENTO DE ACCION SOCIAL I.S.M '),
(36, 'ACCIDENTES DE TRABAJO'),
(37, 'ENFERMEDAD PROFESIONAL'),
(38, 'MUTUALIDAD DE FUNCIONARIOS '),
(39, 'MUTUALIDAD DE FUNCIONARIOS DEL 70 '),
(68, 'FONDO DE LA MUTUALIDAD DE PREVISIÓN '),
(75, 'RÉGIMEN GENERAL');

-- --------------------------------------------------------

--
-- Estructura de tabla para la tabla `sexo`
--

CREATE TABLE IF NOT EXISTS `sexo` (
  `id` int(11) NOT NULL,
  `descripcion` varchar(32) NOT NULL,
  PRIMARY KEY (`id`)
) ENGINE=InnoDB DEFAULT CHARSET=latin1;

--
-- Volcado de datos para la tabla `sexo`
--

INSERT INTO `sexo` (`id`, `descripcion`) VALUES
(1, 'varón'),
(2, 'mujer');

-- --------------------------------------------------------

--
-- Estructura de tabla para la tabla `situacion_jubilacion`
--

CREATE TABLE IF NOT EXISTS `situacion_jubilacion` (
  `id` int(11) NOT NULL,
  `descripcion` varchar(64) NOT NULL,
  PRIMARY KEY (`id`)
) ENGINE=InnoDB DEFAULT CHARSET=latin1;

--
-- Volcado de datos para la tabla `situacion_jubilacion`
--

INSERT INTO `situacion_jubilacion` (`id`, `descripcion`) VALUES
(0, 'OTRAS SITUACIONES Y PENSIONES DISTINTAS DE JUBILACIÓN'),
(1, 'ANTICIPADA DE MUTUALISTA'),
(2, 'ANTICIPADA NO VOLUNTARIA MUTUALISTA HASTA 2001'),
(3, 'ANTICIPADA NO VOLUNTARIA MUTUALISTA DESDE 2002'),
(4, 'ANTICIPADA NO VOLUNTARIA NO MUTUALISTA'),
(5, 'JUBILACIÓN FLEXIBLE'),
(6, 'JUBILACIÓN PARCIAL'),
(7, 'ANTICIPADA MUTUALISTA OTRO REGIMEN'),
(8, 'ANTICIPADA NO VOLUNT.MUTUALISTA OTRO RÉGIMEN DESDE 2002'),
(9, 'ANTICIPADA POR ACUERDO COLECTIVO'),
(10, 'ANTICIPADA MUTUALISTA SECTOR TEXTIL'),
(11, 'ANTICIPADA NO VOLUNTARIA NO MUTUALISTA DESDE 2008'),
(12, 'ANTICIPADA NO VOLUNTARIA MUTUALISTA DESDE 2008'),
(13, 'ANTICIPADA ACUERDO COLECTIVO LEY 2008'),
(14, 'ANTICIPADA NO VOL.MUTUALISTA OTRO RÉGIMEN DESDE 2008'),
(15, 'JUBILACIÓN DEMORADA VOLUNTARIAMENTE'),
(16, 'JUBILACIÓN DEMORADA PROCEDENTE DE JUB.PARCIAL'),
(17, 'ANTICIPADA DISCAPACIDAD >=45% (RD 1851/2009)'),
(18, 'ANTICIPADA NO VOLUNTARIA LEY 27/2011'),
(19, 'ANTICIPADA VOLUNTARIA LEY 27/2011'),
(20, 'JUB.ORDINARIA DE MUTUALISTA LEY 27/2011'),
(21, 'JUB.ANTICIPADA VOLUNTARIA (R.G. SISTEMAS ESPECIALES)'),
(95, 'INCAPACIDAD FLEXIBLE');

-- --------------------------------------------------------

--
-- Estructura de tabla para la tabla `situacion_prestacion`
--

CREATE TABLE IF NOT EXISTS `situacion_prestacion` (
  `id` int(11) NOT NULL,
  `descripcion` varchar(64) NOT NULL,
  PRIMARY KEY (`id`)
) ENGINE=InnoDB DEFAULT CHARSET=latin1;

--
-- Volcado de datos para la tabla `situacion_prestacion`
--

INSERT INTO `situacion_prestacion` (`id`, `descripcion`) VALUES
(0, 'PRESTACION EN ALTA'),
(2, 'PRESTACION EN ALTA'),
(3, 'PRESTACION EN ALTA'),
(100, 'BAJA POR OTRAS CAUSAS'),
(101, 'EN BAJA POR FALLECIMIENTO'),
(102, 'EN BAJA POR SANCION'),
(103, 'BAJA POR OPCION POR OTRA PRESTACION'),
(104, 'BAJA POR ABSORCION'),
(105, 'BAJA POR NUPCIAS O PAREJA DE HECHO'),
(106, 'BAJA POR CONVIVENCIA MARITAL'),
(107, 'BAJA POR OPCION INDEMN. TANTO ALZADO'),
(108, 'EN BAJA POR CURACION'),
(109, 'BAJA POR DECLARAC. INVAL. PERMANENTE'),
(110, 'BAJA POR CONCESION PENSION JUBILACION'),
(111, 'BAJA POR PL MAXIMO AV-AR-YA-YE-LI-YP'),
(112, 'BAJA POR REALIZACION DE TRABAJOS'),
(113, 'BAJA POR PLAZO MAXIMO'),
(114, 'BAJA POR RESOLUCION JUDICIAL'),
(115, 'BAJA POR FALLECIM. SIN SABER FECHA'),
(116, 'BAJA POR DUPLICIDAD DE EXPEDIENTE'),
(117, 'BAJA POR RECONVERSION MINERIA(ART.22)'),
(118, 'BAJA POR ADOPCION HUERF. O TITULAR FF'),
(119, 'BAJA POR PASAR A EXPEDIEN. DEFINITIVO'),
(120, 'BAJA POR UNIFICACION DE PRESTACIONES'),
(121, 'BAJA POR DENEGACION INVALIDEZ PERMAN.'),
(122, 'BAJA POR RECONO. JUBIL. ORDIN. O ANTIC.'),
(126, 'EN BAJA POR AGOT. 2 AÑOS PREST.TEMPORAL'),
(130, 'BAJA POR NO REUNIR REQUISITOS LEGALES'),
(131, 'BAJA POR SUPERAR RECURSOS'),
(132, 'BAJA POR PERDIDA RESIDENCIA LEGAL ESPAÑA'),
(133, 'BAJA POR PERDIDA GRADO DE MINUSVALIA'),
(134, 'BAJA POR INCOMPATIBI.OTRA PRESTACION'),
(135, 'BAJA POR DESCENSO GRADO DE INCAPACIDAD'),
(140, 'BAJA POR MIGRACION'),
(141, 'BAJA POR RENUNCIA VOLUNTARIA AL DERECHO'),
(142, 'EXTINC.FIJO DISCONT.NO PRESENT.INI.ACTI'),
(143, 'BAJA DESPLAZAMIENTO PAISES COM.ECON.EUR'),
(144, 'BAJA PARTICIPACION CURSO SUBVENCIONADO'),
(145, 'BAJA POR REVOCACION ACUERDO ADMINISTRAT'),
(146, 'BAJA POR MATRIMONIO'),
(147, 'BAJA FICTICIA TRASLADO ANTES DE CARGA B'),
(148, 'BAJA CAUTELAR REGULARIZADA'),
(149, 'BAJA POR VENCIMIENTO PRESTACION'),
(150, 'BAJA POR PERDIDA APTITUD LEGAL'),
(151, 'BAJA POR TRASLADO'),
(152, 'BAJA JUBILACION PARCIAL POR REC. INCAPA'),
(153, 'BAJA POR INGRESOS SUPERIORES AL SMI'),
(154, 'BAJA JUB.PARC. EXTINC. CONTRATO TRABAJO'),
(155, 'BAJA EXTINCION POR TRANSCURSO DEL PLAZO'),
(199, 'BAJA POR CAUSA DESCONOCIDA'),
(200, 'PRESTACION SUSPENDIDA-PENDIENTE DE PROCESO O ANULADA');

-- --------------------------------------------------------

--
-- Estructura de tabla para la tabla `tipo_causa_baja_afi`
--

CREATE TABLE IF NOT EXISTS `tipo_causa_baja_afi` (
  `id` int(11) NOT NULL,
  `descripcion` varchar(256) NOT NULL,
  PRIMARY KEY (`id`)
) ENGINE=InnoDB DEFAULT CHARSET=latin1;

--
-- Volcado de datos para la tabla `tipo_causa_baja_afi`
--

INSERT INTO `tipo_causa_baja_afi` (`id`, `descripcion`) VALUES
(0, 'NO CONSTA'),
(51, 'DIMISIÓN/BAJA VOLUNTARIA DEL TRABAJADOR'),
(52, 'BAJA POR CESE DE ACTIVIDAD'),
(53, 'Baja despido disciplinario Individual'),
(54, 'BAJA NO VOLUNTARIA'),
(55, 'BAJA POR FUSIÓN O ABSORCIÓN DE EMPRESA'),
(56, 'BAJA POR FALLECIMIENTO'),
(58, 'BAJA POR PASE A LA SITUACIÓN DE PENSIONISTA'),
(60, 'BAJA DE OFICIO, REVISION, A INICIATIVA DE LA ADM.'),
(61, 'BAJA POR SERVICIO MILITAR'),
(63, 'Baja por excedencia voluntaria-forzosa'),
(64, 'BAJA POR HUELGA LEGAL O CIERRE PATRONAL (antigua)'),
(65, 'BAJA DEBIDA A IT Y A AGOTAMIENTO IT'),
(67, 'Baja por paro estacional'),
(68, 'BAJA EXCEDENCIA CUIDADO DE HIJOS'),
(69, 'SUSPENSIÓN TEMPORAL POR ERE'),
(73, 'BAJA EXCEDENCIA CUIDADO FAMILIARES'),
(74, 'BAJA POR SUSPENSIÓN DEL CONTRATO'),
(76, 'Baja excedencia violencia de género'),
(77, 'BAJA POR DESPIDO COLECTIVO'),
(80, 'Suspensión por violencia de género'),
(81, 'BAJA DE OFICIO POR REVISIÓN DE CIRCUNSTANCIAS DETERMINANTES DE LA INCLUSIÓN EN UN RÉGIMEN'),
(85, 'Baja por no superar el periodo de prueba'),
(91, 'BAJA. CAUSAS OBJ.EMPRESA Y OTRAS RELAT.EMPRESA'),
(92, 'BAJA CAUSAS OBJ.TRABAJADOR Y OTRAS RELAT.TRAB.'),
(93, 'BA JA FIN DE CONTRATO TEMPORAL O DE DURAC.DET.'),
(94, 'BAJA PASE A INACTIVIDAD DE FIJOS DISCONTINUOS'),
(96, 'BAJA POR MODIFICACIÓN CONTRATO O COEFICIENTE (antigua)'),
(99, 'OTRAS CAUSAS');

-- --------------------------------------------------------

--
-- Estructura de tabla para la tabla `tipo_coef_tiempo_parcial`
--

CREATE TABLE IF NOT EXISTS `tipo_coef_tiempo_parcial` (
  `id` int(11) NOT NULL,
  `descripcion` varchar(256) NOT NULL,
  PRIMARY KEY (`id`)
) ENGINE=InnoDB DEFAULT CHARSET=latin1;

--
-- Volcado de datos para la tabla `tipo_coef_tiempo_parcial`
--

INSERT INTO `tipo_coef_tiempo_parcial` (`id`, `descripcion`) VALUES
(1, 'Jornada completa'),
(2, 'Jornada parcial'),
(3, 'Jornada parcial corta'),
(4, 'Jornada parcial marginal');

-- --------------------------------------------------------

--
-- Estructura de tabla para la tabla `tipo_contrato`
--

CREATE TABLE IF NOT EXISTS `tipo_contrato` (
  `id` int(11) NOT NULL,
  `baja` tinyint(1) NOT NULL,
  `descripcion` varchar(256) NOT NULL,
  `agrupacion` int(11) NOT NULL,
  PRIMARY KEY (`id`),
  KEY `agrupacion` (`agrupacion`)
) ENGINE=InnoDB DEFAULT CHARSET=latin1;

--
-- Volcado de datos para la tabla `tipo_contrato`
--

INSERT INTO `tipo_contrato` (`id`, `baja`, `descripcion`, `agrupacion`) VALUES
(1, 1, 'ORDINARIO. INDEFINIDO. TIEMPO TOTAL.', 1),
(3, 1, 'ORDINARIO. INDEFINIDO. TIEMPO PARCIAL.', 1),
(4, 1, 'DURACION DETERMINADA. TIEMPO PARCIAL.', 1),
(5, 1, 'RELEVO. DURACION DETERMINADA.', 1),
(6, 1, 'PRACTICAS. DURACION DETERM. T.PARCIAL.', 1),
(7, 1, 'FORMACION R.D.1992/84 NO TODOS DIAS', 1),
(8, 1, 'CONTR.MAYOR 45 AÑOS(ANTERIORES A 8-4-92)', 1),
(9, 1, 'MINUSVALIDOS. INDEFINIDO. MENOR 45 AÑOS', 1),
(10, 1, 'SUST.ANTICIPACION EDAD JUB. DUR.DETERM.', 1),
(11, 1, 'TRANSFORMACIONES EN INDEFINIDOS.', 1),
(12, 1, 'CONVENIOS INEM-ADMON.CENTRAL.', 1),
(13, 1, 'CONVENIOS INEM-OTROS ORGANISMOS.', 1),
(14, 1, 'OBRA O SERVICIO. DURACION DETERMINADA.', 1),
(15, 1, 'EVENTUAL CIRCUNST. PRODUCCIøN. DUR.DETER', 1),
(16, 1, 'INTERNIDAD. DURACION DETERMINADA.', 1),
(17, 1, 'DUR.DET.RD.2104/84 LANZ.NUEVA ACTIV.', 1),
(18, 1, 'FIJO DISCONTINUO.', 1),
(19, 1, 'CONTR. NO COMPRENDIDO EN OTROS APARTADOS', 1),
(20, 1, 'CONTR.INDEF.RD.799/85 DESEMP.MENOR 26 AÑ', 1),
(22, 1, 'CONTR.TEMP.FOMENTO EMPLEO R.D.1989/84', 1),
(23, 1, 'T.PARC.T.IND.RD.1991/84 CON RED.JORNADA', 1),
(24, 1, 'T.PARC.T.DET.RD.1991/84 CON RED.JORNADA', 1),
(25, 1, 'T.PARC.RELEVO RD.1991/84 CON RED.JORNADA', 1),
(26, 1, 'PRACTICAS RD.1992/84 CON REDUC.JORNADA', 1),
(27, 1, 'FORMACION RD.1992/84 CON REDUC.JORNADA', 1),
(28, 1, 'INDEF.+45 AÑOS.DESEMP.A PARTIR DE 8-4-92', 1),
(29, 1, 'INCAPAC.. PERM. O PARCIALES READMITIDOS.', 1),
(30, 1, 'CONT.LEY 10/4 Y 42/94.DESEM.MAY.45 AñOS', 1),
(31, 1, 'CONT.LEY 10/4 Y 42/94.D.M.45 AñOS 1 T.EM', 1),
(32, 1, 'CONT.LEY 10/4 Y 42/94.D.ME.45 A.E.25 TRA', 1),
(33, 1, 'CONT.LEY 10/4 Y 42/94.D.ME.45 A.1 T.E.25', 1),
(34, 1, 'T.PARC.T.DET.RD.1991/84 JUBILAC.PARCIAL', 1),
(35, 1, 'FOM.EMP.EST 1999 T.COM.TRN.TEM INDEF -45', 1),
(36, 1, 'PRACTICAS RD.1992/84 T.TOTAL ANT. 8-4-92', 1),
(37, 1, 'FORMACION RD.1992/84 T.TOTAL ANT. 8-4-92', 1),
(38, 1, 'FOM.EMP.EST 1999 T.PAR.TRN.TEM.INDEF -45', 1),
(39, 1, 'MINUSVALIDO CENTRO ESPECIAL EMPLEO.', 1),
(40, 1, 'MAYOR 45 AÑOS. INDEFINIDO.', 1),
(41, 1, 'MENOR 30 AÑOS Y DESEMP.LARGA DUR. INDEF.', 1),
(42, 1, 'MUJER SUBREPRESENTADA. INDEFINIDO.', 1),
(43, 1, 'FOM.EMP.EST 1999 T. COMPLETO MUJER -30', 1),
(44, 1, 'CONT.INDEF.T.TOTAL RD.799/85 SOCIO COOP.', 1),
(45, 1, 'CONT.INDEF.RD.799/85 CONV.FINAL.C.RELEVO', 1),
(46, 1, 'CONT.INDEF.RD.799/85 CONV.FINAL.C.PRACT.', 1),
(47, 1, 'CONT.INDEF.RD.799/85 CONV.FINAL.C.FORMAC', 1),
(48, 1, 'CONT.INDEF.RD.799/85 CONV.MOD.ART.15 E.T', 1),
(49, 1, 'C.INDEF.T.TOT.MUJER OFICIO SUBR. D.22/92', 1),
(50, 1, 'FOM.EMP.EST 1999 T. COMPLETO HOMBRE +45', 1),
(51, 1, 'CONTR.DISP.DEROGADAS-MINUSVAL.EMP.PROTEG', 1),
(52, 1, 'CONTR.DISP.DEROGADAS-DESEMPL.MAY.40 AÑOS', 1),
(53, 1, 'FORM.RD.1992/84 T.TOT.SIN FP.-25.+8-4-92', 1),
(54, 1, 'FOR.RD.1992.MIN.T.TOT.SIN FP.-25.+8-4-92', 1),
(55, 1, 'FORM.RD.1992/84 T.TOT.CON FP.-25.+8-4-92', 1),
(56, 1, 'FOR.RD.1992.MIN.T.TOT.CON FP.-25.+8-4-92', 1),
(57, 1, 'FORM.RD.1992/84 T.TOT.CON FP.-25.-8-4-92', 1),
(58, 1, 'PRACTICAS RD.1992/84 T.TOTAL POST.8-4-92', 1),
(59, 1, 'MINUSVALIDOS. INDEFINIDO. MAYOR 45 AÑOS.', 1),
(60, 1, 'C. INDEF. T.TOT.RD.799-26.SUST.JUB.-1-6-88', 1),
(61, 1, 'C.INDEF.T.TOT.RD.799/85.SUST.JUB.-1-6-88', 1),
(62, 1, 'FOM.EMP.EST 1999 T. COMPLETO HOMBRE -30', 1),
(63, 1, 'FOM.EMP.EST 1999 TIEMPO PARCIAL -30 AÑOS', 1),
(64, 1, 'CONT.T.P.TEMP. - 12H/S - 48H/M', 1),
(65, 1, 'CONT. T.P. INDEF. -12H/S - 48H/M', 1),
(66, 1, 'FORM.RD.1992/84 T.TOT.SIN FP.+25.+8-4-92', 1),
(67, 1, 'FORM.RD.1992/84 T.TOT.SIN FP.+25.-8-4-92', 1),
(68, 1, 'FOR.RD.1992.MIN.T.TOT.SIN FP.+25.+8-4-92', 1),
(69, 1, 'MUJER C.INDEF.T.TOT.REINIC+5AÑOS L.22/92', 1),
(70, 1, 'JOVENES-25 AÑO CONT.INDEF.T.TOT. L.22/92', 1),
(71, 1, 'JOVENES-25/29 AÑOS C.INDEF.T.TOT.L.22/92', 1),
(72, 1, 'INTER.SUST.EXC.FAMIL.DUR.DET.T.TOT.1 AÑO', 1),
(73, 1, 'INTER.SUST.EXC.FAMIL.DUR.DET.T.PAR.1 AÑO', 1),
(74, 1, 'INT.SUST.EXC.MAT.1 AñO T.PAR.MEN.12 O 48', 1),
(75, 1, 'INTER.SUST.DESCANSO MATER. D.DETE.T.TOT.', 1),
(76, 1, 'INTER.SUST.DESCANSO MATER. D.DETE.T.PAR.', 1),
(77, 1, 'FORM.RD.1992/84.T.TOT.CON FP.+25.-8-4-92', 1),
(78, 1, 'FORM.RD.1992/84.T.TOT.CON FP.+25.+8-4-92', 1),
(79, 1, 'FOR.RD.1992.MIN.T.TOT.CON FP.+25.+8-4-92', 1),
(80, 1, 'FOM.EMP.1999 T.COM.DEMP.12 MESES HOMBRE', 1),
(81, 1, 'FOM.EMP. 1999 T.PARC.DESEMPLDS. 12 MESES', 1),
(82, 1, 'INTER.SUST.EXC.MATER.DUR.DET.T.TOT.2AÑOS', 1),
(83, 1, 'INTER.SUST.EXC.MATER.DUR.DET.T.PAR.2AÑOS', 1),
(84, 1, 'INT.SUS.EXC.MAT.2 A.TIE.PAR.ME.12 O 48H', 1),
(85, 1, 'FORMACIøN. DURACION DETERMINADA.', 1),
(86, 1, 'FOM.EMP.EST 1999 T. COMPLETO MUJER +45', 1),
(87, 1, 'APRENDIZAJE. DURACION DETERMINADA.', 1),
(88, 1, 'FOM.EMP. 1999 T.COMP.MUJERES SUBREPRESE', 1),
(89, 1, 'FOM.EMP. 1999 T.PARC.MUJERES SUBREPRESE', 1),
(90, 1, 'ADSCRIPCION TRAB.POR COLABORACION SOCIAL', 1),
(91, 1, 'FOM.EMP.1999 T.COM.DESEM.12 MESES MUJER', 1),
(92, 1, 'INTER.SUST.EXC.MATER.DUR.DET.T.TOT.3AÑOS', 1),
(93, 1, 'INTER.SUST.EXC.MATER.DUR.DET.T.PAR.3AÑOS', 1),
(94, 1, 'IN.SUS.EXC.MAT.3 AÑO TIE.PAR.M 12 O 48 H', 1),
(95, 1, 'CONTRATO A TIEMPO PARCIAL POR DIAS', 1),
(96, 1, 'PRAC.CON MINUSV.DURAC. 6 MESES A 2 AñOS', 1),
(97, 1, 'FORMACIÓN MINUSVALIDOS.', 1),
(98, 1, 'FOM.EMP.EST 1999 TIEMPO PARCIAL +45 AÑOS', 1),
(100, 0, 'INDEFINIDO.TIEMPO COMPLETO.ORDINARIO', 1),
(101, 1, 'FOM.EMP.EST 1999 T.COM.TRN.TEM.INDEF +45', 1),
(102, 1, 'FOM.EMP.EST 1999 T.PAR.TRN.TEM.INDEF +45', 1),
(109, 0, 'INDEF.T.COMP.TRANFORMADO, BONIFICADO', 1),
(130, 0, 'INDEF. TIEMPO COMPLETO. DISCAPACITADOS', 1),
(131, 1, 'INDEF.TIEMPO COMPL.MINUSV.CEE', 1),
(139, 0, 'INDEF.TIEMPO COMPL.DISCAPACIDAD, TRANSF.', 1),
(141, 1, 'INDEFINIDO. TIEMPO COMPLETO. RELEVO', 1),
(150, 0, 'INDEF. TIEMPO COMPL. INICIAL, BONIFICADO', 1),
(151, 1, 'INDEF.TIEMPO COMPL. EXCL.SOCIAL', 1),
(152, 1, 'INDEF.TIEMPO COMPL.INICIAL. FEE.SUBS.REA', 1),
(153, 1, 'IND.T.COMP.INIC.FEE.MUJER SUB.DES.12M+45', 1),
(154, 1, 'IND.T. COMPL.INICIAL. FEE.MUJER SUB.-45', 1),
(155, 1, 'IND.T.COMPL.INIC. FEE.+45.DES.12M. 1 TRA', 1),
(156, 1, 'IND.T. COMPL.INIC. FEE.-30.MSUB.1 TRAB', 1),
(157, 1, 'IND.TIEMPO COMPL. INICIAL FEE. EXC.SOCIAL', 1),
(181, 1, 'FOM.EMP.EST. 1999 FIJOS DISCONTINUOS -30', 1),
(182, 1, 'FOM.EMP.EST. 1999 FIJOS DISCONTINUOS +45', 1),
(183, 1, 'FOM.EMP.EST. 1999 FIJOS DISC.DESMPL 12 M', 1),
(184, 1, 'FOM.EMP.EST. 1999 FIJOS DISC. MUJER.SUBR', 1),
(185, 1, 'FOM.EMP.EST 1999 TRN.TEM. EN FIJ/DISC-45', 1),
(186, 1, 'FO.EM.ES.1999 T.PAR.FI/DI.TRN.TEM.IND+45', 1),
(189, 0, 'INDEF. TIEMPO COMPL. TRANSFORMADO, NO BONIFIC.', 1),
(200, 0, 'INDEFINIDO TIEMPO PARCIAL ORDINARIO', 1),
(209, 0, 'INDEF. TIEMPO PARC. TRANSFORMADO, BONIFICADO', 1),
(230, 0, 'INDEF. TIEMPO PARCIAL DISCAPACIDAD', 1),
(231, 1, 'INDEF.TIEMPO PARC.MINUSV.CEE', 1),
(239, 0, 'INDEF. TIEMPO PARC. DISCAPACIDAD TRANSF.', 1),
(241, 1, 'INDEFINIDO. TIEMPO PARCIAL. RELEVO', 1),
(250, 0, 'INDEF. TIEMPO PARC. INICIAL, BONIFICADO', 1),
(251, 1, 'INDEF.TIEMPO PARC. EXCL.SOCIAL', 1),
(252, 1, 'INDEF.TIEMPO PARC.INICIAL. FEE.SUBS.REA', 1),
(253, 1, 'IND.T.PARC.INIC.FEE.MUJER SUB.DES.12M+45', 1),
(254, 1, 'IND.T.PARC.INIC. FEE.MUJER SUB.-45', 1),
(255, 1, 'IND.T.PARC.INIC. FEE.+45.DES.12M.1TRAB', 1),
(256, 1, 'IND.T.PARC.INIC.FEE.-30.MSUB.1 TRAB', 1),
(257, 1, 'INDEF.TIEMPO PARC.INICIAL. FEE.EXC.SOCIA', 1),
(289, 0, 'INDEF. TIEMPO PARCIAL TRANSFORMADO, NO BONIFIC.', 1),
(300, 0, 'INDEFINIDO FIJO DISCONTINUO, NO BONIFICADO', 1),
(309, 0, 'INDEF. FIJO DISCONTINUO TRANSFORMADO, BONIFICADO', 1),
(330, 0, 'INDEF.FIJO DISCONTINUO, DISCAPACIDAD', 1),
(331, 1, 'INDEF. FIJO DISC.MINUSVALIDOS C.E.E.', 1),
(339, 0, 'INDEF. FIJO DISC.DISCAPAC.TRANSFORMACION', 1),
(350, 0, 'INDEF. FIJO DISCONT. INICIAL, BONIFICADO', 1),
(351, 1, 'INDEF.FIJO DISCONT.INICIAL.EXCLUIDO SOCI', 1),
(352, 1, 'INDEF.FIJO DISCONT.INICIAL. FEE.SUBS.REA', 1),
(353, 1, 'IND.F.DISC.INIC. FEE.MUJER SUB.DES.12M+4', 1),
(354, 1, 'IND.F.DISC.INIC. FEE.MUJER SUB.-45', 1),
(355, 1, 'IND.F.DISC.INIC. FEE.+45.DES.12M.1 TRAB', 1),
(356, 0, 'IND.F.DISC.INIC. FEE.-30.MSUB.1 TRAB', 1),
(357, 1, 'IND.F.DISC.INIC. FEE.EXC.SOCIAL', 1),
(389, 0, 'INDEF. FIJO DISCONT. TRANSFORMADO, NO BONIFICADO', 1),
(401, 0, 'TEMPORAL TIEMPO COMPLETO, OBRA O SERVICIO', 2),
(402, 0, 'TEMPORAL TIEMPO COMPL. EVENTUAL PRODUCCION', 2),
(403, 0, 'TEMPORAL TIEMPO COMPLETO INSERCION', 2),
(408, 0, 'TEMPORAL. T. COMPLETO. CARAC. ADMINISTRAT', 2),
(410, 0, 'TEMPORAL TIEMPO COMPLETO INTERINIDAD', 2),
(418, 0, 'TEMPORAL T.COMPL. INTERINIDAD. CAR. ADMINISTRATI.', 2),
(420, 0, 'TEMPORAL TIEMPO COMPLETO PRACTICAS', 2),
(421, 0, 'TEMPORAL TIEMPO COMPLETO FORMACIÓN', 2),
(430, 0, 'TEMPORAL TIEMPO COMPLETO DISCAPACIDAD', 2),
(431, 1, 'TEMP.TIEMPO COMPL.MINUSV.CEE', 2),
(441, 0, 'TEMPORAL TIEMPO COMPLETO RELEVO', 2),
(450, 0, 'TEMPORAL TIEMPO COMPLETO, BONIFICADO', 2),
(451, 1, 'TEMP.TIEMPO COMPL.EXCL.SOCIAL', 2),
(452, 1, 'TEMPORAL F. DEL EMPLEO, EMPRESAS DE INSERCIÓN', 2),
(457, 1, 'TEMP.TIEMPO COMP.INIC. FEE.EXC.SOCIAL', 2),
(500, 1, 'TEMPORAL.TIEMPO PARCIAL.ORDINARIO', 2),
(501, 0, 'TEMPORAL TIEMPO PARCIAL OBRA O SERVICIO', 2),
(502, 0, 'TEMPORAL TIEMPO PARCIAL EVENTUAL PRODUCCIÓN', 2),
(503, 0, 'TEMPORAL TIEMPO PARCIAL. INSERCION', 2),
(508, 0, 'TEMPORAL T.PARCIAL. CARACT. ADMINISTRATIVO', 2),
(510, 0, 'TEMPORAL TIEMPO PARC.INTERINIDAD', 2),
(518, 0, 'TEMPORAL T.PARCI. INTERINIDAD. CAR.ADMINISTRATI.', 2),
(520, 0, 'TEMPORAL TIEMPO PARCIAL PRACTICAS', 2),
(530, 0, 'TEMPORAL TIEMPO PARCIAL DISCAPACIDAD', 2),
(531, 1, 'TEMP.TIEMPO PARC.MINUSV.CEE', 2),
(540, 0, 'SITUACIÓN DE JUBILACIÓN PARCIAL', 2),
(541, 0, 'TEMPORAL TIEMPO PARCIAL RELEVO', 2),
(550, 0, 'TEMP. TIEMPO PARCIAL, BONIFICADO', 2),
(551, 1, 'TEMP.TIEMPO PARC.EXCL.SOCIAL', 2),
(552, 0, 'TEMPORAL TIEMPO PARCIAL INSERCIÓN', 2),
(557, 1, 'TEMP.TIEMPO PARC.INIC. FEE.EXC.SOCIAL', 2),
(990, 0, 'OTROS CONTRATOS NO BONIFICADOS', 2);

-- --------------------------------------------------------

--
-- Estructura de tabla para la tabla `tipo_documento`
--

CREATE TABLE IF NOT EXISTS `tipo_documento` (
  `id` varchar(2) NOT NULL,
  `descripcion` varchar(256) DEFAULT NULL,
  PRIMARY KEY (`id`)
) ENGINE=InnoDB DEFAULT CHARSET=latin1;

--
-- Volcado de datos para la tabla `tipo_documento`
--

INSERT INTO `tipo_documento` (`id`, `descripcion`) VALUES
('1', 'DNI (Documento Nacional de Identidad)'),
('2', 'Pasaporte'),
('3', 'Tarjeta de residente comunitario'),
('4', 'Permiso de residencia y trabajo'),
('5', 'Documentos varios (pensionistas extranjeros sin NIF/NIE, fundamentalmente)'),
('6', 'NIE (Número de Identificación de Extranjero)'),
('7', 'NAF (Número de afiliación a la Seguridad Social)'),
('8', 'Número de inscripción de autónomos'),
('9', 'CIF (Código ident. fiscal; usado en ausencia de otro identificador, como en el caso de menores de edad)'),
('A', 'Nro.de afiliación en el extranjero (se utiliza en comunicaciones dentro de la UE )'),
('L', 'Españoles sin DNI'),
('M', 'Extranjeros sin NIF/NIE'),
('T', 'Tutelado (pensionistas sin DNI, generalmente)');

-- --------------------------------------------------------

--
-- Estructura de tabla para la tabla `tipo_entidad_juridica`
--

CREATE TABLE IF NOT EXISTS `tipo_entidad_juridica` (
  `id` varchar(1) NOT NULL,
  `descripcion` varchar(256) NOT NULL,
  PRIMARY KEY (`id`)
) ENGINE=InnoDB DEFAULT CHARSET=latin1;

--
-- Volcado de datos para la tabla `tipo_entidad_juridica`
--

INSERT INTO `tipo_entidad_juridica` (`id`, `descripcion`) VALUES
('A', 'Sociedades anónimas'),
('B', 'Sociedades de responsabilidad limitada'),
('C', 'Sociedades colectivas'),
('D', 'Sociedades comanditarias'),
('E', 'Comunidades de bienes y herencias yacentes'),
('F', 'Sociedades cooperativas'),
('G', 'Asociaciones y otros tipos no definidos'),
('H', 'Comunidades de propietarios en régimen de propiedad horizontal'),
('J', 'Sociedades civiles, con o sin personalidad jurídica'),
('N', 'Entidades extranjeras'),
('P', 'Corporaciones Locales'),
('Q', 'Organismos públicos'),
('R', 'Congregaciones e instituciones religiosas'),
('S', 'Órganos de la Administración del Estado y de las CCAA'),
('U', 'Uniones Temporales de Empresas'),
('V', 'Otros tipos no definidos en el resto de claves'),
('W', 'Establecimientos permanentes de entidades no residentes en España');

-- --------------------------------------------------------

--
-- Estructura de tabla para la tabla `tipo_grupo_cotizacion`
--

CREATE TABLE IF NOT EXISTS `tipo_grupo_cotizacion` (
  `id` int(11) NOT NULL,
  `descripcion` varchar(256) NOT NULL,
  PRIMARY KEY (`id`)
) ENGINE=InnoDB DEFAULT CHARSET=latin1;

--
-- Volcado de datos para la tabla `tipo_grupo_cotizacion`
--

INSERT INTO `tipo_grupo_cotizacion` (`id`, `descripcion`) VALUES
(1, 'No manual cualificado'),
(2, 'No manual no cualificado'),
(3, 'Manual cualificado'),
(4, 'Manual no cualificado'),
(5, 'Otros');

-- --------------------------------------------------------

--
-- Estructura de tabla para la tabla `tipo_identificador_empleador`
--

CREATE TABLE IF NOT EXISTS `tipo_identificador_empleador` (
  `id` int(11) NOT NULL,
  `descripcion` varchar(256) NOT NULL,
  PRIMARY KEY (`id`)
) ENGINE=InnoDB DEFAULT CHARSET=latin1;

--
-- Volcado de datos para la tabla `tipo_identificador_empleador`
--

INSERT INTO `tipo_identificador_empleador` (`id`, `descripcion`) VALUES
(0, 'Otras personas físicas o empleadores individuales'),
(1, 'Documento Nacional de Identidad (DNI)'),
(2, 'Pasaporte'),
(3, 'Tarjeta de residente comunitario'),
(4, 'Permiso de residencia y trabajo'),
(5, 'Documentos varios'),
(6, 'Número de Identificación de Extranjero (NIE)'),
(7, 'Código de cuenta de cotización'),
(8, 'Número de inscripción de autónomo'),
(9, 'Nro. o Código de Identificación Fiscal NIF/CIF (Entidades Jurídicas)');

-- --------------------------------------------------------

--
-- Estructura de tabla para la tabla `tipo_prestacion`
--

CREATE TABLE IF NOT EXISTS `tipo_prestacion` (
  `id` int(11) NOT NULL,
  `descripcion` varchar(64) NOT NULL,
  PRIMARY KEY (`id`)
) ENGINE=InnoDB DEFAULT CHARSET=latin1;

--
-- Volcado de datos para la tabla `tipo_prestacion`
--

INSERT INTO `tipo_prestacion` (`id`, `descripcion`) VALUES
(1, 'Incapacidad mayores de 65'),
(2, 'Incapacidad'),
(3, 'Jubilación'),
(4, 'Viudedad'),
(5, 'Orfandad'),
(6, 'A favor de familiares');

-- --------------------------------------------------------

--
-- Estructura de tabla para la tabla `tipo_regimen_cotizacion`
--

CREATE TABLE IF NOT EXISTS `tipo_regimen_cotizacion` (
  `id` int(11) NOT NULL,
  `descripcion` varchar(256) NOT NULL,
  PRIMARY KEY (`id`)
) ENGINE=InnoDB DEFAULT CHARSET=latin1;

--
-- Volcado de datos para la tabla `tipo_regimen_cotizacion`
--

INSERT INTO `tipo_regimen_cotizacion` (`id`, `descripcion`) VALUES
(1, 'Régimen general'),
(2, 'Autónomos'),
(3, 'Régimen especial');

-- --------------------------------------------------------

--
-- Estructura de tabla para la tabla `tipo_relacion_laboral`
--

CREATE TABLE IF NOT EXISTS `tipo_relacion_laboral` (
  `id` int(11) NOT NULL,
  `descripcion` varchar(256) NOT NULL,
  PRIMARY KEY (`id`)
) ENGINE=InnoDB DEFAULT CHARSET=latin1;

--
-- Volcado de datos para la tabla `tipo_relacion_laboral`
--

INSERT INTO `tipo_relacion_laboral` (`id`, `descripcion`) VALUES
(0, 'No consta (no tienen peculiaridades en cotización)'),
(64, 'Contrato a tiempo parcial reducido'),
(87, 'Contrato de aprendizaje / formación'),
(300, 'Asistencia Sanitaria Concertada'),
(301, 'Asistencia Sanitaria Concertada menos farmacia'),
(302, 'Asistencia Sanitaria Medicina General, Pediatría, Puericultura, Servicio de Urgencia Ambulatoria'),
(303, 'Asistencia Sanitaria Servicio de Urgencia'),
(304, 'Asistencia Sanitaria Ambulatoria'),
(305, 'Asistencia Sanitaria Concertada con AT y EP, menos farmacia'),
(306, 'Asistencia Sanitaria Emigrantes'),
(307, 'Asistencia Sanitaria Concertada más AT y EP'),
(308, 'Asistencia Sanitaria Pensionistas clases pasivas'),
(309, 'Asistencia Sanitaria Concertada MUNPAL'),
(400, 'Tienen alguna peculiaridad por la que no se consideran alta laboral'),
(500, 'Tienen alguna peculiaridad que no impide considerarlas alta laboral'),
(751, 'Prestación desempleo (extinción contrato)'),
(752, 'Prestación desempleo (suspensión contrato)'),
(753, 'Subsidio desempleo >52/55 años o fijos discontinuos (extinción contrato)'),
(754, 'Subsidio desempleo >52/55 años o fijos discontinuos (suspensión contrato)'),
(755, 'Subsidio desempleo incluyendo agrario (extinción contrato)'),
(756, 'Subsidio desempleo (suspensión contrato)'),
(900, 'Funcionarios Interinos Administración Central de Estado'),
(901, 'Funcionarios y personal estatutario'),
(902, 'Funcionarios interinos'),
(903, 'Altos cargos, alcaldes. Excluidos de FOGASA'),
(904, 'Altos cargos, alcaldes. Excluidos de FOGASA y desempleo'),
(905, 'Trabajadores en Colaboración Social'),
(906, 'Alumnos Escuelas Formación Profesional'),
(907, 'Trabajadores extranjeros de países sin convenio bilateral'),
(909, 'Reclusos que realizan trabajos de aprendizaje o formación profesional'),
(910, 'Funcionarios procedentes de MUNPAL (Administración Local)'),
(911, 'Interino procedente de MUNPAL - no SNS -'),
(912, 'Funcionario Interino Régimen General situaciones especiales, cumplimiento del servicio militar o prestación del servicio social'),
(914, 'Agentes Auxiliares Unión Europea, Funcionarios españoles excluidos de desempleo'),
(915, 'Parlamentarios de Comunidades Autónomas procedentes de Régimen Especial de Trabajadores Autónomos'),
(916, 'Parlamentarios Cortes españolas, europeas y comunidades autónomas'),
(917, 'Ministerio de Defensa. Patronato Militar'),
(918, 'Ministerio de Interior. Patronato Militar-Mexc'),
(919, 'Mutualidad Previsión Sanitaria Nacional'),
(920, 'Funcionarios procedentes de la extinguida Administración del Movimiento'),
(922, 'Ministerio de Interior. Patronato Militar excluido de IT'),
(923, 'Convenio de amistad hispano-USA'),
(924, 'Trabajador trasladado al extranjero sin beneficiarios en España'),
(925, 'Trabajador en extranjero con beneficiarios en España'),
(926, 'Trabajadores Administración General Compañía Filipinas'),
(927, 'Maestranza aérea de Sevilla'),
(928, 'Hospital Universitario Valladolid. Estatutarios'),
(929, 'Hospital Universitario Valladolid. Interinos'),
(930, 'Socios trabajadores de cooperativas'),
(931, 'Reclusos con actividad laboral'),
(932, 'Personal estatutario temporal org. de Salud'),
(933, 'Becarios de investigación'),
(934, 'Funcionarios procedentes de MUNPAL -SNS935 Interinos procedentes de MUNPAL -SNS936 Penados en beneficio de la Comunidad'),
(935, 'Interinos procedentes de MUNPAL -SNS'),
(936, 'Penados en beneficio de la Comunidad'),
(937, 'Funcionarios de nuevo ingreso RDL 13/2010'),
(938, 'Alumno nuevo ingreso Ministerio de Defensa – RDL 13/2010'),
(939, 'Clero diocesano de la iglesia católica'),
(941, 'Ministros culto de la iglesia adventista y ferede'),
(942, 'Religiosos comunidades israelitas de España'),
(950, 'Armadores asimilados a trabajadores cuenta ajena Régimen Especial del Mar'),
(951, 'Consejeros administradores SMC/socios laborales'),
(953, 'Interinos de la Administración de Justicia'),
(954, 'Prácticos de puerto asimilados a cuenta ajena Régimen Especial de Trabajadores del Mar'),
(960, 'Trabajadores Extranjeros. Exclusión Cotización por Desempleo'),
(961, 'Convenio Japón AT/EP'),
(962, 'Convenio Corea AT/EP'),
(963, 'Convenio S.S. China'),
(970, 'Reconversión industrial cotización adicional al desempleo'),
(971, 'Reconversión industrial ayu equi jubilación anticipada'),
(972, 'Promoción ind cotiz adicional al desempleo'),
(980, 'Prorroga de incapacidad transitoria (antiguo)'),
(983, 'Cotización Desempleo Régimen Especial Agrario Cuenta Ajena Fijos IT/Maternidad'),
(984, 'Mesas electorales'),
(985, 'Trabajadores cuota obrera IT/Maternidad'),
(986, 'Programas de formación RD 1493/2011'),
(999, 'Otros');

-- --------------------------------------------------------

--
-- Estructura de tabla para la tabla `tipo_rel_entidades_autonomos`
--

CREATE TABLE IF NOT EXISTS `tipo_rel_entidades_autonomos` (
  `id` int(11) NOT NULL,
  `descripcion` varchar(256) NOT NULL,
  PRIMARY KEY (`id`)
) ENGINE=InnoDB DEFAULT CHARSET=latin1;

--
-- Volcado de datos para la tabla `tipo_rel_entidades_autonomos`
--

INSERT INTO `tipo_rel_entidades_autonomos` (`id`, `descripcion`) VALUES
(1, 'Socio de cooperativa o de empresa colectiva'),
(2, 'Miembro de órgano de admon.se s.merc.cap.'),
(3, 'Familiar de socio de sociedad merc.capit.'),
(4, 'Familiar colaborador titular explotación no bonifcado'),
(5, 'Institución religiosa'),
(6, 'Colegio profesional'),
(7, 'Trabajador autónomo dependiente (TRADE)'),
(8, 'Fam. colaborador titular explot. bonifcado'),
(50, 'Cambio temporal de encuadramiento. REA'),
(99, 'Sin relacion con soc.inst.u otros autonomos');

--
-- Restricciones para tablas volcadas
--

--
-- Filtros para la tabla `clase_prestacion`
--
ALTER TABLE `clase_prestacion`
  ADD CONSTRAINT `clase_prestacion_ibfk_1` FOREIGN KEY (`tipo_prestacion`) REFERENCES `tipo_prestacion` (`id`);

--
-- Filtros para la tabla `cnae93_2009`
--
ALTER TABLE `cnae93_2009`
  ADD CONSTRAINT `cnae93_2009_ibfk_1` FOREIGN KEY (`id_grupo`) REFERENCES `cnae2009_grupo` (`id`),
  ADD CONSTRAINT `cnae93_2009_ibfk_2` FOREIGN KEY (`id_macro`) REFERENCES `cnae2009_macro` (`id`);

--
-- Filtros para la tabla `cnae2009_division`
--
ALTER TABLE `cnae2009_division`
  ADD CONSTRAINT `cnae2009_division_ibfk_1` FOREIGN KEY (`id_seccion`) REFERENCES `cnae2009_seccion` (`id`);

--
-- Filtros para la tabla `cnae2009_grupo`
--
ALTER TABLE `cnae2009_grupo`
  ADD CONSTRAINT `cnae2009_grupo_ibfk_1` FOREIGN KEY (`id_division`) REFERENCES `cnae2009_division` (`id`);

--
-- Filtros para la tabla `coef_tiempo_parcial`
--
ALTER TABLE `coef_tiempo_parcial`
  ADD CONSTRAINT `coef_tiempo_parcial_ibfk_1` FOREIGN KEY (`tipo_coef_tiempo_parcial`) REFERENCES `tipo_coef_tiempo_parcial` (`id`);

--
-- Filtros para la tabla `grupo_cotizacion`
--
ALTER TABLE `grupo_cotizacion`
  ADD CONSTRAINT `grupo_cotizacion_ibfk_1` FOREIGN KEY (`tipo_grupo_cotizacion`) REFERENCES `tipo_grupo_cotizacion` (`id`);

--
-- Filtros para la tabla `municipio`
--
ALTER TABLE `municipio`
  ADD CONSTRAINT `municipio_ibfk_1` FOREIGN KEY (`id_comunidad_autonoma`) REFERENCES `comunidad_autonoma` (`id`),
  ADD CONSTRAINT `municipio_ibfk_2` FOREIGN KEY (`id_provincia`) REFERENCES `provincia` (`id`);

--
-- Filtros para la tabla `provincia`
--
ALTER TABLE `provincia`
  ADD CONSTRAINT `provincia_ibfk_1` FOREIGN KEY (`id_comunidad_autonoma`) REFERENCES `comunidad_autonoma` (`id`);

--
-- Filtros para la tabla `regimen_cotizacion`
--
ALTER TABLE `regimen_cotizacion`
  ADD CONSTRAINT `regimen_cotizacion_ibfk_1` FOREIGN KEY (`tipo`) REFERENCES `tipo_regimen_cotizacion` (`id`);

--
-- Filtros para la tabla `tipo_contrato`
--
ALTER TABLE `tipo_contrato`
  ADD CONSTRAINT `tipo_contrato_ibfk_1` FOREIGN KEY (`agrupacion`) REFERENCES `agrupacion_tipo_contrato` (`id`);

/*!40101 SET CHARACTER_SET_CLIENT=@OLD_CHARACTER_SET_CLIENT */;
/*!40101 SET CHARACTER_SET_RESULTS=@OLD_CHARACTER_SET_RESULTS */;
/*!40101 SET COLLATION_CONNECTION=@OLD_COLLATION_CONNECTION */;
